0.5
0.5
0.75
0.75
0.75
0.75
0.75
0.75
0.75
0.75
0.75
0.75
0.75
0.75
0.75
0.75
0.75
0.75
0.75
0.75
0.75
0.75
0.75
0.75
0.75
0.75
0.75
0.75
0.75
0.75
0.75
0.75
0.75
0.75
0.75
0.75
0.75
0.75
0.75
0.75
0.75
0.75
0.75
0.75
0.75
0.75
0.75
0.75
0.75
0.75
0.75
0.75
0.75
0.75
0.75
0.75
0.75
0.75
0.75
0.75
0.75
0.75
0.75
0.75
0.75
0.75
0.75
0.75
0.75
0.75
0.75
0.75
0.75
0.75
0.75
0.75
0.75
0.75
0.75
0.75
0.75
0.75
0.75
0.75
0.75
0.75
0.75
0.75
0.75
0.75
0.75
0.75
0.75
0.75
0.75
0.75
0.75
0.75
0.75
0.75
0.75
0.75
0.75
0.75
0.75
0.75
0.75
0.75
0.75
0.75
0.75
0.75
0.75
0.75
0.75
0.75
0.75
0.75
0.75
0.75
0.75
0.75
0.75
0.75
0.75
0.75
0.75
0.75
0.75
0.75
0.75
0.75
0.75
0.75
0.75
0.75
0.75
0.75
0.75
0.75
0.75
0.75
0.75
0.75
0.75
0.75
0.75
0.75
0.75
0.75
0.75
0.75
0.75
0.75
0.75
0.75
0.75
0.75
0.75
0.75
0.75
0.75
0.75
0.75
0.75
0.75
0.75
0.75
0.75
0.75
0.75
0.75
0.75
0.75
0.75
0.75
0.75
0.75
0.75
0.75
0.75
0.75
0.75
0.75
0.75
0.75
0.75
0.75
0.75
0.75
0.75
0.75
0.75
0.75
0.75
0.75
0.75
0.75
0.75
0.75
0.75
0.75
0.75
0.75
0.75
0.75
0.75
0.75
0.75
0.75
0.75
0.75
0.75
0.75
0.75
0.75
0.75
0.75
0.75
0.75
0.75
0.75
0.75
0.75
0.75
0.75
0.75
0.75
0.75
0.75
0.75
0.75
0.75
0.75
0.75
0.75
0.75
0.75
0.75
0.75
0.75
0.75
0.75
0.75
0.75
0.75
0.75
0.75
0.75
0.75
0.75
0.75
0.75
0.75
0.75
0.75
0.25
0.5
0.75
0.75
0.75
0.75
0.75
0.75
0.75
0.75
0.75
0.75
0.75
0.75
0.75
0.75
0.75
0.75
0.75
0.75
0.75
0.75
0.75
0.75
0.75
0.75
0.75
0.75
0.75
0.75
0.75
0.75
0.75
0.75
0.75
0.75
0.75
0.75
0.75
0.75
0.75
0.75
0.75
0.75
0.75
0.75
0.75
0.75
0.75
0.75
0.75
0.75
0.75
0.75
0.75
0.75
0.75
0.75
0.75
0.75
0.75
0.75
0.75
0.75
0.75
0.75
0.75
0.75
0.75
0.75
0.75
0.75
0.75
0.75
0.75
0.75
0.75
0.75
0.75
0.75
0.75
0.75
0.75
0.75
0.75
0.75
0.75
0.75
0.75
0.75
0.75
0.75
0.75
0.75
0.75
0.75
0.75
0.75
0.75
0.75
0.75
0.75
0.75
0.75
0.75
0.75
0.75
0.75
0.75
0.75
0.75
0.75
0.75
0.75
0.75
0.75
0.75
0.75
0.75
0.75
0.75
0.75
0.75
0.75
0.75
0.75
0.75
0.75
0.75
0.75
0.75
0.75
0.75
0.75
0.75
0.75
0.75
0.75
0.75
0.75
0.75
0.75
0.75
0.75
0.75
0.75
0.75
0.75
0.75
0.75
0.75
0.75
0.75
0.75
0.75
0.75
0.75
0.75
0.75
0.75
0.75
0.75
0.75
0.75
0.75
0.75
0.75
0.75
0.75
0.75
0.75
0.75
0.75
0.75
0.75
0.75
0.75
0.75
0.75
0.75
0.75
0.75
0.75
0.75
0.75
0.75
0.75
0.75
0.75
0.75
0.75
0.75
0.75
0.75
0.75
0.75
0.75
0.75
0.75
0.75
0.75
0.75
0.75
0.75
0.75
0.75
0.75
0.75
0.75
0.75
0.75
0.75
0.75
0.75
0.75
0.75
0.75
0.75
0.75
0.75
0.75
0.75
0.75
0.75
0.75
0.75
0.75
0.75
0.75
0.75
0.75
0.75
0.75
0.75
0.75
0.75
0.75
0.75
0.75
0.75
0.75
0.75
0.75
0.75
0.75
0.75
0.75
0.75
0.75
0.75
0.75
0.75
0.75
0.75
0.75
0.75
0.25
0.25
0.5
0.75
0.75
0.75
0.75
0.75
0.75
0.75
0.75
0.75
0.75
0.75
0.75
0.75
0.75
0.75
0.75
0.75
0.75
0.75
0.75
0.75
0.75
0.75
0.75
0.75
0.75
0.75
0.75
0.75
0.75
0.75
0.75
0.75
0.75
0.75
0.75
0.75
0.75
0.75
0.75
0.75
0.75
0.75
0.75
0.75
0.75
0.75
0.75
0.75
0.75
0.75
0.75
0.75
0.75
0.75
0.75
0.75
0.75
0.75
0.75
0.75
0.75
0.75
0.75
0.75
0.75
0.75
0.75
0.75
0.75
0.75
0.75
0.75
0.75
0.75
0.75
0.75
0.75
0.75
0.75
0.75
0.75
0.75
0.75
0.75
0.75
0.75
0.75
0.75
0.75
0.75
0.75
0.75
0.75
0.75
0.75
0.75
0.75
0.75
0.75
0.75
0.75
0.75
0.75
0.75
0.75
0.75
0.75
0.75
0.75
0.75
0.75
0.75
0.75
0.75
0.75
0.75
0.75
0.75
0.75
0.75
0.75
0.75
0.75
0.75
0.75
0.75
0.75
0.75
0.75
0.75
0.75
0.75
0.75
0.75
0.75
0.75
0.75
0.75
0.75
0.75
0.75
0.75
0.75
0.75
0.75
0.75
0.75
0.75
0.75
0.75
0.75
0.75
0.75
0.75
0.75
0.75
0.75
0.75
0.75
0.75
0.75
0.75
0.75
0.75
0.75
0.75
0.75
0.75
0.75
0.75
0.75
0.75
0.75
0.75
0.75
0.75
0.75
0.75
0.75
0.75
0.75
0.75
0.75
0.75
0.75
0.75
0.75
0.75
0.75
0.75
0.75
0.75
0.75
0.75
0.75
0.75
0.75
0.75
0.75
0.75
0.75
0.75
0.75
0.75
0.75
0.75
0.75
0.75
0.75
0.75
0.75
0.75
0.75
0.75
0.75
0.75
0.75
0.75
0.75
0.75
0.75
0.75
0.75
0.75
0.75
0.75
0.75
0.75
0.75
0.75
0.75
0.75
0.75
0.75
0.75
0.75
0.75
0.75
0.75
0.75
0.75
0.75
0.75
0.75
0.75
0.75
0.75
0.75
0.75
0.75
0.75
0.75
0.25
0.25
0.35416666666666663
0.5
0.64583333333333326
0.75
0.75
0.75
0.75
0.75
0.75
0.75
0.75
0.75
0.75
0.75
0.75
0.75
0.75
0.75
0.75
0.75
0.75
0.75
0.75
0.75
0.75
0.75
0.75
0.75
0.75
0.75
0.75
0.75
0.75
0.75
0.75
0.75
0.75
0.75
0.75
0.75
0.75
0.75
0.75
0.75
0.75
0.75
0.75
0.75
0.75
0.75
0.75
0.75
0.75
0.75
0.75
0.75
0.75
0.75
0.75
0.75
0.75
0.75
0.75
0.75
0.75
0.75
0.75
0.75
0.75
0.75
0.75
0.75
0.75
0.75
0.75
0.75
0.75
0.75
0.75
0.75
0.75
0.75
0.75
0.75
0.75
0.75
0.75
0.75
0.75
0.75
0.75
0.75
0.75
0.75
0.75
0.75
0.75
0.75
0.75
0.75
0.75
0.75
0.75
0.75
0.75
0.75
0.75
0.75
0.75
0.75
0.75
0.75
0.75
0.75
0.75
0.75
0.75
0.75
0.75
0.75
0.75
0.75
0.75
0.75
0.75
0.75
0.75
0.75
0.75
0.75
0.75
0.75
0.75
0.75
0.75
0.75
0.75
0.75
0.75
0.75
0.75
0.75
0.75
0.75
0.75
0.75
0.75
0.75
0.75
0.75
0.75
0.75
0.75
0.75
0.75
0.75
0.75
0.75
0.75
0.75
0.75
0.75
0.75
0.75
0.75
0.75
0.75
0.75
0.75
0.75
0.75
0.75
0.75
0.75
0.75
0.75
0.75
0.75
0.75
0.75
0.75
0.75
0.75
0.75
0.75
0.75
0.75
0.75
0.75
0.75
0.75
0.75
0.75
0.75
0.75
0.75
0.75
0.75
0.75
0.75
0.75
0.75
0.75
0.75
0.75
0.75
0.75
0.75
0.75
0.75
0.75
0.75
0.75
0.75
0.75
0.75
0.75
0.75
0.75
0.75
0.75
0.75
0.75
0.75
0.75
0.75
0.75
0.75
0.75
0.75
0.75
0.75
0.75
0.75
0.75
0.75
0.75
0.75
0.75
0.75
0.75
0.75
0.75
0.75
0.75
0.75
0.75
0.75
0.75
0.75
0.75
0.75
0.75
0.75
0.25
0.25
0.25
0.40625
0.5
0.59375
0.75
0.75
0.75
0.75
0.75
0.75
0.75
0.75
0.75
0.75
0.75
0.75
0.75
0.75
0.75
0.75
0.75
0.75
0.75
0.75
0.75
0.75
0.75
0.75
0.75
0.75
0.75
0.75
0.75
0.75
0.75
0.75
0.75
0.75
0.75
0.75
0.75
0.75
0.75
0.75
0.75
0.75
0.75
0.75
0.75
0.75
0.75
0.75
0.75
0.75
0.75
0.75
0.75
0.75
0.75
0.75
0.75
0.75
0.75
0.75
0.75
0.75
0.75
0.75
0.75
0.75
0.75
0.75
0.75
0.75
0.75
0.75
0.75
0.75
0.75
0.75
0.75
0.75
0.75
0.75
0.75
0.75
0.75
0.75
0.75
0.75
0.75
0.75
0.75
0.75
0.75
0.75
0.75
0.75
0.75
0.75
0.75
0.75
0.75
0.75
0.75
0.75
0.75
0.75
0.75
0.75
0.75
0.75
0.75
0.75
0.75
0.75
0.75
0.75
0.75
0.75
0.75
0.75
0.75
0.75
0.75
0.75
0.75
0.75
0.75
0.75
0.75
0.75
0.75
0.75
0.75
0.75
0.75
0.75
0.75
0.75
0.75
0.75
0.75
0.75
0.75
0.75
0.75
0.75
0.75
0.75
0.75
0.75
0.75
0.75
0.75
0.75
0.75
0.75
0.75
0.75
0.75
0.75
0.75
0.75
0.75
0.75
0.75
0.75
0.75
0.75
0.75
0.75
0.75
0.75
0.75
0.75
0.75
0.75
0.75
0.75
0.75
0.75
0.75
0.75
0.75
0.75
0.75
0.75
0.75
0.75
0.75
0.75
0.75
0.75
0.75
0.75
0.75
0.75
0.75
0.75
0.75
0.75
0.75
0.75
0.75
0.75
0.75
0.75
0.75
0.75
0.75
0.75
0.75
0.75
0.75
0.75
0.75
0.75
0.75
0.75
0.75
0.75
0.75
0.75
0.75
0.75
0.75
0.75
0.75
0.75
0.75
0.75
0.75
0.75
0.75
0.75
0.75
0.75
0.75
0.75
0.75
0.75
0.75
0.75
0.75
0.75
0.75
0.75
0.75
0.75
0.75
0.75
0.75
0.75
0.25
0.25
0.25
0.3125
0.4375
0.5
0.56249999999999989
0.68749999999999989
0.75
0.75
0.75
0.75
0.75
0.75
0.75
0.75
0.75
0.75
0.75
0.75
0.75
0.75
0.75
0.75
0.75
0.75
0.75
0.75
0.75
0.75
0.75
0.75
0.75
0.75
0.75
0.75
0.75
0.75
0.75
0.75
0.75
0.75
0.75
0.75
0.75
0.75
0.75
0.75
0.75
0.75
0.75
0.75
0.75
0.75
0.75
0.75
0.75
0.75
0.75
0.75
0.75
0.75
0.75
0.75
0.75
0.75
0.75
0.75
0.75
0.75
0.75
0.75
0.75
0.75
0.75
0.75
0.75
0.75
0.75
0.75
0.75
0.75
0.75
0.75
0.75
0.75
0.75
0.75
0.75
0.75
0.75
0.75
0.75
0.75
0.75
0.75
0.75
0.75
0.75
0.75
0.75
0.75
0.75
0.75
0.75
0.75
0.75
0.75
0.75
0.75
0.75
0.75
0.75
0.75
0.75
0.75
0.75
0.75
0.75
0.75
0.75
0.75
0.75
0.75
0.75
0.75
0.75
0.75
0.75
0.75
0.75
0.75
0.75
0.75
0.75
0.75
0.75
0.75
0.75
0.75
0.75
0.75
0.75
0.75
0.75
0.75
0.75
0.75
0.75
0.75
0.75
0.75
0.75
0.75
0.75
0.75
0.75
0.75
0.75
0.75
0.75
0.75
0.75
0.75
0.75
0.75
0.75
0.75
0.75
0.75
0.75
0.75
0.75
0.75
0.75
0.75
0.75
0.75
0.75
0.75
0.75
0.75
0.75
0.75
0.75
0.75
0.75
0.75
0.75
0.75
0.75
0.75
0.75
0.75
0.75
0.75
0.75
0.75
0.75
0.75
0.75
0.75
0.75
0.75
0.75
0.75
0.75
0.75
0.75
0.75
0.75
0.75
0.75
0.75
0.75
0.75
0.75
0.75
0.75
0.75
0.75
0.75
0.75
0.75
0.75
0.75
0.75
0.75
0.75
0.75
0.75
0.75
0.75
0.75
0.75
0.75
0.75
0.75
0.75
0.75
0.75
0.75
0.75
0.75
0.75
0.75
0.75
0.75
0.75
0.75
0.75
0.75
0.75
0.75
0.75
0.75
0.25
0.25
0.25
0.25
0.35416666666666663
0.45833333333333337
0.5
0.54166666666666663
0.64583333333333326
0.75
0.75
0.75
0.75
0.75
0.75
0.75
0.75
0.75
0.75
0.75
0.75
0.75
0.75
0.75
0.75
0.75
0.75
0.75
0.75
0.75
0.75
0.75
0.75
0.75
0.75
0.75
0.75
0.75
0.75
0.75
0.75
0.75
0.75
0.75
0.75
0.75
0.75
0.75
0.75
0.75
0.75
0.75
0.75
0.75
0.75
0.75
0.75
0.75
0.75
0.75
0.75
0.75
0.75
0.75
0.75
0.75
0.75
0.75
0.75
0.75
0.75
0.75
0.75
0.75
0.75
0.75
0.75
0.75
0.75
0.75
0.75
0.75
0.75
0.75
0.75
0.75
0.75
0.75
0.75
0.75
0.75
0.75
0.75
0.75
0.75
0.75
0.75
0.75
0.75
0.75
0.75
0.75
0.75
0.75
0.75
0.75
0.75
0.75
0.75
0.75
0.75
0.75
0.75
0.75
0.75
0.75
0.75
0.75
0.75
0.75
0.75
0.75
0.75
0.75
0.75
0.75
0.75
0.75
0.75
0.75
0.75
0.75
0.75
0.75
0.75
0.75
0.75
0.75
0.75
0.75
0.75
0.75
0.75
0.75
0.75
0.75
0.75
0.75
0.75
0.75
0.75
0.75
0.75
0.75
0.75
0.75
0.75
0.75
0.75
0.75
0.75
0.75
0.75
0.75
0.75
0.75
0.75
0.75
0.75
0.75
0.75
0.75
0.75
0.75
0.75
0.75
0.75
0.75
0.75
0.75
0.75
0.75
0.75
0.75
0.75
0.75
0.75
0.75
0.75
0.75
0.75
0.75
0.75
0.75
0.75
0.75
0.75
0.75
0.75
0.75
0.75
0.75
0.75
0.75
0.75
0.75
0.75
0.75
0.75
0.75
0.75
0.75
0.75
0.75
0.75
0.75
0.75
0.75
0.75
0.75
0.75
0.75
0.75
0.75
0.75
0.75
0.75
0.75
0.75
0.75
0.75
0.75
0.75
0.75
0.75
0.75
0.75
0.75
0.75
0.75
0.75
0.75
0.75
0.75
0.75
0.75
0.75
0.75
0.75
0.75
0.75
0.75
0.75
0.75
0.75
0.75
0.25
0.25
0.25
0.25
0.2946428571428571
0.3839285714285714
0.4732142857142857
0.5
0.52678571428571419
0.6160714285714286
0.7053571428571429
0.75
0.75
0.75
0.75
0.75
0.75
0.75
0.75
0.75
0.75
0.75
0.75
0.75
0.75
0.75
0.75
0.75
0.75
0.75
0.75
0.75
0.75
0.75
0.75
0.75
0.75
0.75
0.75
0.75
0.75
0.75
0.75
0.75
0.75
0.75
0.75
0.75
0.75
0.75
0.75
0.75
0.75
0.75
0.75
0.75
0.75
0.75
0.75
0.75
0.75
0.75
0.75
0.75
0.75
0.75
0.75
0.75
0.75
0.75
0.75
0.75
0.75
0.75
0.75
0.75
0.75
0.75
0.75
0.75
0.75
0.75
0.75
0.75
0.75
0.75
0.75
0.75
0.75
0.75
0.75
0.75
0.75
0.75
0.75
0.75
0.75
0.75
0.75
0.75
0.75
0.75
0.75
0.75
0.75
0.75
0.75
0.75
0.75
0.75
0.75
0.75
0.75
0.75
0.75
0.75
0.75
0.75
0.75
0.75
0.75
0.75
0.75
0.75
0.75
0.75
0.75
0.75
0.75
0.75
0.75
0.75
0.75
0.75
0.75
0.75
0.75
0.75
0.75
0.75
0.75
0.75
0.75
0.75
0.75
0.75
0.75
0.75
0.75
0.75
0.75
0.75
0.75
0.75
0.75
0.75
0.75
0.75
0.75
0.75
0.75
0.75
0.75
0.75
0.75
0.75
0.75
0.75
0.75
0.75
0.75
0.75
0.75
0.75
0.75
0.75
0.75
0.75
0.75
0.75
0.75
0.75
0.75
0.75
0.75
0.75
0.75
0.75
0.75
0.75
0.75
0.75
0.75
0.75
0.75
0.75
0.75
0.75
0.75
0.75
0.75
0.75
0.75
0.75
0.75
0.75
0.75
0.75
0.75
0.75
0.75
0.75
0.75
0.75
0.75
0.75
0.75
0.75
0.75
0.75
0.75
0.75
0.75
0.75
0.75
0.75
0.75
0.75
0.75
0.75
0.75
0.75
0.75
0.75
0.75
0.75
0.75
0.75
0.75
0.75
0.75
0.75
0.75
0.75
0.75
0.75
0.75
0.75
0.75
0.75
0.75
0.75
0.75
0.75
0.75
0.75
0.25
0.25
0.25
0.25
0.25
0.328125
0.40625
0.484375
0.5
0.515625
0.59375
0.671875
0.75
0.75
0.75
0.75
0.75
0.75
0.75
0.75
0.75
0.75
0.75
0.75
0.75
0.75
0.75
0.75
0.75
0.75
0.75
0.75
0.75
0.75
0.75
0.75
0.75
0.75
0.75
0.75
0.75
0.75
0.75
0.75
0.75
0.75
0.75
0.75
0.75
0.75
0.75
0.75
0.75
0.75
0.75
0.75
0.75
0.75
0.75
0.75
0.75
0.75
0.75
0.75
0.75
0.75
0.75
0.75
0.75
0.75
0.75
0.75
0.75
0.75
0.75
0.75
0.75
0.75
0.75
0.75
0.75
0.75
0.75
0.75
0.75
0.75
0.75
0.75
0.75
0.75
0.75
0.75
0.75
0.75
0.75
0.75
0.75
0.75
0.75
0.75
0.75
0.75
0.75
0.75
0.75
0.75
0.75
0.75
0.75
0.75
0.75
0.75
0.75
0.75
0.75
0.75
0.75
0.75
0.75
0.75
0.75
0.75
0.75
0.75
0.75
0.75
0.75
0.75
0.75
0.75
0.75
0.75
0.75
0.75
0.75
0.75
0.75
0.75
0.75
0.75
0.75
0.75
0.75
0.75
0.75
0.75
0.75
0.75
0.75
0.75
0.75
0.75
0.75
0.75
0.75
0.75
0.75
0.75
0.75
0.75
0.75
0.75
0.75
0.75
0.75
0.75
0.75
0.75
0.75
0.75
0.75
0.75
0.75
0.75
0.75
0.75
0.75
0.75
0.75
0.75
0.75
0.75
0.75
0.75
0.75
0.75
0.75
0.75
0.75
0.75
0.75
0.75
0.75
0.75
0.75
0.75
0.75
0.75
0.75
0.75
0.75
0.75
0.75
0.75
0.75
0.75
0.75
0.75
0.75
0.75
0.75
0.75
0.75
0.75
0.75
0.75
0.75
0.75
0.75
0.75
0.75
0.75
0.75
0.75
0.75
0.75
0.75
0.75
0.75
0.75
0.75
0.75
0.75
0.75
0.75
0.75
0.75
0.75
0.75
0.75
0.75
0.75
0.75
0.75
0.75
0.75
0.75
0.75
0.75
0.75
0.75
0.75
0.75
0.75
0.75
0.75
0.25
0.25
0.25
0.25
0.25
0.28472222222222221
0.35416666666666663
0.4236111111111111
0.49305555555555552
0.5
0.50694444444444442
0.57638888888888895
0.64583333333333326
0.71527777777777779
0.75
0.75
0.75
0.75
0.75
0.75
0.75
0.75
0.75
0.75
0.75
0.75
0.75
0.75
0.75
0.75
0.75
0.75
0.75
0.75
0.75
0.75
0.75
0.75
0.75
0.75
0.75
0.75
0.75
0.75
0.75
0.75
0.75
0.75
0.75
0.75
0.75
0.75
0.75
0.75
0.75
0.75
0.75
0.75
0.75
0.75
0.75
0.75
0.75
0.75
0.75
0.75
0.75
0.75
0.75
0.75
0.75
0.75
0.75
0.75
0.75
0.75
0.75
0.75
0.75
0.75
0.75
0.75
0.75
0.75
0.75
0.75
0.75
0.75
0.75
0.75
0.75
0.75
0.75
0.75
0.75
0.75
0.75
0.75
0.75
0.75
0.75
0.75
0.75
0.75
0.75
0.75
0.75
0.75
0.75
0.75
0.75
0.75
0.75
0.75
0.75
0.75
0.75
0.75
0.75
0.75
0.75
0.75
0.75
0.75
0.75
0.75
0.75
0.75
0.75
0.75
0.75
0.75
0.75
0.75
0.75
0.75
0.75
0.75
0.75
0.75
0.75
0.75
0.75
0.75
0.75
0.75
0.75
0.75
0.75
0.75
0.75
0.75
0.75
0.75
0.75
0.75
0.75
0.75
0.75
0.75
0.75
0.75
0.75
0.75
0.75
0.75
0.75
0.75
0.75
0.75
0.75
0.75
0.75
0.75
0.75
0.75
0.75
0.75
0.75
0.75
0.75
0.75
0.75
0.75
0.75
0.75
0.75
0.75
0.75
0.75
0.75
0.75
0.75
0.75
0.75
0.75
0.75
0.75
0.75
0.75
0.75
0.75
0.75
0.75
0.75
0.75
0.75
0.75
0.75
0.75
0.75
0.75
0.75
0.75
0.75
0.75
0.75
0.75
0.75
0.75
0.75
0.75
0.75
0.75
0.75
0.75
0.75
0.75
0.75
0.75
0.75
0.75
0.75
0.75
0.75
0.75
0.75
0.75
0.75
0.75
0.75
0.75
0.75
0.75
0.75
0.75
0.75
0.75
0.75
0.75
0.75
0.75
0.75
0.75
0.75
0.75
0.25
0.25
0.25
0.25
0.25
0.25
0.3125
0.375
0.4375
0.5
0.5
0.5
0.56249999999999989
0.625
0.68749999999999989
0.75
0.75
0.75
0.75
0.75
0.75
0.75
0.75
0.75
0.75
0.75
0.75
0.75
0.75
0.75
0.75
0.75
0.75
0.75
0.75
0.75
0.75
0.75
0.75
0.75
0.75
0.75
0.75
0.75
0.75
0.75
0.75
0.75
0.75
0.75
0.75
0.75
0.75
0.75
0.75
0.75
0.75
0.75
0.75
0.75
0.75
0.75
0.75
0.75
0.75
0.75
0.75
0.75
0.75
0.75
0.75
0.75
0.75
0.75
0.75
0.75
0.75
0.75
0.75
0.75
0.75
0.75
0.75
0.75
0.75
0.75
0.75
0.75
0.75
0.75
0.75
0.75
0.75
0.75
0.75
0.75
0.75
0.75
0.75
0.75
0.75
0.75
0.75
0.75
0.75
0.75
0.75
0.75
0.75
0.75
0.75
0.75
0.75
0.75
0.75
0.75
0.75
0.75
0.75
0.75
0.75
0.75
0.75
0.75
0.75
0.75
0.75
0.75
0.75
0.75
0.75
0.75
0.75
0.75
0.75
0.75
0.75
0.75
0.75
0.75
0.75
0.75
0.75
0.75
0.75
0.75
0.75
0.75
0.75
0.75
0.75
0.75
0.75
0.75
0.75
0.75
0.75
0.75
0.75
0.75
0.75
0.75
0.75
0.75
0.75
0.75
0.75
0.75
0.75
0.75
0.75
0.75
0.75
0.75
0.75
0.75
0.75
0.75
0.75
0.75
0.75
0.75
0.75
0.75
0.75
0.75
0.75
0.75
0.75
0.75
0.75
0.75
0.75
0.75
0.75
0.75
0.75
0.75
0.75
0.75
0.75
0.75
0.75
0.75
0.75
0.75
0.75
0.75
0.75
0.75
0.75
0.75
0.75
0.75
0.75
0.75
0.75
0.75
0.75
0.75
0.75
0.75
0.75
0.75
0.75
0.75
0.75
0.75
0.75
0.75
0.75
0.75
0.75
0.75
0.75
0.75
0.75
0.75
0.75
0.75
0.75
0.75
0.75
0.75
0.75
0.75
0.75
0.75
0.75
0.75
0.75
0.75
0.75
0.75
0.75
0.75
0.25
0.25
0.25
0.25
0.25
0.25
0.27840909090909088
0.33522727272727271
0.39204545454545459
0.44886363636363635
0.5
0.5
0.5
0.55113636363636365
0.60795454545454541
0.66477272727272718
0.72159090909090917
0.75
0.75
0.75
0.75
0.75
0.75
0.75
0.75
0.75
0.75
0.75
0.75
0.75
0.75
0.75
0.75
0.75
0.75
0.75
0.75
0.75
0.75
0.75
0.75
0.75
0.75
0.75
0.75
0.75
0.75
0.75
0.75
0.75
0.75
0.75
0.75
0.75
0.75
0.75
0.75
0.75
0.75
0.75
0.75
0.75
0.75
0.75
0.75
0.75
0.75
0.75
0.75
0.75
0.75
0.75
0.75
0.75
0.75
0.75
0.75
0.75
0.75
0.75
0.75
0.75
0.75
0.75
0.75
0.75
0.75
0.75
0.75
0.75
0.75
0.75
0.75
0.75
0.75
0.75
0.75
0.75
0.75
0.75
0.75
0.75
0.75
0.75
0.75
0.75
0.75
0.75
0.75
0.75
0.75
0.75
0.75
0.75
0.75
0.75
0.75
0.75
0.75
0.75
0.75
0.75
0.75
0.75
0.75
0.75
0.75
0.75
0.75
0.75
0.75
0.75
0.75
0.75
0.75
0.75
0.75
0.75
0.75
0.75
0.75
0.75
0.75
0.75
0.75
0.75
0.75
0.75
0.75
0.75
0.75
0.75
0.75
0.75
0.75
0.75
0.75
0.75
0.75
0.75
0.75
0.75
0.75
0.75
0.75
0.75
0.75
0.75
0.75
0.75
0.75
0.75
0.75
0.75
0.75
0.75
0.75
0.75
0.75
0.75
0.75
0.75
0.75
0.75
0.75
0.75
0.75
0.75
0.75
0.75
0.75
0.75
0.75
0.75
0.75
0.75
0.75
0.75
0.75
0.75
0.75
0.75
0.75
0.75
0.75
0.75
0.75
0.75
0.75
0.75
0.75
0.75
0.75
0.75
0.75
0.75
0.75
0.75
0.75
0.75
0.75
0.75
0.75
0.75
0.75
0.75
0.75
0.75
0.75
0.75
0.75
0.75
0.75
0.75
0.75
0.75
0.75
0.75
0.75
0.75
0.75
0.75
0.75
0.75
0.75
0.75
0.75
0.75
0.75
0.75
0.75
0.75
0.75
0.75
0.75
0.75
0.25
0.25
0.25
0.25
0.25
0.25
0.25
0.30208333333333337
0.35416666666666663
0.40625
0.45833333333333337
0.5
0.5
0.5
0.54166666666666663
0.59375
0.64583333333333326
0.69791666666666674
0.75
0.75
0.75
0.75
0.75
0.75
0.75
0.75
0.75
0.75
0.75
0.75
0.75
0.75
0.75
0.75
0.75
0.75
0.75
0.75
0.75
0.75
0.75
0.75
0.75
0.75
0.75
0.75
0.75
0.75
0.75
0.75
0.75
0.75
0.75
0.75
0.75
0.75
0.75
0.75
0.75
0.75
0.75
0.75
0.75
0.75
0.75
0.75
0.75
0.75
0.75
0.75
0.75
0.75
0.75
0.75
0.75
0.75
0.75
0.75
0.75
0.75
0.75
0.75
0.75
0.75
0.75
0.75
0.75
0.75
0.75
0.75
0.75
0.75
0.75
0.75
0.75
0.75
0.75
0.75
0.75
0.75
0.75
0.75
0.75
0.75
0.75
0.75
0.75
0.75
0.75
0.75
0.75
0.75
0.75
0.75
0.75
0.75
0.75
0.75
0.75
0.75
0.75
0.75
0.75
0.75
0.75
0.75
0.75
0.75
0.75
0.75
0.75
0.75
0.75
0.75
0.75
0.75
0.75
0.75
0.75
0.75
0.75
0.75
0.75
0.75
0.75
0.75
0.75
0.75
0.75
0.75
0.75
0.75
0.75
0.75
0.75
0.75
0.75
0.75
0.75
0.75
0.75
0.75
0.75
0.75
0.75
0.75
0.75
0.75
0.75
0.75
0.75
0.75
0.75
0.75
0.75
0.75
0.75
0.75
0.75
0.75
0.75
0.75
0.75
0.75
0.75
0.75
0.75
0.75
0.75
0.75
0.75
0.75
0.75
0.75
0.75
0.75
0.75
0.75
0.75
0.75
0.75
0.75
0.75
0.75
0.75
0.75
0.75
0.75
0.75
0.75
0.75
0.75
0.75
0.75
0.75
0.75
0.75
0.75
0.75
0.75
0.75
0.75
0.75
0.75
0.75
0.75
0.75
0.75
0.75
0.75
0.75
0.75
0.75
0.75
0.75
0.75
0.75
0.75
0.75
0.75
0.75
0.75
0.75
0.75
0.75
0.75
0.75
0.75
0.75
0.75
0.75
0.75
0.75
0.75
0.75
0.75
0.25
0.25
0.25
0.25
0.25
0.25
0.25
0.27403846153846151
0.32211538461538464
0.37019230769230771
0.41826923076923078
0.46634615384615385
0.5
0.5
0.5
0.53365384615384603
0.58173076923076927
0.62980769230769229
0.67788461538461531
0.72596153846153844
0.75
0.75
0.75
0.75
0.75
0.75
0.75
0.75
0.75
0.75
0.75
0.75
0.75
0.75
0.75
0.75
0.75
0.75
0.75
0.75
0.75
0.75
0.75
0.75
0.75
0.75
0.75
0.75
0.75
0.75
0.75
0.75
0.75
0.75
0.75
0.75
0.75
0.75
0.75
0.75
0.75
0.75
0.75
0.75
0.75
0.75
0.75
0.75
0.75
0.75
0.75
0.75
0.75
0.75
0.75
0.75
0.75
0.75
0.75
0.75
0.75
0.75
0.75
0.75
0.75
0.75
0.75
0.75
0.75
0.75
0.75
0.75
0.75
0.75
0.75
0.75
0.75
0.75
0.75
0.75
0.75
0.75
0.75
0.75
0.75
0.75
0.75
0.75
0.75
0.75
0.75
0.75
0.75
0.75
0.75
0.75
0.75
0.75
0.75
0.75
0.75
0.75
0.75
0.75
0.75
0.75
0.75
0.75
0.75
0.75
0.75
0.75
0.75
0.75
0.75
0.75
0.75
0.75
0.75
0.75
0.75
0.75
0.75
0.75
0.75
0.75
0.75
0.75
0.75
0.75
0.75
0.75
0.75
0.75
0.75
0.75
0.75
0.75
0.75
0.75
0.75
0.75
0.75
0.75
0.75
0.75
0.75
0.75
0.75
0.75
0.75
0.75
0.75
0.75
0.75
0.75
0.75
0.75
0.75
0.75
0.75
0.75
0.75
0.75
0.75
0.75
0.75
0.75
0.75
0.75
0.75
0.75
0.75
0.75
0.75
0.75
0.75
0.75
0.75
0.75
0.75
0.75
0.75
0.75
0.75
0.75
0.75
0.75
0.75
0.75
0.75
0.75
0.75
0.75
0.75
0.75
0.75
0.75
0.75
0.75
0.75
0.75
0.75
0.75
0.75
0.75
0.75
0.75
0.75
0.75
0.75
0.75
0.75
0.75
0.75
0.75
0.75
0.75
0.75
0.75
0.75
0.75
0.75
0.75
0.75
0.75
0.75
0.75
0.75
0.75
0.75
0.75
0.75
0.75
0.75
0.75
0.25
0.25
0.25
0.25
0.25
0.25
0.25
0.25
0.2946428571428571
0.3392857142857143
0.3839285714285714
0.42857142857142855
0.4732142857142857
0.5
0.5
0.5
0.52678571428571419
0.57142857142857129
0.6160714285714286
0.6607142857142857
0.7053571428571429
0.75
0.75
0.75
0.75
0.75
0.75
0.75
0.75
0.75
0.75
0.75
0.75
0.75
0.75
0.75
0.75
0.75
0.75
0.75
0.75
0.75
0.75
0.75
0.75
0.75
0.75
0.75
0.75
0.75
0.75
0.75
0.75
0.75
0.75
0.75
0.75
0.75
0.75
0.75
0.75
0.75
0.75
0.75
0.75
0.75
0.75
0.75
0.75
0.75
0.75
0.75
0.75
0.75
0.75
0.75
0.75
0.75
0.75
0.75
0.75
0.75
0.75
0.75
0.75
0.75
0.75
0.75
0.75
0.75
0.75
0.75
0.75
0.75
0.75
0.75
0.75
0.75
0.75
0.75
0.75
0.75
0.75
0.75
0.75
0.75
0.75
0.75
0.75
0.75
0.75
0.75
0.75
0.75
0.75
0.75
0.75
0.75
0.75
0.75
0.75
0.75
0.75
0.75
0.75
0.75
0.75
0.75
0.75
0.75
0.75
0.75
0.75
0.75
0.75
0.75
0.75
0.75
0.75
0.75
0.75
0.75
0.75
0.75
0.75
0.75
0.75
0.75
0.75
0.75
0.75
0.75
0.75
0.75
0.75
0.75
0.75
0.75
0.75
0.75
0.75
0.75
0.75
0.75
0.75
0.75
0.75
0.75
0.75
0.75
0.75
0.75
0.75
0.75
0.75
0.75
0.75
0.75
0.75
0.75
0.75
0.75
0.75
0.75
0.75
0.75
0.75
0.75
0.75
0.75
0.75
0.75
0.75
0.75
0.75
0.75
0.75
0.75
0.75
0.75
0.75
0.75
0.75
0.75
0.75
0.75
0.75
0.75
0.75
0.75
0.75
0.75
0.75
0.75
0.75
0.75
0.75
0.75
0.75
0.75
0.75
0.75
0.75
0.75
0.75
0.75
0.75
0.75
0.75
0.75
0.75
0.75
0.75
0.75
0.75
0.75
0.75
0.75
0.75
0.75
0.75
0.75
0.75
0.75
0.75
0.75
0.75
0.75
0.75
0.75
0.75
0.75
0.75
0.75
0.75
0.75
0.25
0.25
0.25
0.25
0.25
0.25
0.25
0.25
0.27083333333333331
0.3125
0.35416666666666663
0.39583333333333326
0.4375
0.47916666666666669
0.5
0.5
0.5
0.52083333333333326
0.56249999999999989
0.60416666666666663
0.64583333333333326
0.68749999999999989
0.72916666666666663
0.75
0.75
0.75
0.75
0.75
0.75
0.75
0.75
0.75
0.75
0.75
0.75
0.75
0.75
0.75
0.75
0.75
0.75
0.75
0.75
0.75
0.75
0.75
0.75
0.75
0.75
0.75
0.75
0.75
0.75
0.75
0.75
0.75
0.75
0.75
0.75
0.75
0.75
0.75
0.75
0.75
0.75
0.75
0.75
0.75
0.75
0.75
0.75
0.75
0.75
0.75
0.75
0.75
0.75
0.75
0.75
0.75
0.75
0.75
0.75
0.75
0.75
0.75
0.75
0.75
0.75
0.75
0.75
0.75
0.75
0.75
0.75
0.75
0.75
0.75
0.75
0.75
0.75
0.75
0.75
0.75
0.75
0.75
0.75
0.75
0.75
0.75
0.75
0.75
0.75
0.75
0.75
0.75
0.75
0.75
0.75
0.75
0.75
0.75
0.75
0.75
0.75
0.75
0.75
0.75
0.75
0.75
0.75
0.75
0.75
0.75
0.75
0.75
0.75
0.75
0.75
0.75
0.75
0.75
0.75
0.75
0.75
0.75
0.75
0.75
0.75
0.75
0.75
0.75
0.75
0.75
0.75
0.75
0.75
0.75
0.75
0.75
0.75
0.75
0.75
0.75
0.75
0.75
0.75
0.75
0.75
0.75
0.75
0.75
0.75
0.75
0.75
0.75
0.75
0.75
0.75
0.75
0.75
0.75
0.75
0.75
0.75
0.75
0.75
0.75
0.75
0.75
0.75
0.75
0.75
0.75
0.75
0.75
0.75
0.75
0.75
0.75
0.75
0.75
0.75
0.75
0.75
0.75
0.75
0.75
0.75
0.75
0.75
0.75
0.75
0.75
0.75
0.75
0.75
0.75
0.75
0.75
0.75
0.75
0.75
0.75
0.75
0.75
0.75
0.75
0.75
0.75
0.75
0.75
0.75
0.75
0.75
0.75
0.75
0.75
0.75
0.75
0.75
0.75
0.75
0.75
0.75
0.75
0.75
0.75
0.75
0.75
0.75
0.75
0.75
0.75
0.75
0.75
0.25
0.25
0.25
0.25
0.25
0.25
0.25
0.25
0.25
0.2890625
0.328125
0.3671875
0.40625
0.4453125
0.484375
0.5
0.5
0.5
0.515625
0.5546875
0.59375
0.6328125
0.671875
0.7109375
0.75
0.75
0.75
0.75
0.75
0.75
0.75
0.75
0.75
0.75
0.75
0.75
0.75
0.75
0.75
0.75
0.75
0.75
0.75
0.75
0.75
0.75
0.75
0.75
0.75
0.75
0.75
0.75
0.75
0.75
0.75
0.75
0.75
0.75
0.75
0.75
0.75
0.75
0.75
0.75
0.75
0.75
0.75
0.75
0.75
0.75
0.75
0.75
0.75
0.75
0.75
0.75
0.75
0.75
0.75
0.75
0.75
0.75
0.75
0.75
0.75
0.75
0.75
0.75
0.75
0.75
0.75
0.75
0.75
0.75
0.75
0.75
0.75
0.75
0.75
0.75
0.75
0.75
0.75
0.75
0.75
0.75
0.75
0.75
0.75
0.75
0.75
0.75
0.75
0.75
0.75
0.75
0.75
0.75
0.75
0.75
0.75
0.75
0.75
0.75
0.75
0.75
0.75
0.75
0.75
0.75
0.75
0.75
0.75
0.75
0.75
0.75
0.75
0.75
0.75
0.75
0.75
0.75
0.75
0.75
0.75
0.75
0.75
0.75
0.75
0.75
0.75
0.75
0.75
0.75
0.75
0.75
0.75
0.75
0.75
0.75
0.75
0.75
0.75
0.75
0.75
0.75
0.75
0.75
0.75
0.75
0.75
0.75
0.75
0.75
0.75
0.75
0.75
0.75
0.75
0.75
0.75
0.75
0.75
0.75
0.75
0.75
0.75
0.75
0.75
0.75
0.75
0.75
0.75
0.75
0.75
0.75
0.75
0.75
0.75
0.75
0.75
0.75
0.75
0.75
0.75
0.75
0.75
0.75
0.75
0.75
0.75
0.75
0.75
0.75
0.75
0.75
0.75
0.75
0.75
0.75
0.75
0.75
0.75
0.75
0.75
0.75
0.75
0.75
0.75
0.75
0.75
0.75
0.75
0.75
0.75
0.75
0.75
0.75
0.75
0.75
0.75
0.75
0.75
0.75
0.75
0.75
0.75
0.75
0.75
0.75
0.75
0.75
0.75
0.75
0.75
0.75
0.25
0.25
0.25
0.25
0.25
0.25
0.25
0.25
0.25
0.26838235294117646
0.30514705882352944
0.34191176470588236
0.37867647058823528
0.4154411764705882
0.45220588235294112
0.4889705882352941
0.5
0.5
0.5
0.51102941176470584
0.54779411764705876
0.5845588235294118
0.62132352941176472
0.65808823529411764
0.69485294117647067
0.73161764705882359
0.75
0.75
0.75
0.75
0.75
0.75
0.75
0.75
0.75
0.75
0.75
0.75
0.75
0.75
0.75
0.75
0.75
0.75
0.75
0.75
0.75
0.75
0.75
0.75
0.75
0.75
0.75
0.75
0.75
0.75
0.75
0.75
0.75
0.75
0.75
0.75
0.75
0.75
0.75
0.75
0.75
0.75
0.75
0.75
0.75
0.75
0.75
0.75
0.75
0.75
0.75
0.75
0.75
0.75
0.75
0.75
0.75
0.75
0.75
0.75
0.75
0.75
0.75
0.75
0.75
0.75
0.75
0.75
0.75
0.75
0.75
0.75
0.75
0.75
0.75
0.75
0.75
0.75
0.75
0.75
0.75
0.75
0.75
0.75
0.75
0.75
0.75
0.75
0.75
0.75
0.75
0.75
0.75
0.75
0.75
0.75
0.75
0.75
0.75
0.75
0.75
0.75
0.75
0.75
0.75
0.75
0.75
0.75
0.75
0.75
0.75
0.75
0.75
0.75
0.75
0.75
0.75
0.75
0.75
0.75
0.75
0.75
0.75
0.75
0.75
0.75
0.75
0.75
0.75
0.75
0.75
0.75
0.75
0.75
0.75
0.75
0.75
0.75
0.75
0.75
0.75
0.75
0.75
0.75
0.75
0.75
0.75
0.75
0.75
0.75
0.75
0.75
0.75
0.75
0.75
0.75
0.75
0.75
0.75
0.75
0.75
0.75
0.75
0.75
0.75
0.75
0.75
0.75
0.75
0.75
0.75
0.75
0.75
0.75
0.75
0.75
0.75
0.75
0.75
0.75
0.75
0.75
0.75
0.75
0.75
0.75
0.75
0.75
0.75
0.75
0.75
0.75
0.75
0.75
0.75
0.75
0.75
0.75
0.75
0.75
0.75
0.75
0.75
0.75
0.75
0.75
0.75
0.75
0.75
0.75
0.75
0.75
0.75
0.75
0.75
0.75
0.75
0.75
0.75
0.75
0.75
0.75
0.75
0.75
0.75
0.75
0.75
0.75
0.75
0.75
0.25
0.25
0.25
0.25
0.25
0.25
0.25
0.25
0.25
0.25
0.28472222222222221
0.31944444444444448
0.35416666666666663
0.38888888888888884
0.4236111111111111
0.45833333333333337
0.49305555555555552
0.5
0.5
0.5
0.50694444444444442
0.54166666666666663
0.57638888888888895
0.61111111111111105
0.64583333333333326
0.68055555555555547
0.71527777777777779
0.75
0.75
0.75
0.75
0.75
0.75
0.75
0.75
0.75
0.75
0.75
0.75
0.75
0.75
0.75
0.75
0.75
0.75
0.75
0.75
0.75
0.75
0.75
0.75
0.75
0.75
0.75
0.75
0.75
0.75
0.75
0.75
0.75
0.75
0.75
0.75
0.75
0.75
0.75
0.75
0.75
0.75
0.75
0.75
0.75
0.75
0.75
0.75
0.75
0.75
0.75
0.75
0.75
0.75
0.75
0.75
0.75
0.75
0.75
0.75
0.75
0.75
0.75
0.75
0.75
0.75
0.75
0.75
0.75
0.75
0.75
0.75
0.75
0.75
0.75
0.75
0.75
0.75
0.75
0.75
0.75
0.75
0.75
0.75
0.75
0.75
0.75
0.75
0.75
0.75
0.75
0.75
0.75
0.75
0.75
0.75
0.75
0.75
0.75
0.75
0.75
0.75
0.75
0.75
0.75
0.75
0.75
0.75
0.75
0.75
0.75
0.75
0.75
0.75
0.75
0.75
0.75
0.75
0.75
0.75
0.75
0.75
0.75
0.75
0.75
0.75
0.75
0.75
0.75
0.75
0.75
0.75
0.75
0.75
0.75
0.75
0.75
0.75
0.75
0.75
0.75
0.75
0.75
0.75
0.75
0.75
0.75
0.75
0.75
0.75
0.75
0.75
0.75
0.75
0.75
0.75
0.75
0.75
0.75
0.75
0.75
0.75
0.75
0.75
0.75
0.75
0.75
0.75
0.75
0.75
0.75
0.75
0.75
0.75
0.75
0.75
0.75
0.75
0.75
0.75
0.75
0.75
0.75
0.75
0.75
0.75
0.75
0.75
0.75
0.75
0.75
0.75
0.75
0.75
0.75
0.75
0.75
0.75
0.75
0.75
0.75
0.75
0.75
0.75
0.75
0.75
0.75
0.75
0.75
0.75
0.75
0.75
0.75
0.75
0.75
0.75
0.75
0.75
0.75
0.75
0.75
0.75
0.75
0.75
0.75
0.75
0.75
0.75
0.75
0.25
0.25
0.25
0.25
0.25
0.25
0.25
0.25
0.25
0.25
0.2664473684210526
0.29934210526315791
0.33223684210526316
0.36513157894736842
0.39802631578947367
0.43092105263157898
0.46381578947368418
0.49671052631578949
0.5
0.5
0.5
0.50328947368421051
0.53618421052631582
0.56907894736842102
0.60197368421052622
0.63486842105263164
0.66776315789473684
0.70065789473684204
0.73355263157894735
0.75
0.75
0.75
0.75
0.75
0.75
0.75
0.75
0.75
0.75
0.75
0.75
0.75
0.75
0.75
0.75
0.75
0.75
0.75
0.75
0.75
0.75
0.75
0.75
0.75
0.75
0.75
0.75
0.75
0.75
0.75
0.75
0.75
0.75
0.75
0.75
0.75
0.75
0.75
0.75
0.75
0.75
0.75
0.75
0.75
0.75
0.75
0.75
0.75
0.75
0.75
0.75
0.75
0.75
0.75
0.75
0.75
0.75
0.75
0.75
0.75
0.75
0.75
0.75
0.75
0.75
0.75
0.75
0.75
0.75
0.75
0.75
0.75
0.75
0.75
0.75
0.75
0.75
0.75
0.75
0.75
0.75
0.75
0.75
0.75
0.75
0.75
0.75
0.75
0.75
0.75
0.75
0.75
0.75
0.75
0.75
0.75
0.75
0.75
0.75
0.75
0.75
0.75
0.75
0.75
0.75
0.75
0.75
0.75
0.75
0.75
0.75
0.75
0.75
0.75
0.75
0.75
0.75
0.75
0.75
0.75
0.75
0.75
0.75
0.75
0.75
0.75
0.75
0.75
0.75
0.75
0.75
0.75
0.75
0.75
0.75
0.75
0.75
0.75
0.75
0.75
0.75
0.75
0.75
0.75
0.75
0.75
0.75
0.75
0.75
0.75
0.75
0.75
0.75
0.75
0.75
0.75
0.75
0.75
0.75
0.75
0.75
0.75
0.75
0.75
0.75
0.75
0.75
0.75
0.75
0.75
0.75
0.75
0.75
0.75
0.75
0.75
0.75
0.75
0.75
0.75
0.75
0.75
0.75
0.75
0.75
0.75
0.75
0.75
0.75
0.75
0.75
0.75
0.75
0.75
0.75
0.75
0.75
0.75
0.75
0.75
0.75
0.75
0.75
0.75
0.75
0.75
0.75
0.75
0.75
0.75
0.75
0.75
0.75
0.75
0.75
0.75
0.75
0.75
0.75
0.75
0.75
0.75
0.75
0.75
0.75
0.75
0.25
0.25
0.25
0.25
0.25
0.25
0.25
0.25
0.25
0.25
0.25
0.28125
0.3125
0.34375
0.375
0.40625
0.4375
0.46875
0.5
0.5
0.5
0.5
0.5
0.53124999999999989
0.56249999999999989
0.59375
0.625
0.65625
0.68749999999999989
0.71875
0.75
0.75
0.75
0.75
0.75
0.75
0.75
0.75
0.75
0.75
0.75
0.75
0.75
0.75
0.75
0.75
0.75
0.75
0.75
0.75
0.75
0.75
0.75
0.75
0.75
0.75
0.75
0.75
0.75
0.75
0.75
0.75
0.75
0.75
0.75
0.75
0.75
0.75
0.75
0.75
0.75
0.75
0.75
0.75
0.75
0.75
0.75
0.75
0.75
0.75
0.75
0.75
0.75
0.75
0.75
0.75
0.75
0.75
0.75
0.75
0.75
0.75
0.75
0.75
0.75
0.75
0.75
0.75
0.75
0.75
0.75
0.75
0.75
0.75
0.75
0.75
0.75
0.75
0.75
0.75
0.75
0.75
0.75
0.75
0.75
0.75
0.75
0.75
0.75
0.75
0.75
0.75
0.75
0.75
0.75
0.75
0.75
0.75
0.75
0.75
0.75
0.75
0.75
0.75
0.75
0.75
0.75
0.75
0.75
0.75
0.75
0.75
0.75
0.75
0.75
0.75
0.75
0.75
0.75
0.75
0.75
0.75
0.75
0.75
0.75
0.75
0.75
0.75
0.75
0.75
0.75
0.75
0.75
0.75
0.75
0.75
0.75
0.75
0.75
0.75
0.75
0.75
0.75
0.75
0.75
0.75
0.75
0.75
0.75
0.75
0.75
0.75
0.75
0.75
0.75
0.75
0.75
0.75
0.75
0.75
0.75
0.75
0.75
0.75
0.75
0.75
0.75
0.75
0.75
0.75
0.75
0.75
0.75
0.75
0.75
0.75
0.75
0.75
0.75
0.75
0.75
0.75
0.75
0.75
0.75
0.75
0.75
0.75
0.75
0.75
0.75
0.75
0.75
0.75
0.75
0.75
0.75
0.75
0.75
0.75
0.75
0.75
0.75
0.75
0.75
0.75
0.75
0.75
0.75
0.75
0.75
0.75
0.75
0.75
0.75
0.75
0.75
0.75
0.75
0.75
0.75
0.75
0.75
0.75
0.75
0.75
0.25
0.25
0.25
0.25
0.25
0.25
0.25
0.25
0.25
0.25
0.25
0.26488095238095238
0.2946428571428571
0.32440476190476192
0.35416666666666663
0.3839285714285714
0.41369047619047616
0.44345238095238093
0.4732142857142857
0.5
0.5
0.5
0.5
0.5
0.52678571428571419
0.55654761904761896
0.58630952380952384
0.6160714285714286
0.64583333333333326
0.67559523809523803
0.7053571428571429
0.73511904761904767
0.75
0.75
0.75
0.75
0.75
0.75
0.75
0.75
0.75
0.75
0.75
0.75
0.75
0.75
0.75
0.75
0.75
0.75
0.75
0.75
0.75
0.75
0.75
0.75
0.75
0.75
0.75
0.75
0.75
0.75
0.75
0.75
0.75
0.75
0.75
0.75
0.75
0.75
0.75
0.75
0.75
0.75
0.75
0.75
0.75
0.75
0.75
0.75
0.75
0.75
0.75
0.75
0.75
0.75
0.75
0.75
0.75
0.75
0.75
0.75
0.75
0.75
0.75
0.75
0.75
0.75
0.75
0.75
0.75
0.75
0.75
0.75
0.75
0.75
0.75
0.75
0.75
0.75
0.75
0.75
0.75
0.75
0.75
0.75
0.75
0.75
0.75
0.75
0.75
0.75
0.75
0.75
0.75
0.75
0.75
0.75
0.75
0.75
0.75
0.75
0.75
0.75
0.75
0.75
0.75
0.75
0.75
0.75
0.75
0.75
0.75
0.75
0.75
0.75
0.75
0.75
0.75
0.75
0.75
0.75
0.75
0.75
0.75
0.75
0.75
0.75
0.75
0.75
0.75
0.75
0.75
0.75
0.75
0.75
0.75
0.75
0.75
0.75
0.75
0.75
0.75
0.75
0.75
0.75
0.75
0.75
0.75
0.75
0.75
0.75
0.75
0.75
0.75
0.75
0.75
0.75
0.75
0.75
0.75
0.75
0.75
0.75
0.75
0.75
0.75
0.75
0.75
0.75
0.75
0.75
0.75
0.75
0.75
0.75
0.75
0.75
0.75
0.75
0.75
0.75
0.75
0.75
0.75
0.75
0.75
0.75
0.75
0.75
0.75
0.75
0.75
0.75
0.75
0.75
0.75
0.75
0.75
0.75
0.75
0.75
0.75
0.75
0.75
0.75
0.75
0.75
0.75
0.75
0.75
0.75
0.75
0.75
0.75
0.75
0.75
0.75
0.75
0.75
0.75
0.75
0.75
0.75
0.75
0.75
0.25
0.25
0.25
0.25
0.25
0.25
0.25
0.25
0.25
0.25
0.25
0.25
0.27840909090909088
0.30681818181818182
0.33522727272727271
0.36363636363636359
0.39204545454545459
0.42045454545454541
0.44886363636363635
0.47727272727272729
0.5
0.5
0.5
0.5
0.5
0.52272727272727271
0.55113636363636365
0.57954545454545447
0.60795454545454541
0.63636363636363624
0.66477272727272718
0.69318181818181823
0.72159090909090917
0.75
0.75
0.75
0.75
0.75
0.75
0.75
0.75
0.75
0.75
0.75
0.75
0.75
0.75
0.75
0.75
0.75
0.75
0.75
0.75
0.75
0.75
0.75
0.75
0.75
0.75
0.75
0.75
0.75
0.75
0.75
0.75
0.75
0.75
0.75
0.75
0.75
0.75
0.75
0.75
0.75
0.75
0.75
0.75
0.75
0.75
0.75
0.75
0.75
0.75
0.75
0.75
0.75
0.75
0.75
0.75
0.75
0.75
0.75
0.75
0.75
0.75
0.75
0.75
0.75
0.75
0.75
0.75
0.75
0.75
0.75
0.75
0.75
0.75
0.75
0.75
0.75
0.75
0.75
0.75
0.75
0.75
0.75
0.75
0.75
0.75
0.75
0.75
0.75
0.75
0.75
0.75
0.75
0.75
0.75
0.75
0.75
0.75
0.75
0.75
0.75
0.75
0.75
0.75
0.75
0.75
0.75
0.75
0.75
0.75
0.75
0.75
0.75
0.75
0.75
0.75
0.75
0.75
0.75
0.75
0.75
0.75
0.75
0.75
0.75
0.75
0.75
0.75
0.75
0.75
0.75
0.75
0.75
0.75
0.75
0.75
0.75
0.75
0.75
0.75
0.75
0.75
0.75
0.75
0.75
0.75
0.75
0.75
0.75
0.75
0.75
0.75
0.75
0.75
0.75
0.75
0.75
0.75
0.75
0.75
0.75
0.75
0.75
0.75
0.75
0.75
0.75
0.75
0.75
0.75
0.75
0.75
0.75
0.75
0.75
0.75
0.75
0.75
0.75
0.75
0.75
0.75
0.75
0.75
0.75
0.75
0.75
0.75
0.75
0.75
0.75
0.75
0.75
0.75
0.75
0.75
0.75
0.75
0.75
0.75
0.75
0.75
0.75
0.75
0.75
0.75
0.75
0.75
0.75
0.75
0.75
0.75
0.75
0.75
0.75
0.75
0.75
0.75
0.75
0.75
0.75
0.75
0.75
0.25
0.25
0.25
0.25
0.25
0.25
0.25
0.25
0.25
0.25
0.25
0.25
0.26358695652173914
0.29076086956521735
0.31793478260869568
0.34510869565217395
0.37228260869565216
0.39945652173913038
0.4266304347826087
0.45380434782608692
0.48097826086956519
0.5
0.5
0.5
0.5
0.5
0.5190217391304347
0.54619565217391308
0.57336956521739135
0.60054347826086962
0.62771739130434778
0.65489130434782605
0.68206521739130432
0.70923913043478259
0.73641304347826075
0.75
0.75
0.75
0.75
0.75
0.75
0.75
0.75
0.75
0.75
0.75
0.75
0.75
0.75
0.75
0.75
0.75
0.75
0.75
0.75
0.75
0.75
0.75
0.75
0.75
0.75
0.75
0.75
0.75
0.75
0.75
0.75
0.75
0.75
0.75
0.75
0.75
0.75
0.75
0.75
0.75
0.75
0.75
0.75
0.75
0.75
0.75
0.75
0.75
0.75
0.75
0.75
0.75
0.75
0.75
0.75
0.75
0.75
0.75
0.75
0.75
0.75
0.75
0.75
0.75
0.75
0.75
0.75
0.75
0.75
0.75
0.75
0.75
0.75
0.75
0.75
0.75
0.75
0.75
0.75
0.75
0.75
0.75
0.75
0.75
0.75
0.75
0.75
0.75
0.75
0.75
0.75
0.75
0.75
0.75
0.75
0.75
0.75
0.75
0.75
0.75
0.75
0.75
0.75
0.75
0.75
0.75
0.75
0.75
0.75
0.75
0.75
0.75
0.75
0.75
0.75
0.75
0.75
0.75
0.75
0.75
0.75
0.75
0.75
0.75
0.75
0.75
0.75
0.75
0.75
0.75
0.75
0.75
0.75
0.75
0.75
0.75
0.75
0.75
0.75
0.75
0.75
0.75
0.75
0.75
0.75
0.75
0.75
0.75
0.75
0.75
0.75
0.75
0.75
0.75
0.75
0.75
0.75
0.75
0.75
0.75
0.75
0.75
0.75
0.75
0.75
0.75
0.75
0.75
0.75
0.75
0.75
0.75
0.75
0.75
0.75
0.75
0.75
0.75
0.75
0.75
0.75
0.75
0.75
0.75
0.75
0.75
0.75
0.75
0.75
0.75
0.75
0.75
0.75
0.75
0.75
0.75
0.75
0.75
0.75
0.75
0.75
0.75
0.75
0.75
0.75
0.75
0.75
0.75
0.75
0.75
0.75
0.75
0.75
0.75
0.75
0.75
0.75
0.75
0.75
0.75
0.25
0.25
0.25
0.25
0.25
0.25
0.25
0.25
0.25
0.25
0.25
0.25
0.25
0.27604166666666663
0.30208333333333337
0.328125
0.35416666666666663
0.38020833333333337
0.40625
0.43229166666666663
0.45833333333333337
0.484375
0.5
0.5
0.5
0.5
0.5
0.515625
0.54166666666666663
0.56770833333333326
0.59375
0.61979166666666674
0.64583333333333326
0.671875
0.69791666666666674
0.72395833333333326
0.75
0.75
0.75
0.75
0.75
0.75
0.75
0.75
0.75
0.75
0.75
0.75
0.75
0.75
0.75
0.75
0.75
0.75
0.75
0.75
0.75
0.75
0.75
0.75
0.75
0.75
0.75
0.75
0.75
0.75
0.75
0.75
0.75
0.75
0.75
0.75
0.75
0.75
0.75
0.75
0.75
0.75
0.75
0.75
0.75
0.75
0.75
0.75
0.75
0.75
0.75
0.75
0.75
0.75
0.75
0.75
0.75
0.75
0.75
0.75
0.75
0.75
0.75
0.75
0.75
0.75
0.75
0.75
0.75
0.75
0.75
0.75
0.75
0.75
0.75
0.75
0.75
0.75
0.75
0.75
0.75
0.75
0.75
0.75
0.75
0.75
0.75
0.75
0.75
0.75
0.75
0.75
0.75
0.75
0.75
0.75
0.75
0.75
0.75
0.75
0.75
0.75
0.75
0.75
0.75
0.75
0.75
0.75
0.75
0.75
0.75
0.75
0.75
0.75
0.75
0.75
0.75
0.75
0.75
0.75
0.75
0.75
0.75
0.75
0.75
0.75
0.75
0.75
0.75
0.75
0.75
0.75
0.75
0.75
0.75
0.75
0.75
0.75
0.75
0.75
0.75
0.75
0.75
0.75
0.75
0.75
0.75
0.75
0.75
0.75
0.75
0.75
0.75
0.75
0.75
0.75
0.75
0.75
0.75
0.75
0.75
0.75
0.75
0.75
0.75
0.75
0.75
0.75
0.75
0.75
0.75
0.75
0.75
0.75
0.75
0.75
0.75
0.75
0.75
0.75
0.75
0.75
0.75
0.75
0.75
0.75
0.75
0.75
0.75
0.75
0.75
0.75
0.75
0.75
0.75
0.75
0.75
0.75
0.75
0.75
0.75
0.75
0.75
0.75
0.75
0.75
0.75
0.75
0.75
0.75
0.75
0.75
0.75
0.75
0.75
0.75
0.75
0.75
0.75
0.75
0.25
0.25
0.25
0.25
0.25
0.25
0.25
0.25
0.25
0.25
0.25
0.25
0.25
0.26250000000000001
0.28750000000000003
0.3125
0.33750000000000002
0.36250000000000004
0.38749999999999996
0.41249999999999998
0.4375
0.46249999999999997
0.48749999999999999
0.5
0.5
0.5
0.5
0.5
0.51250000000000007
0.53749999999999987
0.56249999999999989
0.58749999999999991
0.61250000000000004
0.63749999999999996
0.66250000000000009
0.68749999999999989
0.71249999999999991
0.73750000000000004
0.75
0.75
0.75
0.75
0.75
0.75
0.75
0.75
0.75
0.75
0.75
0.75
0.75
0.75
0.75
0.75
0.75
0.75
0.75
0.75
0.75
0.75
0.75
0.75
0.75
0.75
0.75
0.75
0.75
0.75
0.75
0.75
0.75
0.75
0.75
0.75
0.75
0.75
0.75
0.75
0.75
0.75
0.75
0.75
0.75
0.75
0.75
0.75
0.75
0.75
0.75
0.75
0.75
0.75
0.75
0.75
0.75
0.75
0.75
0.75
0.75
0.75
0.75
0.75
0.75
0.75
0.75
0.75
0.75
0.75
0.75
0.75
0.75
0.75
0.75
0.75
0.75
0.75
0.75
0.75
0.75
0.75
0.75
0.75
0.75
0.75
0.75
0.75
0.75
0.75
0.75
0.75
0.75
0.75
0.75
0.75
0.75
0.75
0.75
0.75
0.75
0.75
0.75
0.75
0.75
0.75
0.75
0.75
0.75
0.75
0.75
0.75
0.75
0.75
0.75
0.75
0.75
0.75
0.75
0.75
0.75
0.75
0.75
0.75
0.75
0.75
0.75
0.75
0.75
0.75
0.75
0.75
0.75
0.75
0.75
0.75
0.75
0.75
0.75
0.75
0.75
0.75
0.75
0.75
0.75
0.75
0.75
0.75
0.75
0.75
0.75
0.75
0.75
0.75
0.75
0.75
0.75
0.75
0.75
0.75
0.75
0.75
0.75
0.75
0.75
0.75
0.75
0.75
0.75
0.75
0.75
0.75
0.75
0.75
0.75
0.75
0.75
0.75
0.75
0.75
0.75
0.75
0.75
0.75
0.75
0.75
0.75
0.75
0.75
0.75
0.75
0.75
0.75
0.75
0.75
0.75
0.75
0.75
0.75
0.75
0.75
0.75
0.75
0.75
0.75
0.75
0.75
0.75
0.75
0.75
0.75
0.75
0.75
0.75
0.75
0.75
0.75
0.75
0.25
0.25
0.25
0.25
0.25
0.25
0.25
0.25
0.25
0.25
0.25
0.25
0.25
0.25
0.27403846153846151
0.29807692307692302
0.32211538461538464
0.34615384615384615
0.37019230769230771
0.39423076923076916
0.41826923076923078
0.44230769230769229
0.46634615384615385
0.49038461538461536
0.5
0.5
0.5
0.5
0.5
0.50961538461538458
0.53365384615384603
0.5576923076923076
0.58173076923076927
0.60576923076923073
0.62980769230769229
0.65384615384615385
0.67788461538461531
0.70192307692307698
0.72596153846153844
0.75
0.75
0.75
0.75
0.75
0.75
0.75
0.75
0.75
0.75
0.75
0.75
0.75
0.75
0.75
0.75
0.75
0.75
0.75
0.75
0.75
0.75
0.75
0.75
0.75
0.75
0.75
0.75
0.75
0.75
0.75
0.75
0.75
0.75
0.75
0.75
0.75
0.75
0.75
0.75
0.75
0.75
0.75
0.75
0.75
0.75
0.75
0.75
0.75
0.75
0.75
0.75
0.75
0.75
0.75
0.75
0.75
0.75
0.75
0.75
0.75
0.75
0.75
0.75
0.75
0.75
0.75
0.75
0.75
0.75
0.75
0.75
0.75
0.75
0.75
0.75
0.75
0.75
0.75
0.75
0.75
0.75
0.75
0.75
0.75
0.75
0.75
0.75
0.75
0.75
0.75
0.75
0.75
0.75
0.75
0.75
0.75
0.75
0.75
0.75
0.75
0.75
0.75
0.75
0.75
0.75
0.75
0.75
0.75
0.75
0.75
0.75
0.75
0.75
0.75
0.75
0.75
0.75
0.75
0.75
0.75
0.75
0.75
0.75
0.75
0.75
0.75
0.75
0.75
0.75
0.75
0.75
0.75
0.75
0.75
0.75
0.75
0.75
0.75
0.75
0.75
0.75
0.75
0.75
0.75
0.75
0.75
0.75
0.75
0.75
0.75
0.75
0.75
0.75
0.75
0.75
0.75
0.75
0.75
0.75
0.75
0.75
0.75
0.75
0.75
0.75
0.75
0.75
0.75
0.75
0.75
0.75
0.75
0.75
0.75
0.75
0.75
0.75
0.75
0.75
0.75
0.75
0.75
0.75
0.75
0.75
0.75
0.75
0.75
0.75
0.75
0.75
0.75
0.75
0.75
0.75
0.75
0.75
0.75
0.75
0.75
0.75
0.75
0.75
0.75
0.75
0.75
0.75
0.75
0.75
0.75
0.75
0.75
0.75
0.75
0.75
0.75
0.25
0.25
0.25
0.25
0.25
0.25
0.25
0.25
0.25
0.25
0.25
0.25
0.25
0.25
0.26157407407407407
0.28472222222222221
0.30787037037037035
0.33101851851851855
0.35416666666666663
0.37731481481481483
0.40046296296296291
0.4236111111111111
0.44675925925925919
0.46990740740740744
0.49305555555555552
0.5
0.5
0.5
0.5
0.5
0.50694444444444442
0.53009259259259256
0.5532407407407407
0.57638888888888895
0.59953703703703698
0.62268518518518512
0.64583333333333326
0.66898148148148151
0.69212962962962965
0.71527777777777779
0.73842592592592582
0.75
0.75
0.75
0.75
0.75
0.75
0.75
0.75
0.75
0.75
0.75
0.75
0.75
0.75
0.75
0.75
0.75
0.75
0.75
0.75
0.75
0.75
0.75
0.75
0.75
0.75
0.75
0.75
0.75
0.75
0.75
0.75
0.75
0.75
0.75
0.75
0.75
0.75
0.75
0.75
0.75
0.75
0.75
0.75
0.75
0.75
0.75
0.75
0.75
0.75
0.75
0.75
0.75
0.75
0.75
0.75
0.75
0.75
0.75
0.75
0.75
0.75
0.75
0.75
0.75
0.75
0.75
0.75
0.75
0.75
0.75
0.75
0.75
0.75
0.75
0.75
0.75
0.75
0.75
0.75
0.75
0.75
0.75
0.75
0.75
0.75
0.75
0.75
0.75
0.75
0.75
0.75
0.75
0.75
0.75
0.75
0.75
0.75
0.75
0.75
0.75
0.75
0.75
0.75
0.75
0.75
0.75
0.75
0.75
0.75
0.75
0.75
0.75
0.75
0.75
0.75
0.75
0.75
0.75
0.75
0.75
0.75
0.75
0.75
0.75
0.75
0.75
0.75
0.75
0.75
0.75
0.75
0.75
0.75
0.75
0.75
0.75
0.75
0.75
0.75
0.75
0.75
0.75
0.75
0.75
0.75
0.75
0.75
0.75
0.75
0.75
0.75
0.75
0.75
0.75
0.75
0.75
0.75
0.75
0.75
0.75
0.75
0.75
0.75
0.75
0.75
0.75
0.75
0.75
0.75
0.75
0.75
0.75
0.75
0.75
0.75
0.75
0.75
0.75
0.75
0.75
0.75
0.75
0.75
0.75
0.75
0.75
0.75
0.75
0.75
0.75
0.75
0.75
0.75
0.75
0.75
0.75
0.75
0.75
0.75
0.75
0.75
0.75
0.75
0.75
0.75
0.75
0.75
0.75
0.75
0.75
0.75
0.75
0.75
0.75
0.25
0.25
0.25
0.25
0.25
0.25
0.25
0.25
0.25
0.25
0.25
0.25
0.25
0.25
0.25
0.27232142857142855
0.2946428571428571
0.3169642857142857
0.3392857142857143
0.3616071428571429
0.3839285714285714
0.40625
0.42857142857142855
0.4508928571428571
0.4732142857142857
0.4955357142857143
0.5
0.5
0.5
0.5
0.5
0.5044642857142857
0.52678571428571419
0.54910714285714279
0.57142857142857129
0.59375
0.6160714285714286
0.6383928571428571
0.6607142857142857
0.68303571428571419
0.7053571428571429
0.7276785714285714
0.75
0.75
0.75
0.75
0.75
0.75
0.75
0.75
0.75
0.75
0.75
0.75
0.75
0.75
0.75
0.75
0.75
0.75
0.75
0.75
0.75
0.75
0.75
0.75
0.75
0.75
0.75
0.75
0.75
0.75
0.75
0.75
0.75
0.75
0.75
0.75
0.75
0.75
0.75
0.75
0.75
0.75
0.75
0.75
0.75
0.75
0.75
0.75
0.75
0.75
0.75
0.75
0.75
0.75
0.75
0.75
0.75
0.75
0.75
0.75
0.75
0.75
0.75
0.75
0.75
0.75
0.75
0.75
0.75
0.75
0.75
0.75
0.75
0.75
0.75
0.75
0.75
0.75
0.75
0.75
0.75
0.75
0.75
0.75
0.75
0.75
0.75
0.75
0.75
0.75
0.75
0.75
0.75
0.75
0.75
0.75
0.75
0.75
0.75
0.75
0.75
0.75
0.75
0.75
0.75
0.75
0.75
0.75
0.75
0.75
0.75
0.75
0.75
0.75
0.75
0.75
0.75
0.75
0.75
0.75
0.75
0.75
0.75
0.75
0.75
0.75
0.75
0.75
0.75
0.75
0.75
0.75
0.75
0.75
0.75
0.75
0.75
0.75
0.75
0.75
0.75
0.75
0.75
0.75
0.75
0.75
0.75
0.75
0.75
0.75
0.75
0.75
0.75
0.75
0.75
0.75
0.75
0.75
0.75
0.75
0.75
0.75
0.75
0.75
0.75
0.75
0.75
0.75
0.75
0.75
0.75
0.75
0.75
0.75
0.75
0.75
0.75
0.75
0.75
0.75
0.75
0.75
0.75
0.75
0.75
0.75
0.75
0.75
0.75
0.75
0.75
0.75
0.75
0.75
0.75
0.75
0.75
0.75
0.75
0.75
0.75
0.75
0.75
0.75
0.75
0.75
0.75
0.75
0.75
0.75
0.75
0.75
0.75
0.75
0.25
0.25
0.25
0.25
0.25
0.25
0.25
0.25
0.25
0.25
0.25
0.25
0.25
0.25
0.25
0.26077586206896552
0.28232758620689657
0.30387931034482757
0.32543103448275862
0.34698275862068961
0.36853448275862072
0.39008620689655171
0.41163793103448276
0.43318965517241381
0.45474137931034481
0.4762931034482758
0.49784482758620691
0.5
0.5
0.5
0.5
0.5
0.50215517241379304
0.52370689655172409
0.54525862068965503
0.56681034482758619
0.58836206896551724
0.60991379310344829
0.63146551724137923
0.65301724137931028
0.67456896551724144
0.69612068965517238
0.71767241379310343
0.73922413793103448
0.75
0.75
0.75
0.75
0.75
0.75
0.75
0.75
0.75
0.75
0.75
0.75
0.75
0.75
0.75
0.75
0.75
0.75
0.75
0.75
0.75
0.75
0.75
0.75
0.75
0.75
0.75
0.75
0.75
0.75
0.75
0.75
0.75
0.75
0.75
0.75
0.75
0.75
0.75
0.75
0.75
0.75
0.75
0.75
0.75
0.75
0.75
0.75
0.75
0.75
0.75
0.75
0.75
0.75
0.75
0.75
0.75
0.75
0.75
0.75
0.75
0.75
0.75
0.75
0.75
0.75
0.75
0.75
0.75
0.75
0.75
0.75
0.75
0.75
0.75
0.75
0.75
0.75
0.75
0.75
0.75
0.75
0.75
0.75
0.75
0.75
0.75
0.75
0.75
0.75
0.75
0.75
0.75
0.75
0.75
0.75
0.75
0.75
0.75
0.75
0.75
0.75
0.75
0.75
0.75
0.75
0.75
0.75
0.75
0.75
0.75
0.75
0.75
0.75
0.75
0.75
0.75
0.75
0.75
0.75
0.75
0.75
0.75
0.75
0.75
0.75
0.75
0.75
0.75
0.75
0.75
0.75
0.75
0.75
0.75
0.75
0.75
0.75
0.75
0.75
0.75
0.75
0.75
0.75
0.75
0.75
0.75
0.75
0.75
0.75
0.75
0.75
0.75
0.75
0.75
0.75
0.75
0.75
0.75
0.75
0.75
0.75
0.75
0.75
0.75
0.75
0.75
0.75
0.75
0.75
0.75
0.75
0.75
0.75
0.75
0.75
0.75
0.75
0.75
0.75
0.75
0.75
0.75
0.75
0.75
0.75
0.75
0.75
0.75
0.75
0.75
0.75
0.75
0.75
0.75
0.75
0.75
0.75
0.75
0.75
0.75
0.75
0.75
0.75
0.75
0.75
0.75
0.75
0.75
0.75
0.75
0.75
0.25
0.25
0.25
0.25
0.25
0.25
0.25
0.25
0.25
0.25
0.25
0.25
0.25
0.25
0.25
0.25
0.27083333333333331
0.29166666666666663
0.3125
0.33333333333333331
0.35416666666666663
0.375
0.39583333333333326
0.41666666666666669
0.4375
0.45833333333333337
0.47916666666666669
0.5
0.5
0.5
0.5
0.5
0.5
0.5
0.52083333333333326
0.54166666666666663
0.56249999999999989
0.58333333333333337
0.60416666666666663
0.625
0.64583333333333326
0.66666666666666663
0.68749999999999989
0.70833333333333337
0.72916666666666663
0.75
0.75
0.75
0.75
0.75
0.75
0.75
0.75
0.75
0.75
0.75
0.75
0.75
0.75
0.75
0.75
0.75
0.75
0.75
0.75
0.75
0.75
0.75
0.75
0.75
0.75
0.75
0.75
0.75
0.75
0.75
0.75
0.75
0.75
0.75
0.75
0.75
0.75
0.75
0.75
0.75
0.75
0.75
0.75
0.75
0.75
0.75
0.75
0.75
0.75
0.75
0.75
0.75
0.75
0.75
0.75
0.75
0.75
0.75
0.75
0.75
0.75
0.75
0.75
0.75
0.75
0.75
0.75
0.75
0.75
0.75
0.75
0.75
0.75
0.75
0.75
0.75
0.75
0.75
0.75
0.75
0.75
0.75
0.75
0.75
0.75
0.75
0.75
0.75
0.75
0.75
0.75
0.75
0.75
0.75
0.75
0.75
0.75
0.75
0.75
0.75
0.75
0.75
0.75
0.75
0.75
0.75
0.75
0.75
0.75
0.75
0.75
0.75
0.75
0.75
0.75
0.75
0.75
0.75
0.75
0.75
0.75
0.75
0.75
0.75
0.75
0.75
0.75
0.75
0.75
0.75
0.75
0.75
0.75
0.75
0.75
0.75
0.75
0.75
0.75
0.75
0.75
0.75
0.75
0.75
0.75
0.75
0.75
0.75
0.75
0.75
0.75
0.75
0.75
0.75
0.75
0.75
0.75
0.75
0.75
0.75
0.75
0.75
0.75
0.75
0.75
0.75
0.75
0.75
0.75
0.75
0.75
0.75
0.75
0.75
0.75
0.75
0.75
0.75
0.75
0.75
0.75
0.75
0.75
0.75
0.75
0.75
0.75
0.75
0.75
0.75
0.75
0.75
0.75
0.75
0.75
0.75
0.75
0.75
0.75
0.75
0.75
0.75
0.75
0.75
0.75
0.75
0.75
0.75
0.75
0.75
0.25
0.25
0.25
0.25
0.25
0.25
0.25
0.25
0.25
0.25
0.25
0.25
0.25
0.25
0.25
0.25
0.26008064516129031
0.28024193548387094
0.30040322580645162
0.32056451612903225
0.34072580645161288
0.36088709677419351
0.38104838709677424
0.40120967741935487
0.4213709677419355
0.44153225806451613
0.46169354838709675
0.48185483870967738
0.5
0.5
0.5
0.5
0.5
0.5
0.5
0.51814516129032262
0.53830645161290325
0.55846774193548387
0.5786290322580645
0.59879032258064513
0.61895161290322576
0.63911290322580638
0.65927419354838701
0.67943548387096775
0.69959677419354849
0.719758064516129
0.73991935483870974
0.75
0.75
0.75
0.75
0.75
0.75
0.75
0.75
0.75
0.75
0.75
0.75
0.75
0.75
0.75
0.75
0.75
0.75
0.75
0.75
0.75
0.75
0.75
0.75
0.75
0.75
0.75
0.75
0.75
0.75
0.75
0.75
0.75
0.75
0.75
0.75
0.75
0.75
0.75
0.75
0.75
0.75
0.75
0.75
0.75
0.75
0.75
0.75
0.75
0.75
0.75
0.75
0.75
0.75
0.75
0.75
0.75
0.75
0.75
0.75
0.75
0.75
0.75
0.75
0.75
0.75
0.75
0.75
0.75
0.75
0.75
0.75
0.75
0.75
0.75
0.75
0.75
0.75
0.75
0.75
0.75
0.75
0.75
0.75
0.75
0.75
0.75
0.75
0.75
0.75
0.75
0.75
0.75
0.75
0.75
0.75
0.75
0.75
0.75
0.75
0.75
0.75
0.75
0.75
0.75
0.75
0.75
0.75
0.75
0.75
0.75
0.75
0.75
0.75
0.75
0.75
0.75
0.75
0.75
0.75
0.75
0.75
0.75
0.75
0.75
0.75
0.75
0.75
0.75
0.75
0.75
0.75
0.75
0.75
0.75
0.75
0.75
0.75
0.75
0.75
0.75
0.75
0.75
0.75
0.75
0.75
0.75
0.75
0.75
0.75
0.75
0.75
0.75
0.75
0.75
0.75
0.75
0.75
0.75
0.75
0.75
0.75
0.75
0.75
0.75
0.75
0.75
0.75
0.75
0.75
0.75
0.75
0.75
0.75
0.75
0.75
0.75
0.75
0.75
0.75
0.75
0.75
0.75
0.75
0.75
0.75
0.75
0.75
0.75
0.75
0.75
0.75
0.75
0.75
0.75
0.75
0.75
0.75
0.75
0.75
0.75
0.75
0.75
0.75
0.75
0.75
0.75
0.75
0.75
0.25
0.25
0.25
0.25
0.25
0.25
0.25
0.25
0.25
0.25
0.25
0.25
0.25
0.25
0.25
0.25
0.25
0.26953125
0.2890625
0.30859375
0.328125
0.34765625
0.3671875
0.38671875
0.40625
0.42578125
0.4453125
0.46484375
0.484375
0.5
0.5
0.5
0.5
0.5
0.5
0.5
0.515625
0.53515625
0.5546875
0.57421875
0.59375
0.61328125
0.6328125
0.65234375
0.671875
0.69140625
0.7109375
0.73046875
0.75
0.75
0.75
0.75
0.75
0.75
0.75
0.75
0.75
0.75
0.75
0.75
0.75
0.75
0.75
0.75
0.75
0.75
0.75
0.75
0.75
0.75
0.75
0.75
0.75
0.75
0.75
0.75
0.75
0.75
0.75
0.75
0.75
0.75
0.75
0.75
0.75
0.75
0.75
0.75
0.75
0.75
0.75
0.75
0.75
0.75
0.75
0.75
0.75
0.75
0.75
0.75
0.75
0.75
0.75
0.75
0.75
0.75
0.75
0.75
0.75
0.75
0.75
0.75
0.75
0.75
0.75
0.75
0.75
0.75
0.75
0.75
0.75
0.75
0.75
0.75
0.75
0.75
0.75
0.75
0.75
0.75
0.75
0.75
0.75
0.75
0.75
0.75
0.75
0.75
0.75
0.75
0.75
0.75
0.75
0.75
0.75
0.75
0.75
0.75
0.75
0.75
0.75
0.75
0.75
0.75
0.75
0.75
0.75
0.75
0.75
0.75
0.75
0.75
0.75
0.75
0.75
0.75
0.75
0.75
0.75
0.75
0.75
0.75
0.75
0.75
0.75
0.75
0.75
0.75
0.75
0.75
0.75
0.75
0.75
0.75
0.75
0.75
0.75
0.75
0.75
0.75
0.75
0.75
0.75
0.75
0.75
0.75
0.75
0.75
0.75
0.75
0.75
0.75
0.75
0.75
0.75
0.75
0.75
0.75
0.75
0.75
0.75
0.75
0.75
0.75
0.75
0.75
0.75
0.75
0.75
0.75
0.75
0.75
0.75
0.75
0.75
0.75
0.75
0.75
0.75
0.75
0.75
0.75
0.75
0.75
0.75
0.75
0.75
0.75
0.75
0.75
0.75
0.75
0.75
0.75
0.75
0.75
0.75
0.75
0.75
0.75
0.75
0.75
0.75
0.75
0.75
0.75
0.25
0.25
0.25
0.25
0.25
0.25
0.25
0.25
0.25
0.25
0.25
0.25
0.25
0.25
0.25
0.25
0.25
0.25946969696969696
0.27840909090909088
0.29734848484848486
0.31628787878787878
0.33522727272727271
0.35416666666666663
0.37310606060606066
0.39204545454545459
0.41098484848484851
0.42992424242424243
0.44886363636363635
0.46780303030303028
0.4867424242424242
0.5
0.5
0.5
0.5
0.5
0.5
0.5
0.51325757575757569
0.53219696969696972
0.55113636363636365
0.57007575757575757
0.58901515151515149
0.60795454545454541
0.62689393939393934
0.64583333333333326
0.66477272727272718
0.68371212121212122
0.70265151515151514
0.72159090909090917
0.74053030303030298
0.75
0.75
0.75
0.75
0.75
0.75
0.75
0.75
0.75
0.75
0.75
0.75
0.75
0.75
0.75
0.75
0.75
0.75
0.75
0.75
0.75
0.75
0.75
0.75
0.75
0.75
0.75
0.75
0.75
0.75
0.75
0.75
0.75
0.75
0.75
0.75
0.75
0.75
0.75
0.75
0.75
0.75
0.75
0.75
0.75
0.75
0.75
0.75
0.75
0.75
0.75
0.75
0.75
0.75
0.75
0.75
0.75
0.75
0.75
0.75
0.75
0.75
0.75
0.75
0.75
0.75
0.75
0.75
0.75
0.75
0.75
0.75
0.75
0.75
0.75
0.75
0.75
0.75
0.75
0.75
0.75
0.75
0.75
0.75
0.75
0.75
0.75
0.75
0.75
0.75
0.75
0.75
0.75
0.75
0.75
0.75
0.75
0.75
0.75
0.75
0.75
0.75
0.75
0.75
0.75
0.75
0.75
0.75
0.75
0.75
0.75
0.75
0.75
0.75
0.75
0.75
0.75
0.75
0.75
0.75
0.75
0.75
0.75
0.75
0.75
0.75
0.75
0.75
0.75
0.75
0.75
0.75
0.75
0.75
0.75
0.75
0.75
0.75
0.75
0.75
0.75
0.75
0.75
0.75
0.75
0.75
0.75
0.75
0.75
0.75
0.75
0.75
0.75
0.75
0.75
0.75
0.75
0.75
0.75
0.75
0.75
0.75
0.75
0.75
0.75
0.75
0.75
0.75
0.75
0.75
0.75
0.75
0.75
0.75
0.75
0.75
0.75
0.75
0.75
0.75
0.75
0.75
0.75
0.75
0.75
0.75
0.75
0.75
0.75
0.75
0.75
0.75
0.75
0.75
0.75
0.75
0.75
0.75
0.75
0.75
0.75
0.75
0.75
0.75
0.75
0.75
0.25
0.25
0.25
0.25
0.25
0.25
0.25
0.25
0.25
0.25
0.25
0.25
0.25
0.25
0.25
0.25
0.25
0.25
0.26838235294117646
0.28676470588235292
0.30514705882352944
0.3235294117647059
0.34191176470588236
0.36029411764705888
0.37867647058823528
0.3970588235294118
0.4154411764705882
0.43382352941176466
0.45220588235294112
0.47058823529411764
0.4889705882352941
0.5
0.5
0.5
0.5
0.5
0.5
0.5
0.51102941176470584
0.52941176470588225
0.54779411764705876
0.56617647058823517
0.5845588235294118
0.6029411764705882
0.62132352941176472
0.63970588235294112
0.65808823529411764
0.67647058823529405
0.69485294117647067
0.71323529411764708
0.73161764705882359
0.75
0.75
0.75
0.75
0.75
0.75
0.75
0.75
0.75
0.75
0.75
0.75
0.75
0.75
0.75
0.75
0.75
0.75
0.75
0.75
0.75
0.75
0.75
0.75
0.75
0.75
0.75
0.75
0.75
0.75
0.75
0.75
0.75
0.75
0.75
0.75
0.75
0.75
0.75
0.75
0.75
0.75
0.75
0.75
0.75
0.75
0.75
0.75
0.75
0.75
0.75
0.75
0.75
0.75
0.75
0.75
0.75
0.75
0.75
0.75
0.75
0.75
0.75
0.75
0.75
0.75
0.75
0.75
0.75
0.75
0.75
0.75
0.75
0.75
0.75
0.75
0.75
0.75
0.75
0.75
0.75
0.75
0.75
0.75
0.75
0.75
0.75
0.75
0.75
0.75
0.75
0.75
0.75
0.75
0.75
0.75
0.75
0.75
0.75
0.75
0.75
0.75
0.75
0.75
0.75
0.75
0.75
0.75
0.75
0.75
0.75
0.75
0.75
0.75
0.75
0.75
0.75
0.75
0.75
0.75
0.75
0.75
0.75
0.75
0.75
0.75
0.75
0.75
0.75
0.75
0.75
0.75
0.75
0.75
0.75
0.75
0.75
0.75
0.75
0.75
0.75
0.75
0.75
0.75
0.75
0.75
0.75
0.75
0.75
0.75
0.75
0.75
0.75
0.75
0.75
0.75
0.75
0.75
0.75
0.75
0.75
0.75
0.75
0.75
0.75
0.75
0.75
0.75
0.75
0.75
0.75
0.75
0.75
0.75
0.75
0.75
0.75
0.75
0.75
0.75
0.75
0.75
0.75
0.75
0.75
0.75
0.75
0.75
0.75
0.75
0.75
0.75
0.75
0.75
0.75
0.75
0.75
0.75
0.75
0.75
0.75
0.75
0.75
0.75
0.75
0.25
0.25
0.25
0.25
0.25
0.25
0.25
0.25
0.25
0.25
0.25
0.25
0.25
0.25
0.25
0.25
0.25
0.25
0.2589285714285714
0.27678571428571425
0.2946428571428571
0.3125
0.33035714285714285
0.3482142857142857
0.3660714285714286
0.3839285714285714
0.4017857142857143
0.41964285714285715
0.4375
0.4553571428571429
0.4732142857142857
0.49107142857142855
0.5
0.5
0.5
0.5
0.5
0.5
0.5
0.5089285714285714
0.52678571428571419
0.5446428571428571
0.56249999999999989
0.5803571428571429
0.5982142857142857
0.6160714285714286
0.6339285714285714
0.65178571428571419
0.6696428571428571
0.68749999999999989
0.7053571428571429
0.7232142857142857
0.7410714285714286
0.75
0.75
0.75
0.75
0.75
0.75
0.75
0.75
0.75
0.75
0.75
0.75
0.75
0.75
0.75
0.75
0.75
0.75
0.75
0.75
0.75
0.75
0.75
0.75
0.75
0.75
0.75
0.75
0.75
0.75
0.75
0.75
0.75
0.75
0.75
0.75
0.75
0.75
0.75
0.75
0.75
0.75
0.75
0.75
0.75
0.75
0.75
0.75
0.75
0.75
0.75
0.75
0.75
0.75
0.75
0.75
0.75
0.75
0.75
0.75
0.75
0.75
0.75
0.75
0.75
0.75
0.75
0.75
0.75
0.75
0.75
0.75
0.75
0.75
0.75
0.75
0.75
0.75
0.75
0.75
0.75
0.75
0.75
0.75
0.75
0.75
0.75
0.75
0.75
0.75
0.75
0.75
0.75
0.75
0.75
0.75
0.75
0.75
0.75
0.75
0.75
0.75
0.75
0.75
0.75
0.75
0.75
0.75
0.75
0.75
0.75
0.75
0.75
0.75
0.75
0.75
0.75
0.75
0.75
0.75
0.75
0.75
0.75
0.75
0.75
0.75
0.75
0.75
0.75
0.75
0.75
0.75
0.75
0.75
0.75
0.75
0.75
0.75
0.75
0.75
0.75
0.75
0.75
0.75
0.75
0.75
0.75
0.75
0.75
0.75
0.75
0.75
0.75
0.75
0.75
0.75
0.75
0.75
0.75
0.75
0.75
0.75
0.75
0.75
0.75
0.75
0.75
0.75
0.75
0.75
0.75
0.75
0.75
0.75
0.75
0.75
0.75
0.75
0.75
0.75
0.75
0.75
0.75
0.75
0.75
0.75
0.75
0.75
0.75
0.75
0.75
0.75
0.75
0.75
0.75
0.75
0.75
0.75
0.75
0.75
0.75
0.75
0.75
0.25
0.25
0.25
0.25
0.25
0.25
0.25
0.25
0.25
0.25
0.25
0.25
0.25
0.25
0.25
0.25
0.25
0.25
0.25
0.2673611111111111
0.28472222222222221
0.30208333333333337
0.31944444444444448
0.33680555555555552
0.35416666666666663
0.37152777777777779
0.38888888888888884
0.40625
0.4236111111111111
0.44097222222222221
0.45833333333333337
0.47569444444444448
0.49305555555555552
0.5
0.5
0.5
0.5
0.5
0.5
0.5
0.50694444444444442
0.52430555555555547
0.54166666666666663
0.55902777777777768
0.57638888888888895
0.59375
0.61111111111111105
0.62847222222222221
0.64583333333333326
0.66319444444444442
0.68055555555555547
0.69791666666666674
0.71527777777777779
0.73263888888888895
0.75
0.75
0.75
0.75
0.75
0.75
0.75
0.75
0.75
0.75
0.75
0.75
0.75
0.75
0.75
0.75
0.75
0.75
0.75
0.75
0.75
0.75
0.75
0.75
0.75
0.75
0.75
0.75
0.75
0.75
0.75
0.75
0.75
0.75
0.75
0.75
0.75
0.75
0.75
0.75
0.75
0.75
0.75
0.75
0.75
0.75
0.75
0.75
0.75
0.75
0.75
0.75
0.75
0.75
0.75
0.75
0.75
0.75
0.75
0.75
0.75
0.75
0.75
0.75
0.75
0.75
0.75
0.75
0.75
0.75
0.75
0.75
0.75
0.75
0.75
0.75
0.75
0.75
0.75
0.75
0.75
0.75
0.75
0.75
0.75
0.75
0.75
0.75
0.75
0.75
0.75
0.75
0.75
0.75
0.75
0.75
0.75
0.75
0.75
0.75
0.75
0.75
0.75
0.75
0.75
0.75
0.75
0.75
0.75
0.75
0.75
0.75
0.75
0.75
0.75
0.75
0.75
0.75
0.75
0.75
0.75
0.75
0.75
0.75
0.75
0.75
0.75
0.75
0.75
0.75
0.75
0.75
0.75
0.75
0.75
0.75
0.75
0.75
0.75
0.75
0.75
0.75
0.75
0.75
0.75
0.75
0.75
0.75
0.75
0.75
0.75
0.75
0.75
0.75
0.75
0.75
0.75
0.75
0.75
0.75
0.75
0.75
0.75
0.75
0.75
0.75
0.75
0.75
0.75
0.75
0.75
0.75
0.75
0.75
0.75
0.75
0.75
0.75
0.75
0.75
0.75
0.75
0.75
0.75
0.75
0.75
0.75
0.75
0.75
0.75
0.75
0.75
0.75
0.75
0.75
0.75
0.75
0.75
0.75
0.75
0.75
0.75
0.25
0.25
0.25
0.25
0.25
0.25
0.25
0.25
0.25
0.25
0.25
0.25
0.25
0.25
0.25
0.25
0.25
0.25
0.25
0.25844594594594594
0.27533783783783783
0.29222972972972971
0.30912162162162166
0.32601351351351349
0.34290540540540543
0.35979729729729726
0.3766891891891892
0.39358108108108103
0.41047297297297303
0.42736486486486486
0.4442567567567568
0.46114864864864863
0.47804054054054057
0.49493243243243246
0.5
0.5
0.5
0.5
0.5
0.5
0.5
0.50506756756756754
0.52195945945945943
0.5388513513513512
0.5557432432432432
0.57263513513513509
0.58952702702702697
0.60641891891891886
0.62331081081081086
0.64020270270270263
0.65709459459459452
0.6739864864864864
0.6908783783783784
0.70777027027027029
0.72466216216216217
0.74155405405405395
0.75
0.75
0.75
0.75
0.75
0.75
0.75
0.75
0.75
0.75
0.75
0.75
0.75
0.75
0.75
0.75
0.75
0.75
0.75
0.75
0.75
0.75
0.75
0.75
0.75
0.75
0.75
0.75
0.75
0.75
0.75
0.75
0.75
0.75
0.75
0.75
0.75
0.75
0.75
0.75
0.75
0.75
0.75
0.75
0.75
0.75
0.75
0.75
0.75
0.75
0.75
0.75
0.75
0.75
0.75
0.75
0.75
0.75
0.75
0.75
0.75
0.75
0.75
0.75
0.75
0.75
0.75
0.75
0.75
0.75
0.75
0.75
0.75
0.75
0.75
0.75
0.75
0.75
0.75
0.75
0.75
0.75
0.75
0.75
0.75
0.75
0.75
0.75
0.75
0.75
0.75
0.75
0.75
0.75
0.75
0.75
0.75
0.75
0.75
0.75
0.75
0.75
0.75
0.75
0.75
0.75
0.75
0.75
0.75
0.75
0.75
0.75
0.75
0.75
0.75
0.75
0.75
0.75
0.75
0.75
0.75
0.75
0.75
0.75
0.75
0.75
0.75
0.75
0.75
0.75
0.75
0.75
0.75
0.75
0.75
0.75
0.75
0.75
0.75
0.75
0.75
0.75
0.75
0.75
0.75
0.75
0.75
0.75
0.75
0.75
0.75
0.75
0.75
0.75
0.75
0.75
0.75
0.75
0.75
0.75
0.75
0.75
0.75
0.75
0.75
0.75
0.75
0.75
0.75
0.75
0.75
0.75
0.75
0.75
0.75
0.75
0.75
0.75
0.75
0.75
0.75
0.75
0.75
0.75
0.75
0.75
0.75
0.75
0.75
0.75
0.75
0.75
0.75
0.75
0.75
0.75
0.75
0.75
0.75
0.75
0.25
0.25
0.25
0.25
0.25
0.25
0.25
0.25
0.25
0.25
0.25
0.25
0.25
0.25
0.25
0.25
0.25
0.25
0.25
0.25
0.2664473684210526
0.28289473684210531
0.29934210526315791
0.31578947368421051
0.33223684210526316
0.34868421052631582
0.36513157894736842
0.38157894736842102
0.39802631578947367
0.41447368421052633
0.43092105263157898
0.44736842105263153
0.46381578947368418
0.48026315789473684
0.49671052631578949
0.5
0.5
0.5
0.5
0.5
0.5
0.5
0.50328947368421051
0.51973684210526305
0.53618421052631582
0.55263157894736836
0.56907894736842102
0.58552631578947367
0.60197368421052622
0.61842105263157898
0.63486842105263164
0.65131578947368418
0.66776315789473684
0.68421052631578938
0.70065789473684204
0.7171052631578948
0.73355263157894735
0.75
0.75
0.75
0.75
0.75
0.75
0.75
0.75
0.75
0.75
0.75
0.75
0.75
0.75
0.75
0.75
0.75
0.75
0.75
0.75
0.75
0.75
0.75
0.75
0.75
0.75
0.75
0.75
0.75
0.75
0.75
0.75
0.75
0.75
0.75
0.75
0.75
0.75
0.75
0.75
0.75
0.75
0.75
0.75
0.75
0.75
0.75
0.75
0.75
0.75
0.75
0.75
0.75
0.75
0.75
0.75
0.75
0.75
0.75
0.75
0.75
0.75
0.75
0.75
0.75
0.75
0.75
0.75
0.75
0.75
0.75
0.75
0.75
0.75
0.75
0.75
0.75
0.75
0.75
0.75
0.75
0.75
0.75
0.75
0.75
0.75
0.75
0.75
0.75
0.75
0.75
0.75
0.75
0.75
0.75
0.75
0.75
0.75
0.75
0.75
0.75
0.75
0.75
0.75
0.75
0.75
0.75
0.75
0.75
0.75
0.75
0.75
0.75
0.75
0.75
0.75
0.75
0.75
0.75
0.75
0.75
0.75
0.75
0.75
0.75
0.75
0.75
0.75
0.75
0.75
0.75
0.75
0.75
0.75
0.75
0.75
0.75
0.75
0.75
0.75
0.75
0.75
0.75
0.75
0.75
0.75
0.75
0.75
0.75
0.75
0.75
0.75
0.75
0.75
0.75
0.75
0.75
0.75
0.75
0.75
0.75
0.75
0.75
0.75
0.75
0.75
0.75
0.75
0.75
0.75
0.75
0.75
0.75
0.75
0.75
0.75
0.75
0.75
0.75
0.75
0.75
0.75
0.75
0.75
0.75
0.75
0.75
0.75
0.75
0.75
0.75
0.75
0.75
0.75
0.75
0.75
0.75
0.75
0.75
0.25
0.25
0.25
0.25
0.25
0.25
0.25
0.25
0.25
0.25
0.25
0.25
0.25
0.25
0.25
0.25
0.25
0.25
0.25
0.25
0.25801282051282048
0.27403846153846151
0.29006410256410253
0.30608974358974361
0.32211538461538464
0.33814102564102566
0.35416666666666663
0.37019230769230771
0.38621794871794868
0.40224358974358976
0.41826923076923078
0.43429487179487175
0.45032051282051277
0.46634615384615385
0.48237179487179488
0.4983974358974359
0.5
0.5
0.5
0.5
0.5
0.5
0.5
0.5016025641025641
0.51762820512820507
0.53365384615384603
0.54967948717948711
0.56570512820512808
0.58173076923076927
0.59775641025641024
0.61378205128205132
0.62980769230769229
0.64583333333333326
0.66185897435897434
0.67788461538461531
0.6939102564102565
0.70993589743589747
0.72596153846153844
0.74198717948717952
0.75
0.75
0.75
0.75
0.75
0.75
0.75
0.75
0.75
0.75
0.75
0.75
0.75
0.75
0.75
0.75
0.75
0.75
0.75
0.75
0.75
0.75
0.75
0.75
0.75
0.75
0.75
0.75
0.75
0.75
0.75
0.75
0.75
0.75
0.75
0.75
0.75
0.75
0.75
0.75
0.75
0.75
0.75
0.75
0.75
0.75
0.75
0.75
0.75
0.75
0.75
0.75
0.75
0.75
0.75
0.75
0.75
0.75
0.75
0.75
0.75
0.75
0.75
0.75
0.75
0.75
0.75
0.75
0.75
0.75
0.75
0.75
0.75
0.75
0.75
0.75
0.75
0.75
0.75
0.75
0.75
0.75
0.75
0.75
0.75
0.75
0.75
0.75
0.75
0.75
0.75
0.75
0.75
0.75
0.75
0.75
0.75
0.75
0.75
0.75
0.75
0.75
0.75
0.75
0.75
0.75
0.75
0.75
0.75
0.75
0.75
0.75
0.75
0.75
0.75
0.75
0.75
0.75
0.75
0.75
0.75
0.75
0.75
0.75
0.75
0.75
0.75
0.75
0.75
0.75
0.75
0.75
0.75
0.75
0.75
0.75
0.75
0.75
0.75
0.75
0.75
0.75
0.75
0.75
0.75
0.75
0.75
0.75
0.75
0.75
0.75
0.75
0.75
0.75
0.75
0.75
0.75
0.75
0.75
0.75
0.75
0.75
0.75
0.75
0.75
0.75
0.75
0.75
0.75
0.75
0.75
0.75
0.75
0.75
0.75
0.75
0.75
0.75
0.75
0.75
0.75
0.75
0.75
0.75
0.75
0.75
0.75
0.75
0.75
0.75
0.75
0.75
0.75
0.75
0.75
0.75
0.75
0.25
0.25
0.25
0.25
0.25
0.25
0.25
0.25
0.25
0.25
0.25
0.25
0.25
0.25
0.25
0.25
0.25
0.25
0.25
0.25
0.25
0.265625
0.28125
0.296875
0.3125
0.328125
0.34375
0.359375
0.375
0.390625
0.40625
0.421875
0.4375
0.453125
0.46875
0.484375
0.5
0.5
0.5
0.5
0.5
0.5
0.5
0.5
0.5
0.515625
0.53124999999999989
0.546875
0.56249999999999989
0.578125
0.59375
0.60937499999999989
0.625
0.640625
0.65625
0.671875
0.68749999999999989
0.703125
0.71875
0.734375
0.75
0.75
0.75
0.75
0.75
0.75
0.75
0.75
0.75
0.75
0.75
0.75
0.75
0.75
0.75
0.75
0.75
0.75
0.75
0.75
0.75
0.75
0.75
0.75
0.75
0.75
0.75
0.75
0.75
0.75
0.75
0.75
0.75
0.75
0.75
0.75
0.75
0.75
0.75
0.75
0.75
0.75
0.75
0.75
0.75
0.75
0.75
0.75
0.75
0.75
0.75
0.75
0.75
0.75
0.75
0.75
0.75
0.75
0.75
0.75
0.75
0.75
0.75
0.75
0.75
0.75
0.75
0.75
0.75
0.75
0.75
0.75
0.75
0.75
0.75
0.75
0.75
0.75
0.75
0.75
0.75
0.75
0.75
0.75
0.75
0.75
0.75
0.75
0.75
0.75
0.75
0.75
0.75
0.75
0.75
0.75
0.75
0.75
0.75
0.75
0.75
0.75
0.75
0.75
0.75
0.75
0.75
0.75
0.75
0.75
0.75
0.75
0.75
0.75
0.75
0.75
0.75
0.75
0.75
0.75
0.75
0.75
0.75
0.75
0.75
0.75
0.75
0.75
0.75
0.75
0.75
0.75
0.75
0.75
0.75
0.75
0.75
0.75
0.75
0.75
0.75
0.75
0.75
0.75
0.75
0.75
0.75
0.75
0.75
0.75
0.75
0.75
0.75
0.75
0.75
0.75
0.75
0.75
0.75
0.75
0.75
0.75
0.75
0.75
0.75
0.75
0.75
0.75
0.75
0.75
0.75
0.75
0.75
0.75
0.75
0.75
0.75
0.75
0.75
0.75
0.75
0.75
0.75
0.75
0.75
0.75
0.75
0.75
0.75
0.75
0.75
0.75
0.75
0.75
0.75
0.75
0.25
0.25
0.25
0.25
0.25
0.25
0.25
0.25
0.25
0.25
0.25
0.25
0.25
0.25
0.25
0.25
0.25
0.25
0.25
0.25
0.25
0.2576219512195122
0.27286585365853661
0.28810975609756101
0.30335365853658536
0.31859756097560976
0.33384146341463417
0.34908536585365857
0.36432926829268297
0.37957317073170727
0.39481707317073167
0.41006097560975607
0.42530487804878048
0.44054878048780488
0.45579268292682923
0.47103658536585363
0.48628048780487804
0.5
0.5
0.5
0.5
0.5
0.5
0.5
0.5
0.5
0.51371951219512202
0.5289634146341462
0.5442073170731706
0.55945121951219501
0.57469512195121941
0.58993902439024382
0.60518292682926833
0.62042682926829262
0.63567073170731714
0.65091463414634143
0.66615853658536595
0.68140243902439013
0.69664634146341453
0.71189024390243905
0.72713414634146334
0.74237804878048785
0.75
0.75
0.75
0.75
0.75
0.75
0.75
0.75
0.75
0.75
0.75
0.75
0.75
0.75
0.75
0.75
0.75
0.75
0.75
0.75
0.75
0.75
0.75
0.75
0.75
0.75
0.75
0.75
0.75
0.75
0.75
0.75
0.75
0.75
0.75
0.75
0.75
0.75
0.75
0.75
0.75
0.75
0.75
0.75
0.75
0.75
0.75
0.75
0.75
0.75
0.75
0.75
0.75
0.75
0.75
0.75
0.75
0.75
0.75
0.75
0.75
0.75
0.75
0.75
0.75
0.75
0.75
0.75
0.75
0.75
0.75
0.75
0.75
0.75
0.75
0.75
0.75
0.75
0.75
0.75
0.75
0.75
0.75
0.75
0.75
0.75
0.75
0.75
0.75
0.75
0.75
0.75
0.75
0.75
0.75
0.75
0.75
0.75
0.75
0.75
0.75
0.75
0.75
0.75
0.75
0.75
0.75
0.75
0.75
0.75
0.75
0.75
0.75
0.75
0.75
0.75
0.75
0.75
0.75
0.75
0.75
0.75
0.75
0.75
0.75
0.75
0.75
0.75
0.75
0.75
0.75
0.75
0.75
0.75
0.75
0.75
0.75
0.75
0.75
0.75
0.75
0.75
0.75
0.75
0.75
0.75
0.75
0.75
0.75
0.75
0.75
0.75
0.75
0.75
0.75
0.75
0.75
0.75
0.75
0.75
0.75
0.75
0.75
0.75
0.75
0.75
0.75
0.75
0.75
0.75
0.75
0.75
0.75
0.75
0.75
0.75
0.75
0.75
0.75
0.75
0.75
0.75
0.75
0.75
0.75
0.75
0.75
0.75
0.75
0.75
0.75
0.75
0.75
0.75
0.25
0.25
0.25
0.25
0.25
0.25
0.25
0.25
0.25
0.25
0.25
0.25
0.25
0.25
0.25
0.25
0.25
0.25
0.25
0.25
0.25
0.25
0.26488095238095238
0.27976190476190477
0.2946428571428571
0.30952380952380953
0.32440476190476192
0.3392857142857143
0.35416666666666663
0.36904761904761907
0.3839285714285714
0.39880952380952384
0.41369047619047616
0.42857142857142855
0.44345238095238093
0.45833333333333337
0.4732142857142857
0.48809523809523808
0.5
0.5
0.5
0.5
0.5
0.5
0.5
0.5
0.5
0.51190476190476186
0.52678571428571419
0.54166666666666663
0.55654761904761896
0.57142857142857129
0.58630952380952384
0.60119047619047616
0.6160714285714286
0.63095238095238093
0.64583333333333326
0.6607142857142857
0.67559523809523803
0.69047619047619047
0.7053571428571429
0.72023809523809523
0.73511904761904767
0.75
0.75
0.75
0.75
0.75
0.75
0.75
0.75
0.75
0.75
0.75
0.75
0.75
0.75
0.75
0.75
0.75
0.75
0.75
0.75
0.75
0.75
0.75
0.75
0.75
0.75
0.75
0.75
0.75
0.75
0.75
0.75
0.75
0.75
0.75
0.75
0.75
0.75
0.75
0.75
0.75
0.75
0.75
0.75
0.75
0.75
0.75
0.75
0.75
0.75
0.75
0.75
0.75
0.75
0.75
0.75
0.75
0.75
0.75
0.75
0.75
0.75
0.75
0.75
0.75
0.75
0.75
0.75
0.75
0.75
0.75
0.75
0.75
0.75
0.75
0.75
0.75
0.75
0.75
0.75
0.75
0.75
0.75
0.75
0.75
0.75
0.75
0.75
0.75
0.75
0.75
0.75
0.75
0.75
0.75
0.75
0.75
0.75
0.75
0.75
0.75
0.75
0.75
0.75
0.75
0.75
0.75
0.75
0.75
0.75
0.75
0.75
0.75
0.75
0.75
0.75
0.75
0.75
0.75
0.75
0.75
0.75
0.75
0.75
0.75
0.75
0.75
0.75
0.75
0.75
0.75
0.75
0.75
0.75
0.75
0.75
0.75
0.75
0.75
0.75
0.75
0.75
0.75
0.75
0.75
0.75
0.75
0.75
0.75
0.75
0.75
0.75
0.75
0.75
0.75
0.75
0.75
0.75
0.75
0.75
0.75
0.75
0.75
0.75
0.75
0.75
0.75
0.75
0.75
0.75
0.75
0.75
0.75
0.75
0.75
0.75
0.75
0.75
0.75
0.75
0.75
0.75
0.75
0.75
0.75
0.75
0.75
0.75
0.75
0.75
0.75
0.75
0.75
0.25
0.25
0.25
0.25
0.25
0.25
0.25
0.25
0.25
0.25
0.25
0.25
0.25
0.25
0.25
0.25
0.25
0.25
0.25
0.25
0.25
0.25
0.25726744186046513
0.27180232558139533
0.28633720930232559
0.30087209302325585
0.31540697674418605
0.32994186046511631
0.34447674418604657
0.35901162790697672
0.37354651162790697
0.38808139534883718
0.40261627906976744
0.41715116279069769
0.4316860465116279
0.44622093023255816
0.46075581395348841
0.47529069767441856
0.48982558139534882
0.5
0.5
0.5
0.5
0.5
0.5
0.5
0.5
0.5
0.51017441860465107
0.52470930232558133
0.53924418604651159
0.55377906976744184
0.56831395348837199
0.58284883720930225
0.59738372093023251
0.61191860465116277
0.62645348837209303
0.64098837209302317
0.65552325581395343
0.67005813953488369
0.68459302325581395
0.69912790697674421
0.71366279069767435
0.72819767441860461
0.74273255813953487
0.75
0.75
0.75
0.75
0.75
0.75
0.75
0.75
0.75
0.75
0.75
0.75
0.75
0.75
0.75
0.75
0.75
0.75
0.75
0.75
0.75
0.75
0.75
0.75
0.75
0.75
0.75
0.75
0.75
0.75
0.75
0.75
0.75
0.75
0.75
0.75
0.75
0.75
0.75
0.75
0.75
0.75
0.75
0.75
0.75
0.75
0.75
0.75
0.75
0.75
0.75
0.75
0.75
0.75
0.75
0.75
0.75
0.75
0.75
0.75
0.75
0.75
0.75
0.75
0.75
0.75
0.75
0.75
0.75
0.75
0.75
0.75
0.75
0.75
0.75
0.75
0.75
0.75
0.75
0.75
0.75
0.75
0.75
0.75
0.75
0.75
0.75
0.75
0.75
0.75
0.75
0.75
0.75
0.75
0.75
0.75
0.75
0.75
0.75
0.75
0.75
0.75
0.75
0.75
0.75
0.75
0.75
0.75
0.75
0.75
0.75
0.75
0.75
0.75
0.75
0.75
0.75
0.75
0.75
0.75
0.75
0.75
0.75
0.75
0.75
0.75
0.75
0.75
0.75
0.75
0.75
0.75
0.75
0.75
0.75
0.75
0.75
0.75
0.75
0.75
0.75
0.75
0.75
0.75
0.75
0.75
0.75
0.75
0.75
0.75
0.75
0.75
0.75
0.75
0.75
0.75
0.75
0.75
0.75
0.75
0.75
0.75
0.75
0.75
0.75
0.75
0.75
0.75
0.75
0.75
0.75
0.75
0.75
0.75
0.75
0.75
0.75
0.75
0.75
0.75
0.75
0.75
0.75
0.75
0.75
0.75
0.75
0.75
0.75
0.75
0.75
0.25
0.25
0.25
0.25
0.25
0.25
0.25
0.25
0.25
0.25
0.25
0.25
0.25
0.25
0.25
0.25
0.25
0.25
0.25
0.25
0.25
0.25
0.25
0.26420454545454541
0.27840909090909088
0.29261363636363641
0.30681818181818182
0.32102272727272729
0.33522727272727271
0.34943181818181818
0.36363636363636359
0.37784090909090912
0.39204545454545459
0.40625
0.42045454545454541
0.43465909090909088
0.44886363636363635
0.46306818181818182
0.47727272727272729
0.49147727272727271
0.5
0.5
0.5
0.5
0.5
0.5
0.5
0.5
0.5
0.50852272727272718
0.52272727272727271
0.53693181818181823
0.55113636363636365
0.56534090909090906
0.57954545454545447
0.59375
0.60795454545454541
0.62215909090909083
0.63636363636363624
0.65056818181818177
0.66477272727272718
0.67897727272727271
0.69318181818181823
0.70738636363636365
0.72159090909090917
0.73579545454545459
0.75
0.75
0.75
0.75
0.75
0.75
0.75
0.75
0.75
0.75
0.75
0.75
0.75
0.75
0.75
0.75
0.75
0.75
0.75
0.75
0.75
0.75
0.75
0.75
0.75
0.75
0.75
0.75
0.75
0.75
0.75
0.75
0.75
0.75
0.75
0.75
0.75
0.75
0.75
0.75
0.75
0.75
0.75
0.75
0.75
0.75
0.75
0.75
0.75
0.75
0.75
0.75
0.75
0.75
0.75
0.75
0.75
0.75
0.75
0.75
0.75
0.75
0.75
0.75
0.75
0.75
0.75
0.75
0.75
0.75
0.75
0.75
0.75
0.75
0.75
0.75
0.75
0.75
0.75
0.75
0.75
0.75
0.75
0.75
0.75
0.75
0.75
0.75
0.75
0.75
0.75
0.75
0.75
0.75
0.75
0.75
0.75
0.75
0.75
0.75
0.75
0.75
0.75
0.75
0.75
0.75
0.75
0.75
0.75
0.75
0.75
0.75
0.75
0.75
0.75
0.75
0.75
0.75
0.75
0.75
0.75
0.75
0.75
0.75
0.75
0.75
0.75
0.75
0.75
0.75
0.75
0.75
0.75
0.75
0.75
0.75
0.75
0.75
0.75
0.75
0.75
0.75
0.75
0.75
0.75
0.75
0.75
0.75
0.75
0.75
0.75
0.75
0.75
0.75
0.75
0.75
0.75
0.75
0.75
0.75
0.75
0.75
0.75
0.75
0.75
0.75
0.75
0.75
0.75
0.75
0.75
0.75
0.75
0.75
0.75
0.75
0.75
0.75
0.75
0.75
0.75
0.75
0.75
0.75
0.75
0.75
0.75
0.75
0.75
0.75
0.25
0.25
0.25
0.25
0.25
0.25
0.25
0.25
0.25
0.25
0.25
0.25
0.25
0.25
0.25
0.25
0.25
0.25
0.25
0.25
0.25
0.25
0.25
0.25694444444444442
0.27083333333333331
0.28472222222222221
0.29861111111111105
0.3125
0.3263888888888889
0.34027777777777779
0.35416666666666663
0.36805555555555558
0.38194444444444442
0.39583333333333326
0.40972222222222221
0.4236111111111111
0.4375
0.45138888888888884
0.46527777777777779
0.47916666666666669
0.49305555555555552
0.5
0.5
0.5
0.5
0.5
0.5
0.5
0.5
0.5
0.50694444444444442
0.52083333333333326
0.5347222222222221
0.54861111111111105
0.56249999999999989
0.57638888888888895
0.59027777777777779
0.60416666666666663
0.61805555555555558
0.63194444444444442
0.64583333333333326
0.65972222222222221
0.67361111111111105
0.68749999999999989
0.70138888888888895
0.71527777777777779
0.72916666666666663
0.74305555555555558
0.75
0.75
0.75
0.75
0.75
0.75
0.75
0.75
0.75
0.75
0.75
0.75
0.75
0.75
0.75
0.75
0.75
0.75
0.75
0.75
0.75
0.75
0.75
0.75
0.75
0.75
0.75
0.75
0.75
0.75
0.75
0.75
0.75
0.75
0.75
0.75
0.75
0.75
0.75
0.75
0.75
0.75
0.75
0.75
0.75
0.75
0.75
0.75
0.75
0.75
0.75
0.75
0.75
0.75
0.75
0.75
0.75
0.75
0.75
0.75
0.75
0.75
0.75
0.75
0.75
0.75
0.75
0.75
0.75
0.75
0.75
0.75
0.75
0.75
0.75
0.75
0.75
0.75
0.75
0.75
0.75
0.75
0.75
0.75
0.75
0.75
0.75
0.75
0.75
0.75
0.75
0.75
0.75
0.75
0.75
0.75
0.75
0.75
0.75
0.75
0.75
0.75
0.75
0.75
0.75
0.75
0.75
0.75
0.75
0.75
0.75
0.75
0.75
0.75
0.75
0.75
0.75
0.75
0.75
0.75
0.75
0.75
0.75
0.75
0.75
0.75
0.75
0.75
0.75
0.75
0.75
0.75
0.75
0.75
0.75
0.75
0.75
0.75
0.75
0.75
0.75
0.75
0.75
0.75
0.75
0.75
0.75
0.75
0.75
0.75
0.75
0.75
0.75
0.75
0.75
0.75
0.75
0.75
0.75
0.75
0.75
0.75
0.75
0.75
0.75
0.75
0.75
0.75
0.75
0.75
0.75
0.75
0.75
0.75
0.75
0.75
0.75
0.75
0.75
0.75
0.75
0.75
0.75
0.75
0.75
0.75
0.75
0.75
0.25
0.25
0.25
0.25
0.25
0.25
0.25
0.25
0.25
0.25
0.25
0.25
0.25
0.25
0.25
0.25
0.25
0.25
0.25
0.25
0.25
0.25
0.25
0.25
0.26358695652173914
0.27717391304347827
0.29076086956521735
0.30434782608695654
0.31793478260869568
0.33152173913043481
0.34510869565217395
0.35869565217391303
0.37228260869565216
0.38586956521739124
0.39945652173913038
0.41304347826086962
0.4266304347826087
0.44021739130434784
0.45380434782608692
0.46739130434782605
0.48097826086956519
0.49456521739130432
0.5
0.5
0.5
0.5
0.5
0.5
0.5
0.5
0.5
0.50543478260869568
0.5190217391304347
0.53260869565217384
0.54619565217391308
0.55978260869565211
0.57336956521739135
0.58695652173913038
0.60054347826086962
0.61413043478260865
0.62771739130434778
0.64130434782608692
0.65489130434782605
0.66847826086956519
0.68206521739130432
0.69565217391304346
0.70923913043478259
0.72282608695652173
0.73641304347826075
0.75
0.75
0.75
0.75
0.75
0.75
0.75
0.75
0.75
0.75
0.75
0.75
0.75
0.75
0.75
0.75
0.75
0.75
0.75
0.75
0.75
0.75
0.75
0.75
0.75
0.75
0.75
0.75
0.75
0.75
0.75
0.75
0.75
0.75
0.75
0.75
0.75
0.75
0.75
0.75
0.75
0.75
0.75
0.75
0.75
0.75
0.75
0.75
0.75
0.75
0.75
0.75
0.75
0.75
0.75
0.75
0.75
0.75
0.75
0.75
0.75
0.75
0.75
0.75
0.75
0.75
0.75
0.75
0.75
0.75
0.75
0.75
0.75
0.75
0.75
0.75
0.75
0.75
0.75
0.75
0.75
0.75
0.75
0.75
0.75
0.75
0.75
0.75
0.75
0.75
0.75
0.75
0.75
0.75
0.75
0.75
0.75
0.75
0.75
0.75
0.75
0.75
0.75
0.75
0.75
0.75
0.75
0.75
0.75
0.75
0.75
0.75
0.75
0.75
0.75
0.75
0.75
0.75
0.75
0.75
0.75
0.75
0.75
0.75
0.75
0.75
0.75
0.75
0.75
0.75
0.75
0.75
0.75
0.75
0.75
0.75
0.75
0.75
0.75
0.75
0.75
0.75
0.75
0.75
0.75
0.75
0.75
0.75
0.75
0.75
0.75
0.75
0.75
0.75
0.75
0.75
0.75
0.75
0.75
0.75
0.75
0.75
0.75
0.75
0.75
0.75
0.75
0.75
0.75
0.75
0.75
0.75
0.75
0.75
0.75
0.75
0.75
0.75
0.75
0.75
0.75
0.75
0.75
0.75
0.75
0.75
0.75
0.25
0.25
0.25
0.25
0.25
0.25
0.25
0.25
0.25
0.25
0.25
0.25
0.25
0.25
0.25
0.25
0.25
0.25
0.25
0.25
0.25
0.25
0.25
0.25
0.25664893617021273
0.26994680851063829
0.28324468085106386
0.29654255319148937
0.30984042553191488
0.32313829787234044
0.33643617021276595
0.34973404255319146
0.36303191489361702
0.37632978723404253
0.3896276595744681
0.40292553191489355
0.41622340425531912
0.42952127659574468
0.44281914893617014
0.4561170212765957
0.46941489361702127
0.48271276595744683
0.49601063829787229
0.5
0.5
0.5
0.5
0.5
0.5
0.5
0.5
0.5
0.5039893617021276
0.51728723404255317
0.53058510638297873
0.54388297872340419
0.55718085106382975
0.57047872340425532
0.58377659574468077
0.59707446808510634
0.6103723404255319
0.62367021276595747
0.63696808510638292
0.65026595744680848
0.66356382978723394
0.67686170212765961
0.69015957446808507
0.70345744680851063
0.7167553191489362
0.73005319148936176
0.74335106382978722
0.75
0.75
0.75
0.75
0.75
0.75
0.75
0.75
0.75
0.75
0.75
0.75
0.75
0.75
0.75
0.75
0.75
0.75
0.75
0.75
0.75
0.75
0.75
0.75
0.75
0.75
0.75
0.75
0.75
0.75
0.75
0.75
0.75
0.75
0.75
0.75
0.75
0.75
0.75
0.75
0.75
0.75
0.75
0.75
0.75
0.75
0.75
0.75
0.75
0.75
0.75
0.75
0.75
0.75
0.75
0.75
0.75
0.75
0.75
0.75
0.75
0.75
0.75
0.75
0.75
0.75
0.75
0.75
0.75
0.75
0.75
0.75
0.75
0.75
0.75
0.75
0.75
0.75
0.75
0.75
0.75
0.75
0.75
0.75
0.75
0.75
0.75
0.75
0.75
0.75
0.75
0.75
0.75
0.75
0.75
0.75
0.75
0.75
0.75
0.75
0.75
0.75
0.75
0.75
0.75
0.75
0.75
0.75
0.75
0.75
0.75
0.75
0.75
0.75
0.75
0.75
0.75
0.75
0.75
0.75
0.75
0.75
0.75
0.75
0.75
0.75
0.75
0.75
0.75
0.75
0.75
0.75
0.75
0.75
0.75
0.75
0.75
0.75
0.75
0.75
0.75
0.75
0.75
0.75
0.75
0.75
0.75
0.75
0.75
0.75
0.75
0.75
0.75
0.75
0.75
0.75
0.75
0.75
0.75
0.75
0.75
0.75
0.75
0.75
0.75
0.75
0.75
0.75
0.75
0.75
0.75
0.75
0.75
0.75
0.75
0.75
0.75
0.75
0.75
0.75
0.75
0.75
0.75
0.75
0.75
0.25
0.25
0.25
0.25
0.25
0.25
0.25
0.25
0.25
0.25
0.25
0.25
0.25
0.25
0.25
0.25
0.25
0.25
0.25
0.25
0.25
0.25
0.25
0.25
0.25
0.26302083333333337
0.27604166666666663
0.2890625
0.30208333333333337
0.31510416666666663
0.328125
0.34114583333333337
0.35416666666666663
0.3671875
0.38020833333333337
0.39322916666666663
0.40625
0.41927083333333337
0.43229166666666663
0.4453125
0.45833333333333337
0.47135416666666663
0.484375
0.49739583333333337
0.5
0.5
0.5
0.5
0.5
0.5
0.5
0.5
0.5
0.50260416666666663
0.515625
0.52864583333333326
0.54166666666666663
0.5546875
0.56770833333333326
0.58072916666666663
0.59375
0.60677083333333326
0.61979166666666674
0.6328125
0.64583333333333326
0.65885416666666674
0.671875
0.68489583333333326
0.69791666666666674
0.7109375
0.72395833333333326
0.73697916666666674
0.75
0.75
0.75
0.75
0.75
0.75
0.75
0.75
0.75
0.75
0.75
0.75
0.75
0.75
0.75
0.75
0.75
0.75
0.75
0.75
0.75
0.75
0.75
0.75
0.75
0.75
0.75
0.75
0.75
0.75
0.75
0.75
0.75
0.75
0.75
0.75
0.75
0.75
0.75
0.75
0.75
0.75
0.75
0.75
0.75
0.75
0.75
0.75
0.75
0.75
0.75
0.75
0.75
0.75
0.75
0.75
0.75
0.75
0.75
0.75
0.75
0.75
0.75
0.75
0.75
0.75
0.75
0.75
0.75
0.75
0.75
0.75
0.75
0.75
0.75
0.75
0.75
0.75
0.75
0.75
0.75
0.75
0.75
0.75
0.75
0.75
0.75
0.75
0.75
0.75
0.75
0.75
0.75
0.75
0.75
0.75
0.75
0.75
0.75
0.75
0.75
0.75
0.75
0.75
0.75
0.75
0.75
0.75
0.75
0.75
0.75
0.75
0.75
0.75
0.75
0.75
0.75
0.75
0.75
0.75
0.75
0.75
0.75
0.75
0.75
0.75
0.75
0.75
0.75
0.75
0.75
0.75
0.75
0.75
0.75
0.75
0.75
0.75
0.75
0.75
0.75
0.75
0.75
0.75
0.75
0.75
0.75
0.75
0.75
0.75
0.75
0.75
0.75
0.75
0.75
0.75
0.75
0.75
0.75
0.75
0.75
0.75
0.75
0.75
0.75
0.75
0.75
0.75
0.75
0.75
0.75
0.75
0.75
0.75
0.75
0.75
0.75
0.75
0.75
0.75
0.75
0.75
0.75
0.75
0.25
0.25
0.25
0.25
0.25
0.25
0.25
0.25
0.25
0.25
0.25
0.25
0.25
0.25
0.25
0.25
0.25
0.25
0.25
0.25
0.25
0.25
0.25
0.25
0.25
0.25637755102040816
0.26913265306122452
0.28188775510204078
0.2946428571428571
0.30739795918367346
0.32015306122448983
0.33290816326530615
0.3456632653061224
0.35841836734693877
0.37117346938775508
0.3839285714285714
0.39668367346938777
0.40943877551020402
0.42219387755102039
0.43494897959183676
0.44770408163265307
0.46045918367346939
0.4732142857142857
0.48596938775510201
0.49872448979591832
0.5
0.5
0.5
0.5
0.5
0.5
0.5
0.5
0.5
0.50127551020408156
0.51403061224489788
0.52678571428571419
0.5395408163265305
0.55229591836734693
0.56505102040816324
0.57780612244897955
0.59056122448979587
0.60331632653061229
0.6160714285714286
0.62882653061224481
0.64158163265306112
0.65433673469387754
0.66709183673469385
0.67984693877551017
0.69260204081632648
0.7053571428571429
0.71811224489795922
0.73086734693877553
0.74362244897959195
0.75
0.75
0.75
0.75
0.75
0.75
0.75
0.75
0.75
0.75
0.75
0.75
0.75
0.75
0.75
0.75
0.75
0.75
0.75
0.75
0.75
0.75
0.75
0.75
0.75
0.75
0.75
0.75
0.75
0.75
0.75
0.75
0.75
0.75
0.75
0.75
0.75
0.75
0.75
0.75
0.75
0.75
0.75
0.75
0.75
0.75
0.75
0.75
0.75
0.75
0.75
0.75
0.75
0.75
0.75
0.75
0.75
0.75
0.75
0.75
0.75
0.75
0.75
0.75
0.75
0.75
0.75
0.75
0.75
0.75
0.75
0.75
0.75
0.75
0.75
0.75
0.75
0.75
0.75
0.75
0.75
0.75
0.75
0.75
0.75
0.75
0.75
0.75
0.75
0.75
0.75
0.75
0.75
0.75
0.75
0.75
0.75
0.75
0.75
0.75
0.75
0.75
0.75
0.75
0.75
0.75
0.75
0.75
0.75
0.75
0.75
0.75
0.75
0.75
0.75
0.75
0.75
0.75
0.75
0.75
0.75
0.75
0.75
0.75
0.75
0.75
0.75
0.75
0.75
0.75
0.75
0.75
0.75
0.75
0.75
0.75
0.75
0.75
0.75
0.75
0.75
0.75
0.75
0.75
0.75
0.75
0.75
0.75
0.75
0.75
0.75
0.75
0.75
0.75
0.75
0.75
0.75
0.75
0.75
0.75
0.75
0.75
0.75
0.75
0.75
0.75
0.75
0.75
0.75
0.75
0.75
0.75
0.75
0.75
0.75
0.75
0.75
0.75
0.75
0.75
0.75
0.75
0.25
0.25
0.25
0.25
0.25
0.25
0.25
0.25
0.25
0.25
0.25
0.25
0.25
0.25
0.25
0.25
0.25
0.25
0.25
0.25
0.25
0.25
0.25
0.25
0.25
0.25
0.26250000000000001
0.27500000000000002
0.28750000000000003
0.29999999999999999
0.3125
0.32500000000000001
0.33750000000000002
0.35000000000000003
0.36250000000000004
0.375
0.38749999999999996
0.40000000000000002
0.41249999999999998
0.42500000000000004
0.4375
0.44999999999999996
0.46249999999999997
0.47499999999999998
0.48749999999999999
0.5
0.5
0.5
0.5
0.5
0.5
0.5
0.5
0.5
0.5
0.5
0.51250000000000007
0.52499999999999991
0.53749999999999987
0.54999999999999993
0.56249999999999989
0.57499999999999996
0.58749999999999991
0.59999999999999998
0.61250000000000004
0.625
0.63749999999999996
0.65000000000000002
0.66250000000000009
0.67499999999999993
0.68749999999999989
0.69999999999999996
0.71249999999999991
0.72499999999999998
0.73750000000000004
0.75
0.75
0.75
0.75
0.75
0.75
0.75
0.75
0.75
0.75
0.75
0.75
0.75
0.75
0.75
0.75
0.75
0.75
0.75
0.75
0.75
0.75
0.75
0.75
0.75
0.75
0.75
0.75
0.75
0.75
0.75
0.75
0.75
0.75
0.75
0.75
0.75
0.75
0.75
0.75
0.75
0.75
0.75
0.75
0.75
0.75
0.75
0.75
0.75
0.75
0.75
0.75
0.75
0.75
0.75
0.75
0.75
0.75
0.75
0.75
0.75
0.75
0.75
0.75
0.75
0.75
0.75
0.75
0.75
0.75
0.75
0.75
0.75
0.75
0.75
0.75
0.75
0.75
0.75
0.75
0.75
0.75
0.75
0.75
0.75
0.75
0.75
0.75
0.75
0.75
0.75
0.75
0.75
0.75
0.75
0.75
0.75
0.75
0.75
0.75
0.75
0.75
0.75
0.75
0.75
0.75
0.75
0.75
0.75
0.75
0.75
0.75
0.75
0.75
0.75
0.75
0.75
0.75
0.75
0.75
0.75
0.75
0.75
0.75
0.75
0.75
0.75
0.75
0.75
0.75
0.75
0.75
0.75
0.75
0.75
0.75
0.75
0.75
0.75
0.75
0.75
0.75
0.75
0.75
0.75
0.75
0.75
0.75
0.75
0.75
0.75
0.75
0.75
0.75
0.75
0.75
0.75
0.75
0.75
0.75
0.75
0.75
0.75
0.75
0.75
0.75
0.75
0.75
0.75
0.75
0.75
0.75
0.75
0.75
0.75
0.75
0.75
0.75
0.75
0.75
0.75
0.25
0.25
0.25
0.25
0.25
0.25
0.25
0.25
0.25
0.25
0.25
0.25
0.25
0.25
0.25
0.25
0.25
0.25
0.25
0.25
0.25
0.25
0.25
0.25
0.25
0.25
0.25612745098039214
0.26838235294117646
0.28063725490196079
0.29289215686274506
0.30514705882352944
0.31740196078431371
0.32965686274509803
0.34191176470588236
0.35416666666666663
0.36642156862745101
0.37867647058823528
0.39093137254901955
0.40318627450980393
0.4154411764705882
0.42769607843137253
0.43995098039215685
0.45220588235294112
0.46446078431372551
0.47671568627450983
0.4889705882352941
0.5
0.5
0.5
0.5
0.5
0.5
0.5
0.5
0.5
0.5
0.5
0.51102941176470584
0.52328431372549011
0.53553921568627449
0.54779411764705876
0.56004901960784303
0.57230392156862731
0.5845588235294118
0.59681372549019607
0.60906862745098034
0.62132352941176472
0.63357843137254899
0.64583333333333326
0.65808823529411764
0.67034313725490191
0.68259803921568618
0.69485294117647067
0.70710784313725494
0.71936274509803921
0.73161764705882359
0.74387254901960786
0.75
0.75
0.75
0.75
0.75
0.75
0.75
0.75
0.75
0.75
0.75
0.75
0.75
0.75
0.75
0.75
0.75
0.75
0.75
0.75
0.75
0.75
0.75
0.75
0.75
0.75
0.75
0.75
0.75
0.75
0.75
0.75
0.75
0.75
0.75
0.75
0.75
0.75
0.75
0.75
0.75
0.75
0.75
0.75
0.75
0.75
0.75
0.75
0.75
0.75
0.75
0.75
0.75
0.75
0.75
0.75
0.75
0.75
0.75
0.75
0.75
0.75
0.75
0.75
0.75
0.75
0.75
0.75
0.75
0.75
0.75
0.75
0.75
0.75
0.75
0.75
0.75
0.75
0.75
0.75
0.75
0.75
0.75
0.75
0.75
0.75
0.75
0.75
0.75
0.75
0.75
0.75
0.75
0.75
0.75
0.75
0.75
0.75
0.75
0.75
0.75
0.75
0.75
0.75
0.75
0.75
0.75
0.75
0.75
0.75
0.75
0.75
0.75
0.75
0.75
0.75
0.75
0.75
0.75
0.75
0.75
0.75
0.75
0.75
0.75
0.75
0.75
0.75
0.75
0.75
0.75
0.75
0.75
0.75
0.75
0.75
0.75
0.75
0.75
0.75
0.75
0.75
0.75
0.75
0.75
0.75
0.75
0.75
0.75
0.75
0.75
0.75
0.75
0.75
0.75
0.75
0.75
0.75
0.75
0.75
0.75
0.75
0.75
0.75
0.75
0.75
0.75
0.75
0.75
0.75
0.75
0.75
0.75
0.75
0.75
0.75
0.75
0.75
0.75
0.25
0.25
0.25
0.25
0.25
0.25
0.25
0.25
0.25
0.25
0.25
0.25
0.25
0.25
0.25
0.25
0.25
0.25
0.25
0.25
0.25
0.25
0.25
0.25
0.25
0.25
0.25
0.26201923076923078
0.27403846153846151
0.28605769230769229
0.29807692307692302
0.31009615384615385
0.32211538461538464
0.33413461538461536
0.34615384615384615
0.35817307692307698
0.37019230769230771
0.38221153846153844
0.39423076923076916
0.40625
0.41826923076923078
0.43028846153846151
0.44230769230769229
0.45432692307692302
0.46634615384615385
0.47836538461538464
0.49038461538461536
0.5
0.5
0.5
0.5
0.5
0.5
0.5
0.5
0.5
0.5
0.5
0.50961538461538458
0.52163461538461531
0.53365384615384603
0.54567307692307687
0.5576923076923076
0.56971153846153832
0.58173076923076927
0.59375
0.60576923076923073
0.61778846153846156
0.62980769230769229
0.64182692307692302
0.65384615384615385
0.66586538461538458
0.67788461538461531
0.68990384615384603
0.70192307692307698
0.71394230769230771
0.72596153846153844
0.73798076923076927
0.75
0.75
0.75
0.75
0.75
0.75
0.75
0.75
0.75
0.75
0.75
0.75
0.75
0.75
0.75
0.75
0.75
0.75
0.75
0.75
0.75
0.75
0.75
0.75
0.75
0.75
0.75
0.75
0.75
0.75
0.75
0.75
0.75
0.75
0.75
0.75
0.75
0.75
0.75
0.75
0.75
0.75
0.75
0.75
0.75
0.75
0.75
0.75
0.75
0.75
0.75
0.75
0.75
0.75
0.75
0.75
0.75
0.75
0.75
0.75
0.75
0.75
0.75
0.75
0.75
0.75
0.75
0.75
0.75
0.75
0.75
0.75
0.75
0.75
0.75
0.75
0.75
0.75
0.75
0.75
0.75
0.75
0.75
0.75
0.75
0.75
0.75
0.75
0.75
0.75
0.75
0.75
0.75
0.75
0.75
0.75
0.75
0.75
0.75
0.75
0.75
0.75
0.75
0.75
0.75
0.75
0.75
0.75
0.75
0.75
0.75
0.75
0.75
0.75
0.75
0.75
0.75
0.75
0.75
0.75
0.75
0.75
0.75
0.75
0.75
0.75
0.75
0.75
0.75
0.75
0.75
0.75
0.75
0.75
0.75
0.75
0.75
0.75
0.75
0.75
0.75
0.75
0.75
0.75
0.75
0.75
0.75
0.75
0.75
0.75
0.75
0.75
0.75
0.75
0.75
0.75
0.75
0.75
0.75
0.75
0.75
0.75
0.75
0.75
0.75
0.75
0.75
0.75
0.75
0.75
0.75
0.75
0.75
0.75
0.75
0.75
0.75
0.75
0.25
0.25
0.25
0.25
0.25
0.25
0.25
0.25
0.25
0.25
0.25
0.25
0.25
0.25
0.25
0.25
0.25
0.25
0.25
0.25
0.25
0.25
0.25
0.25
0.25
0.25
0.25
0.25589622641509435
0.267688679245283
0.27948113207547171
0.29127358490566035
0.30306603773584906
0.31485849056603771
0.32665094339622641
0.33844339622641506
0.35023584905660377
0.36202830188679241
0.37382075471698112
0.38561320754716977
0.39740566037735847
0.40919811320754718
0.42099056603773588
0.43278301886792458
0.44457547169811323
0.45636792452830188
0.46816037735849059
0.47995283018867929
0.49174528301886794
0.5
0.5
0.5
0.5
0.5
0.5
0.5
0.5
0.5
0.5
0.5
0.508254716981132
0.52004716981132071
0.53183962264150941
0.54363207547169801
0.55542452830188671
0.56721698113207542
0.57900943396226412
0.59080188679245271
0.60259433962264142
0.61438679245283012
0.62617924528301883
0.63797169811320753
0.64976415094339612
0.66155660377358483
0.67334905660377353
0.68514150943396213
0.69693396226415083
0.70872641509433953
0.72051886792452824
0.73231132075471694
0.74410377358490565
0.75
0.75
0.75
0.75
0.75
0.75
0.75
0.75
0.75
0.75
0.75
0.75
0.75
0.75
0.75
0.75
0.75
0.75
0.75
0.75
0.75
0.75
0.75
0.75
0.75
0.75
0.75
0.75
0.75
0.75
0.75
0.75
0.75
0.75
0.75
0.75
0.75
0.75
0.75
0.75
0.75
0.75
0.75
0.75
0.75
0.75
0.75
0.75
0.75
0.75
0.75
0.75
0.75
0.75
0.75
0.75
0.75
0.75
0.75
0.75
0.75
0.75
0.75
0.75
0.75
0.75
0.75
0.75
0.75
0.75
0.75
0.75
0.75
0.75
0.75
0.75
0.75
0.75
0.75
0.75
0.75
0.75
0.75
0.75
0.75
0.75
0.75
0.75
0.75
0.75
0.75
0.75
0.75
0.75
0.75
0.75
0.75
0.75
0.75
0.75
0.75
0.75
0.75
0.75
0.75
0.75
0.75
0.75
0.75
0.75
0.75
0.75
0.75
0.75
0.75
0.75
0.75
0.75
0.75
0.75
0.75
0.75
0.75
0.75
0.75
0.75
0.75
0.75
0.75
0.75
0.75
0.75
0.75
0.75
0.75
0.75
0.75
0.75
0.75
0.75
0.75
0.75
0.75
0.75
0.75
0.75
0.75
0.75
0.75
0.75
0.75
0.75
0.75
0.75
0.75
0.75
0.75
0.75
0.75
0.75
0.75
0.75
0.75
0.75
0.75
0.75
0.75
0.75
0.75
0.75
0.75
0.75
0.75
0.75
0.75
0.75
0.25
0.25
0.25
0.25
0.25
0.25
0.25
0.25
0.25
0.25
0.25
0.25
0.25
0.25
0.25
0.25
0.25
0.25
0.25
0.25
0.25
0.25
0.25
0.25
0.25
0.25
0.25
0.25
0.26157407407407407
0.2731481481481482
0.28472222222222221
0.29629629629629628
0.30787037037037035
0.31944444444444448
0.33101851851851855
0.34259259259259256
0.35416666666666663
0.36574074074074076
0.37731481481481483
0.38888888888888884
0.40046296296296291
0.41203703703703709
0.4236111111111111
0.43518518518518517
0.44675925925925919
0.45833333333333337
0.46990740740740744
0.48148148148148145
0.49305555555555552
0.5
0.5
0.5
0.5
0.5
0.5
0.5
0.5
0.5
0.5
0.5
0.50694444444444442
0.51851851851851838
0.53009259259259256
0.54166666666666663
0.5532407407407407
0.56481481481481477
0.57638888888888895
0.58796296296296291
0.59953703703703698
0.61111111111111105
0.62268518518518512
0.6342592592592593
0.64583333333333326
0.65740740740740744
0.66898148148148151
0.68055555555555547
0.69212962962962965
0.70370370370370361
0.71527777777777779
0.72685185185185186
0.73842592592592582
0.75
0.75
0.75
0.75
0.75
0.75
0.75
0.75
0.75
0.75
0.75
0.75
0.75
0.75
0.75
0.75
0.75
0.75
0.75
0.75
0.75
0.75
0.75
0.75
0.75
0.75
0.75
0.75
0.75
0.75
0.75
0.75
0.75
0.75
0.75
0.75
0.75
0.75
0.75
0.75
0.75
0.75
0.75
0.75
0.75
0.75
0.75
0.75
0.75
0.75
0.75
0.75
0.75
0.75
0.75
0.75
0.75
0.75
0.75
0.75
0.75
0.75
0.75
0.75
0.75
0.75
0.75
0.75
0.75
0.75
0.75
0.75
0.75
0.75
0.75
0.75
0.75
0.75
0.75
0.75
0.75
0.75
0.75
0.75
0.75
0.75
0.75
0.75
0.75
0.75
0.75
0.75
0.75
0.75
0.75
0.75
0.75
0.75
0.75
0.75
0.75
0.75
0.75
0.75
0.75
0.75
0.75
0.75
0.75
0.75
0.75
0.75
0.75
0.75
0.75
0.75
0.75
0.75
0.75
0.75
0.75
0.75
0.75
0.75
0.75
0.75
0.75
0.75
0.75
0.75
0.75
0.75
0.75
0.75
0.75
0.75
0.75
0.75
0.75
0.75
0.75
0.75
0.75
0.75
0.75
0.75
0.75
0.75
0.75
0.75
0.75
0.75
0.75
0.75
0.75
0.75
0.75
0.75
0.75
0.75
0.75
0.75
0.75
0.75
0.75
0.75
0.75
0.75
0.75
0.75
0.75
0.75
0.75
0.75
0.75
0.25
0.25
0.25
0.25
0.25
0.25
0.25
0.25
0.25
0.25
0.25
0.25
0.25
0.25
0.25
0.25
0.25
0.25
0.25
0.25
0.25
0.25
0.25
0.25
0.25
0.25
0.25
0.25
0.25568181818181812
0.26704545454545453
0.27840909090909088
0.28977272727272724
0.30113636363636365
0.3125
0.32386363636363635
0.33522727272727271
0.34659090909090906
0.35795454545454547
0.36931818181818182
0.38068181818181818
0.39204545454545459
0.40340909090909094
0.41477272727272729
0.42613636363636365
0.4375
0.44886363636363635
0.46022727272727271
0.47159090909090906
0.48295454545454541
0.49431818181818177
0.5
0.5
0.5
0.5
0.5
0.5
0.5
0.5
0.5
0.5
0.5
0.50568181818181812
0.51704545454545447
0.52840909090909094
0.53977272727272718
0.55113636363636365
0.56249999999999989
0.57386363636363635
0.58522727272727271
0.59659090909090917
0.60795454545454541
0.61931818181818188
0.63068181818181812
0.64204545454545459
0.65340909090909083
0.66477272727272718
0.67613636363636365
0.68749999999999989
0.69886363636363635
0.71022727272727271
0.72159090909090917
0.73295454545454541
0.74431818181818188
0.75
0.75
0.75
0.75
0.75
0.75
0.75
0.75
0.75
0.75
0.75
0.75
0.75
0.75
0.75
0.75
0.75
0.75
0.75
0.75
0.75
0.75
0.75
0.75
0.75
0.75
0.75
0.75
0.75
0.75
0.75
0.75
0.75
0.75
0.75
0.75
0.75
0.75
0.75
0.75
0.75
0.75
0.75
0.75
0.75
0.75
0.75
0.75
0.75
0.75
0.75
0.75
0.75
0.75
0.75
0.75
0.75
0.75
0.75
0.75
0.75
0.75
0.75
0.75
0.75
0.75
0.75
0.75
0.75
0.75
0.75
0.75
0.75
0.75
0.75
0.75
0.75
0.75
0.75
0.75
0.75
0.75
0.75
0.75
0.75
0.75
0.75
0.75
0.75
0.75
0.75
0.75
0.75
0.75
0.75
0.75
0.75
0.75
0.75
0.75
0.75
0.75
0.75
0.75
0.75
0.75
0.75
0.75
0.75
0.75
0.75
0.75
0.75
0.75
0.75
0.75
0.75
0.75
0.75
0.75
0.75
0.75
0.75
0.75
0.75
0.75
0.75
0.75
0.75
0.75
0.75
0.75
0.75
0.75
0.75
0.75
0.75
0.75
0.75
0.75
0.75
0.75
0.75
0.75
0.75
0.75
0.75
0.75
0.75
0.75
0.75
0.75
0.75
0.75
0.75
0.75
0.75
0.75
0.75
0.75
0.75
0.75
0.75
0.75
0.75
0.75
0.75
0.75
0.75
0.75
0.75
0.75
0.75
0.25
0.25
0.25
0.25
0.25
0.25
0.25
0.25
0.25
0.25
0.25
0.25
0.25
0.25
0.25
0.25
0.25
0.25
0.25
0.25
0.25
0.25
0.25
0.25
0.25
0.25
0.25
0.25
0.25
0.2611607142857143
0.27232142857142855
0.2834821428571429
0.2946428571428571
0.30580357142857145
0.3169642857142857
0.328125
0.3392857142857143
0.35044642857142855
0.3616071428571429
0.3727678571428571
0.3839285714285714
0.3950892857142857
0.40625
0.4174107142857143
0.42857142857142855
0.4397321428571429
0.4508928571428571
0.4620535714285714
0.4732142857142857
0.484375
0.4955357142857143
0.5
0.5
0.5
0.5
0.5
0.5
0.5
0.5
0.5
0.5
0.5
0.5044642857142857
0.515625
0.52678571428571419
0.5379464285714286
0.54910714285714279
0.5602678571428571
0.57142857142857129
0.5825892857142857
0.59375
0.60491071428571419
0.6160714285714286
0.62723214285714279
0.6383928571428571
0.6495535714285714
0.6607142857142857
0.671875
0.68303571428571419
0.6941964285714286
0.7053571428571429
0.7165178571428571
0.7276785714285714
0.73883928571428581
0.75
0.75
0.75
0.75
0.75
0.75
0.75
0.75
0.75
0.75
0.75
0.75
0.75
0.75
0.75
0.75
0.75
0.75
0.75
0.75
0.75
0.75
0.75
0.75
0.75
0.75
0.75
0.75
0.75
0.75
0.75
0.75
0.75
0.75
0.75
0.75
0.75
0.75
0.75
0.75
0.75
0.75
0.75
0.75
0.75
0.75
0.75
0.75
0.75
0.75
0.75
0.75
0.75
0.75
0.75
0.75
0.75
0.75
0.75
0.75
0.75
0.75
0.75
0.75
0.75
0.75
0.75
0.75
0.75
0.75
0.75
0.75
0.75
0.75
0.75
0.75
0.75
0.75
0.75
0.75
0.75
0.75
0.75
0.75
0.75
0.75
0.75
0.75
0.75
0.75
0.75
0.75
0.75
0.75
0.75
0.75
0.75
0.75
0.75
0.75
0.75
0.75
0.75
0.75
0.75
0.75
0.75
0.75
0.75
0.75
0.75
0.75
0.75
0.75
0.75
0.75
0.75
0.75
0.75
0.75
0.75
0.75
0.75
0.75
0.75
0.75
0.75
0.75
0.75
0.75
0.75
0.75
0.75
0.75
0.75
0.75
0.75
0.75
0.75
0.75
0.75
0.75
0.75
0.75
0.75
0.75
0.75
0.75
0.75
0.75
0.75
0.75
0.75
0.75
0.75
0.75
0.75
0.75
0.75
0.75
0.75
0.75
0.75
0.75
0.75
0.75
0.75
0.75
0.75
0.75
0.75
0.75
0.25
0.25
0.25
0.25
0.25
0.25
0.25
0.25
0.25
0.25
0.25
0.25
0.25
0.25
0.25
0.25
0.25
0.25
0.25
0.25
0.25
0.25
0.25
0.25
0.25
0.25
0.25
0.25
0.25
0.25548245614035092
0.2664473684210526
0.27741228070175439
0.28837719298245612
0.29934210526315791
0.31030701754385964
0.32127192982456143
0.33223684210526316
0.3432017543859649
0.35416666666666663
0.36513157894736842
0.37609649122807015
0.38706140350877194
0.39802631578947367
0.40899122807017541
0.41995614035087714
0.43092105263157898
0.44188596491228066
0.45285087719298245
0.46381578947368418
0.47478070175438597
0.48574561403508765
0.49671052631578949
0.5
0.5
0.5
0.5
0.5
0.5
0.5
0.5
0.5
0.5
0.5
0.50328947368421051
0.51425438596491224
0.52521929824561397
0.53618421052631582
0.54714912280701755
0.55811403508771917
0.56907894736842102
0.58004385964912275
0.59100877192982459
0.60197368421052622
0.61293859649122806
0.62390350877192979
0.63486842105263164
0.64583333333333326
0.6567982456140351
0.66776315789473684
0.67872807017543857
0.6896929824561403
0.70065789473684204
0.71162280701754388
0.72258771929824572
0.73355263157894735
0.74451754385964908
0.75
0.75
0.75
0.75
0.75
0.75
0.75
0.75
0.75
0.75
0.75
0.75
0.75
0.75
0.75
0.75
0.75
0.75
0.75
0.75
0.75
0.75
0.75
0.75
0.75
0.75
0.75
0.75
0.75
0.75
0.75
0.75
0.75
0.75
0.75
0.75
0.75
0.75
0.75
0.75
0.75
0.75
0.75
0.75
0.75
0.75
0.75
0.75
0.75
0.75
0.75
0.75
0.75
0.75
0.75
0.75
0.75
0.75
0.75
0.75
0.75
0.75
0.75
0.75
0.75
0.75
0.75
0.75
0.75
0.75
0.75
0.75
0.75
0.75
0.75
0.75
0.75
0.75
0.75
0.75
0.75
0.75
0.75
0.75
0.75
0.75
0.75
0.75
0.75
0.75
0.75
0.75
0.75
0.75
0.75
0.75
0.75
0.75
0.75
0.75
0.75
0.75
0.75
0.75
0.75
0.75
0.75
0.75
0.75
0.75
0.75
0.75
0.75
0.75
0.75
0.75
0.75
0.75
0.75
0.75
0.75
0.75
0.75
0.75
0.75
0.75
0.75
0.75
0.75
0.75
0.75
0.75
0.75
0.75
0.75
0.75
0.75
0.75
0.75
0.75
0.75
0.75
0.75
0.75
0.75
0.75
0.75
0.75
0.75
0.75
0.75
0.75
0.75
0.75
0.75
0.75
0.75
0.75
0.75
0.75
0.75
0.75
0.75
0.75
0.75
0.75
0.75
0.75
0.75
0.75
0.25
0.25
0.25
0.25
0.25
0.25
0.25
0.25
0.25
0.25
0.25
0.25
0.25
0.25
0.25
0.25
0.25
0.25
0.25
0.25
0.25
0.25
0.25
0.25
0.25
0.25
0.25
0.25
0.25
0.25
0.26077586206896552
0.27155172413793099
0.28232758620689657
0.2931034482758621
0.30387931034482757
0.31465517241379309
0.32543103448275862
0.3362068965517242
0.34698275862068961
0.35775862068965519
0.36853448275862072
0.37931034482758619
0.39008620689655171
0.40086206896551724
0.41163793103448276
0.42241379310344829
0.43318965517241381
0.44396551724137928
0.45474137931034481
0.46551724137931039
0.4762931034482758
0.48706896551724133
0.49784482758620691
0.5
0.5
0.5
0.5
0.5
0.5
0.5
0.5
0.5
0.5
0.5
0.50215517241379304
0.51293103448275856
0.52370689655172409
0.53448275862068961
0.54525862068965503
0.55603448275862066
0.56681034482758619
0.5775862068965516
0.58836206896551724
0.59913793103448265
0.60991379310344829
0.62068965517241381
0.63146551724137923
0.64224137931034486
0.65301724137931028
0.6637931034482758
0.67456896551724144
0.68534482758620685
0.69612068965517238
0.70689655172413801
0.71767241379310343
0.72844827586206895
0.73922413793103448
0.75
0.75
0.75
0.75
0.75
0.75
0.75
0.75
0.75
0.75
0.75
0.75
0.75
0.75
0.75
0.75
0.75
0.75
0.75
0.75
0.75
0.75
0.75
0.75
0.75
0.75
0.75
0.75
0.75
0.75
0.75
0.75
0.75
0.75
0.75
0.75
0.75
0.75
0.75
0.75
0.75
0.75
0.75
0.75
0.75
0.75
0.75
0.75
0.75
0.75
0.75
0.75
0.75
0.75
0.75
0.75
0.75
0.75
0.75
0.75
0.75
0.75
0.75
0.75
0.75
0.75
0.75
0.75
0.75
0.75
0.75
0.75
0.75
0.75
0.75
0.75
0.75
0.75
0.75
0.75
0.75
0.75
0.75
0.75
0.75
0.75
0.75
0.75
0.75
0.75
0.75
0.75
0.75
0.75
0.75
0.75
0.75
0.75
0.75
0.75
0.75
0.75
0.75
0.75
0.75
0.75
0.75
0.75
0.75
0.75
0.75
0.75
0.75
0.75
0.75
0.75
0.75
0.75
0.75
0.75
0.75
0.75
0.75
0.75
0.75
0.75
0.75
0.75
0.75
0.75
0.75
0.75
0.75
0.75
0.75
0.75
0.75
0.75
0.75
0.75
0.75
0.75
0.75
0.75
0.75
0.75
0.75
0.75
0.75
0.75
0.75
0.75
0.75
0.75
0.75
0.75
0.75
0.75
0.75
0.75
0.75
0.75
0.75
0.75
0.75
0.75
0.75
0.75
0.75
0.25
0.25
0.25
0.25
0.25
0.25
0.25
0.25
0.25
0.25
0.25
0.25
0.25
0.25
0.25
0.25
0.25
0.25
0.25
0.25
0.25
0.25
0.25
0.25
0.25
0.25
0.25
0.25
0.25
0.25
0.25529661016949151
0.26588983050847459
0.27648305084745761
0.28707627118644063
0.29766949152542377
0.30826271186440679
0.31885593220338987
0.32944915254237289
0.34004237288135591
0.35063559322033899
0.36122881355932202
0.37182203389830509
0.38241525423728812
0.39300847457627114
0.40360169491525422
0.41419491525423724
0.42478813559322037
0.4353813559322034
0.44597457627118647
0.4565677966101695
0.46716101694915252
0.4777542372881356
0.48834745762711862
0.49894067796610175
0.5
0.5
0.5
0.5
0.5
0.5
0.5
0.5
0.5
0.5
0.5
0.50105932203389825
0.51165254237288127
0.5222457627118644
0.53283898305084743
0.54343220338983045
0.55402542372881347
0.56461864406779649
0.57521186440677963
0.58580508474576265
0.59639830508474567
0.60699152542372881
0.61758474576271172
0.62817796610169496
0.63877118644067798
0.64936440677966101
0.65995762711864403
0.67055084745762705
0.68114406779661019
0.69173728813559321
0.70233050847457623
0.71292372881355925
0.72351694915254228
0.73411016949152552
0.74470338983050843
0.75
0.75
0.75
0.75
0.75
0.75
0.75
0.75
0.75
0.75
0.75
0.75
0.75
0.75
0.75
0.75
0.75
0.75
0.75
0.75
0.75
0.75
0.75
0.75
0.75
0.75
0.75
0.75
0.75
0.75
0.75
0.75
0.75
0.75
0.75
0.75
0.75
0.75
0.75
0.75
0.75
0.75
0.75
0.75
0.75
0.75
0.75
0.75
0.75
0.75
0.75
0.75
0.75
0.75
0.75
0.75
0.75
0.75
0.75
0.75
0.75
0.75
0.75
0.75
0.75
0.75
0.75
0.75
0.75
0.75
0.75
0.75
0.75
0.75
0.75
0.75
0.75
0.75
0.75
0.75
0.75
0.75
0.75
0.75
0.75
0.75
0.75
0.75
0.75
0.75
0.75
0.75
0.75
0.75
0.75
0.75
0.75
0.75
0.75
0.75
0.75
0.75
0.75
0.75
0.75
0.75
0.75
0.75
0.75
0.75
0.75
0.75
0.75
0.75
0.75
0.75
0.75
0.75
0.75
0.75
0.75
0.75
0.75
0.75
0.75
0.75
0.75
0.75
0.75
0.75
0.75
0.75
0.75
0.75
0.75
0.75
0.75
0.75
0.75
0.75
0.75
0.75
0.75
0.75
0.75
0.75
0.75
0.75
0.75
0.75
0.75
0.75
0.75
0.75
0.75
0.75
0.75
0.75
0.75
0.75
0.75
0.75
0.75
0.75
0.75
0.75
0.75
0.25
0.25
0.25
0.25
0.25
0.25
0.25
0.25
0.25
0.25
0.25
0.25
0.25
0.25
0.25
0.25
0.25
0.25
0.25
0.25
0.25
0.25
0.25
0.25
0.25
0.25
0.25
0.25
0.25
0.25
0.25
0.26041666666666669
0.27083333333333331
0.28125
0.29166666666666663
0.30208333333333337
0.3125
0.32291666666666669
0.33333333333333331
0.34375
0.35416666666666663
0.36458333333333337
0.375
0.38541666666666663
0.39583333333333326
0.40625
0.41666666666666669
0.42708333333333331
0.4375
0.44791666666666663
0.45833333333333337
0.46875
0.47916666666666669
0.48958333333333331
0.5
0.5
0.5
0.5
0.5
0.5
0.5
0.5
0.5
0.5
0.5
0.5
0.5
0.51041666666666663
0.52083333333333326
0.53124999999999989
0.54166666666666663
0.55208333333333326
0.56249999999999989
0.57291666666666652
0.58333333333333337
0.59375
0.60416666666666663
0.61458333333333337
0.625
0.63541666666666663
0.64583333333333326
0.65625
0.66666666666666663
0.67708333333333326
0.68749999999999989
0.69791666666666674
0.70833333333333337
0.71875
0.72916666666666663
0.73958333333333337
0.75
0.75
0.75
0.75
0.75
0.75
0.75
0.75
0.75
0.75
0.75
0.75
0.75
0.75
0.75
0.75
0.75
0.75
0.75
0.75
0.75
0.75
0.75
0.75
0.75
0.75
0.75
0.75
0.75
0.75
0.75
0.75
0.75
0.75
0.75
0.75
0.75
0.75
0.75
0.75
0.75
0.75
0.75
0.75
0.75
0.75
0.75
0.75
0.75
0.75
0.75
0.75
0.75
0.75
0.75
0.75
0.75
0.75
0.75
0.75
0.75
0.75
0.75
0.75
0.75
0.75
0.75
0.75
0.75
0.75
0.75
0.75
0.75
0.75
0.75
0.75
0.75
0.75
0.75
0.75
0.75
0.75
0.75
0.75
0.75
0.75
0.75
0.75
0.75
0.75
0.75
0.75
0.75
0.75
0.75
0.75
0.75
0.75
0.75
0.75
0.75
0.75
0.75
0.75
0.75
0.75
0.75
0.75
0.75
0.75
0.75
0.75
0.75
0.75
0.75
0.75
0.75
0.75
0.75
0.75
0.75
0.75
0.75
0.75
0.75
0.75
0.75
0.75
0.75
0.75
0.75
0.75
0.75
0.75
0.75
0.75
0.75
0.75
0.75
0.75
0.75
0.75
0.75
0.75
0.75
0.75
0.75
0.75
0.75
0.75
0.75
0.75
0.75
0.75
0.75
0.75
0.75
0.75
0.75
0.75
0.75
0.75
0.75
0.75
0.75
0.75
0.25
0.25
0.25
0.25
0.25
0.25
0.25
0.25
0.25
0.25
0.25
0.25
0.25
0.25
0.25
0.25
0.25
0.25
0.25
0.25
0.25
0.25
0.25
0.25
0.25
0.25
0.25
0.25
0.25
0.25
0.25
0.25512295081967212
0.26536885245901642
0.27561475409836067
0.28586065573770492
0.29610655737704916
0.30635245901639341
0.31659836065573771
0.32684426229508201
0.33709016393442626
0.34733606557377045
0.35758196721311475
0.36782786885245899
0.37807377049180324
0.38831967213114754
0.39856557377049184
0.40881147540983603
0.41905737704918034
0.42930327868852458
0.43954918032786883
0.44979508196721313
0.46004098360655743
0.47028688524590156
0.48053278688524587
0.49077868852459017
0.5
0.5
0.5
0.5
0.5
0.5
0.5
0.5
0.5
0.5
0.5
0.5
0.5
0.50922131147540972
0.51946721311475397
0.52971311475409832
0.53995901639344257
0.55020491803278682
0.56045081967213106
0.57069672131147542
0.58094262295081966
0.59118852459016391
0.60143442622950816
0.61168032786885251
0.62192622950819676
0.63217213114754089
0.64241803278688514
0.6526639344262295
0.66290983606557374
0.67315573770491799
0.68340163934426224
0.69364754098360659
0.70389344262295084
0.71413934426229508
0.72438524590163933
0.73463114754098369
0.74487704918032793
0.75
0.75
0.75
0.75
0.75
0.75
0.75
0.75
0.75
0.75
0.75
0.75
0.75
0.75
0.75
0.75
0.75
0.75
0.75
0.75
0.75
0.75
0.75
0.75
0.75
0.75
0.75
0.75
0.75
0.75
0.75
0.75
0.75
0.75
0.75
0.75
0.75
0.75
0.75
0.75
0.75
0.75
0.75
0.75
0.75
0.75
0.75
0.75
0.75
0.75
0.75
0.75
0.75
0.75
0.75
0.75
0.75
0.75
0.75
0.75
0.75
0.75
0.75
0.75
0.75
0.75
0.75
0.75
0.75
0.75
0.75
0.75
0.75
0.75
0.75
0.75
0.75
0.75
0.75
0.75
0.75
0.75
0.75
0.75
0.75
0.75
0.75
0.75
0.75
0.75
0.75
0.75
0.75
0.75
0.75
0.75
0.75
0.75
0.75
0.75
0.75
0.75
0.75
0.75
0.75
0.75
0.75
0.75
0.75
0.75
0.75
0.75
0.75
0.75
0.75
0.75
0.75
0.75
0.75
0.75
0.75
0.75
0.75
0.75
0.75
0.75
0.75
0.75
0.75
0.75
0.75
0.75
0.75
0.75
0.75
0.75
0.75
0.75
0.75
0.75
0.75
0.75
0.75
0.75
0.75
0.75
0.75
0.75
0.75
0.75
0.75
0.75
0.75
0.75
0.75
0.75
0.75
0.75
0.75
0.75
0.75
0.75
0.75
0.75
0.25
0.25
0.25
0.25
0.25
0.25
0.25
0.25
0.25
0.25
0.25
0.25
0.25
0.25
0.25
0.25
0.25
0.25
0.25
0.25
0.25
0.25
0.25
0.25
0.25
0.25
0.25
0.25
0.25
0.25
0.25
0.25
0.26008064516129031
0.27016129032258063
0.28024193548387094
0.29032258064516131
0.30040322580645162
0.31048387096774194
0.32056451612903225
0.33064516129032256
0.34072580645161288
0.35080645161290319
0.36088709677419351
0.37096774193548387
0.38104838709677424
0.3911290322580645
0.40120967741935487
0.41129032258064513
0.4213709677419355
0.43145161290322576
0.44153225806451613
0.45161290322580649
0.46169354838709675
0.47177419354838712
0.48185483870967738
0.49193548387096775
0.5
0.5
0.5
0.5
0.5
0.5
0.5
0.5
0.5
0.5
0.5
0.5
0.5
0.50806451612903214
0.51814516129032262
0.52822580645161288
0.53830645161290325
0.54838709677419351
0.55846774193548387
0.56854838709677413
0.5786290322580645
0.58870967741935476
0.59879032258064513
0.6088709677419355
0.61895161290322576
0.62903225806451601
0.63911290322580638
0.64919354838709675
0.65927419354838701
0.66935483870967727
0.67943548387096775
0.68951612903225812
0.69959677419354849
0.70967741935483875
0.719758064516129
0.72983870967741937
0.73991935483870974
0.75
0.75
0.75
0.75
0.75
0.75
0.75
0.75
0.75
0.75
0.75
0.75
0.75
0.75
0.75
0.75
0.75
0.75
0.75
0.75
0.75
0.75
0.75
0.75
0.75
0.75
0.75
0.75
0.75
0.75
0.75
0.75
0.75
0.75
0.75
0.75
0.75
0.75
0.75
0.75
0.75
0.75
0.75
0.75
0.75
0.75
0.75
0.75
0.75
0.75
0.75
0.75
0.75
0.75
0.75
0.75
0.75
0.75
0.75
0.75
0.75
0.75
0.75
0.75
0.75
0.75
0.75
0.75
0.75
0.75
0.75
0.75
0.75
0.75
0.75
0.75
0.75
0.75
0.75
0.75
0.75
0.75
0.75
0.75
0.75
0.75
0.75
0.75
0.75
0.75
0.75
0.75
0.75
0.75
0.75
0.75
0.75
0.75
0.75
0.75
0.75
0.75
0.75
0.75
0.75
0.75
0.75
0.75
0.75
0.75
0.75
0.75
0.75
0.75
0.75
0.75
0.75
0.75
0.75
0.75
0.75
0.75
0.75
0.75
0.75
0.75
0.75
0.75
0.75
0.75
0.75
0.75
0.75
0.75
0.75
0.75
0.75
0.75
0.75
0.75
0.75
0.75
0.75
0.75
0.75
0.75
0.75
0.75
0.75
0.75
0.75
0.75
0.75
0.75
0.75
0.75
0.75
0.75
0.75
0.75
0.75
0.75
0.75
0.25
0.25
0.25
0.25
0.25
0.25
0.25
0.25
0.25
0.25
0.25
0.25
0.25
0.25
0.25
0.25
0.25
0.25
0.25
0.25
0.25
0.25
0.25
0.25
0.25
0.25
0.25
0.25
0.25
0.25
0.25
0.25
0.25496031746031744
0.26488095238095238
0.27480158730158727
0.28472222222222221
0.2946428571428571
0.30456349206349209
0.31448412698412698
0.32440476190476192
0.3343253968253968
0.34424603174603174
0.35416666666666663
0.36408730158730163
0.37400793650793651
0.3839285714285714
0.39384920634920628
0.40376984126984128
0.41369047619047616
0.4236111111111111
0.43353174603174599
0.44345238095238093
0.45337301587301582
0.46329365079365081
0.4732142857142857
0.48313492063492064
0.49305555555555552
0.5
0.5
0.5
0.5
0.5
0.5
0.5
0.5
0.5
0.5
0.5
0.5
0.5
0.50694444444444442
0.51686507936507931
0.52678571428571419
0.53670634920634919
0.54662698412698407
0.55654761904761896
0.56646825396825384
0.57638888888888895
0.58630952380952384
0.59623015873015872
0.60615079365079361
0.6160714285714286
0.62599206349206349
0.63591269841269837
0.64583333333333326
0.65575396825396826
0.66567460317460314
0.67559523809523803
0.68551587301587291
0.69543650793650802
0.7053571428571429
0.71527777777777779
0.72519841269841268
0.73511904761904767
0.74503968253968256
0.75
0.75
0.75
0.75
0.75
0.75
0.75
0.75
0.75
0.75
0.75
0.75
0.75
0.75
0.75
0.75
0.75
0.75
0.75
0.75
0.75
0.75
0.75
0.75
0.75
0.75
0.75
0.75
0.75
0.75
0.75
0.75
0.75
0.75
0.75
0.75
0.75
0.75
0.75
0.75
0.75
0.75
0.75
0.75
0.75
0.75
0.75
0.75
0.75
0.75
0.75
0.75
0.75
0.75
0.75
0.75
0.75
0.75
0.75
0.75
0.75
0.75
0.75
0.75
0.75
0.75
0.75
0.75
0.75
0.75
0.75
0.75
0.75
0.75
0.75
0.75
0.75
0.75
0.75
0.75
0.75
0.75
0.75
0.75
0.75
0.75
0.75
0.75
0.75
0.75
0.75
0.75
0.75
0.75
0.75
0.75
0.75
0.75
0.75
0.75
0.75
0.75
0.75
0.75
0.75
0.75
0.75
0.75
0.75
0.75
0.75
0.75
0.75
0.75
0.75
0.75
0.75
0.75
0.75
0.75
0.75
0.75
0.75
0.75
0.75
0.75
0.75
0.75
0.75
0.75
0.75
0.75
0.75
0.75
0.75
0.75
0.75
0.75
0.75
0.75
0.75
0.75
0.75
0.75
0.75
0.75
0.75
0.75
0.75
0.75
0.75
0.75
0.75
0.75
0.75
0.75
0.75
0.75
0.75
0.75
0.75
0.25
0.25
0.25
0.25
0.25
0.25
0.25
0.25
0.25
0.25
0.25
0.25
0.25
0.25
0.25
0.25
0.25
0.25
0.25
0.25
0.25
0.25
0.25
0.25
0.25
0.25
0.25
0.25
0.25
0.25
0.25
0.25
0.25
0.259765625
0.26953125
0.279296875
0.2890625
0.298828125
0.30859375
0.318359375
0.328125
0.337890625
0.34765625
0.357421875
0.3671875
0.376953125
0.38671875
0.396484375
0.40625
0.416015625
0.42578125
0.435546875
0.4453125
0.455078125
0.46484375
0.474609375
0.484375
0.494140625
0.5
0.5
0.5
0.5
0.5
0.5
0.5
0.5
0.5
0.5
0.5
0.5
0.5
0.505859375
0.515625
0.525390625
0.53515625
0.544921875
0.5546875
0.564453125
0.57421875
0.583984375
0.59375
0.603515625
0.61328125
0.623046875
0.6328125
0.642578125
0.65234375
0.662109375
0.671875
0.681640625
0.69140625
0.701171875
0.7109375
0.720703125
0.73046875
0.740234375
0.75
0.75
0.75
0.75
0.75
0.75
0.75
0.75
0.75
0.75
0.75
0.75
0.75
0.75
0.75
0.75
0.75
0.75
0.75
0.75
0.75
0.75
0.75
0.75
0.75
0.75
0.75
0.75
0.75
0.75
0.75
0.75
0.75
0.75
0.75
0.75
0.75
0.75
0.75
0.75
0.75
0.75
0.75
0.75
0.75
0.75
0.75
0.75
0.75
0.75
0.75
0.75
0.75
0.75
0.75
0.75
0.75
0.75
0.75
0.75
0.75
0.75
0.75
0.75
0.75
0.75
0.75
0.75
0.75
0.75
0.75
0.75
0.75
0.75
0.75
0.75
0.75
0.75
0.75
0.75
0.75
0.75
0.75
0.75
0.75
0.75
0.75
0.75
0.75
0.75
0.75
0.75
0.75
0.75
0.75
0.75
0.75
0.75
0.75
0.75
0.75
0.75
0.75
0.75
0.75
0.75
0.75
0.75
0.75
0.75
0.75
0.75
0.75
0.75
0.75
0.75
0.75
0.75
0.75
0.75
0.75
0.75
0.75
0.75
0.75
0.75
0.75
0.75
0.75
0.75
0.75
0.75
0.75
0.75
0.75
0.75
0.75
0.75
0.75
0.75
0.75
0.75
0.75
0.75
0.75
0.75
0.75
0.75
0.75
0.75
0.75
0.75
0.75
0.75
0.75
0.75
0.75
0.75
0.75
0.75
0.25
0.25
0.25
0.25
0.25
0.25
0.25
0.25
0.25
0.25
0.25
0.25
0.25
0.25
0.25
0.25
0.25
0.25
0.25
0.25
0.25
0.25
0.25
0.25
0.25
0.25
0.25
0.25
0.25
0.25
0.25
0.25
0.25
0.25480769230769229
0.26442307692307693
0.27403846153846151
0.28365384615384615
0.29326923076923073
0.30288461538461542
0.3125
0.32211538461538464
0.33173076923076922
0.34134615384615385
0.35096153846153844
0.36057692307692313
0.37019230769230771
0.37980769230769229
0.38942307692307687
0.39903846153846156
0.40865384615384615
0.41826923076923078
0.42788461538461536
0.4375
0.44711538461538458
0.45673076923076927
0.46634615384615385
0.47596153846153849
0.48557692307692307
0.49519230769230771
0.5
0.5
0.5
0.5
0.5
0.5
0.5
0.5
0.5
0.5
0.5
0.5
0.5
0.50480769230769229
0.51442307692307687
0.52403846153846145
0.53365384615384603
0.54326923076923073
0.55288461538461531
0.56249999999999989
0.57211538461538447
0.58173076923076927
0.59134615384615385
0.60096153846153844
0.61057692307692302
0.62019230769230771
0.62980769230769229
0.63942307692307687
0.64903846153846145
0.65865384615384615
0.66826923076923073
0.67788461538461531
0.68749999999999989
0.69711538461538469
0.70673076923076927
0.71634615384615385
0.72596153846153844
0.73557692307692313
0.74519230769230771
0.75
0.75
0.75
0.75
0.75
0.75
0.75
0.75
0.75
0.75
0.75
0.75
0.75
0.75
0.75
0.75
0.75
0.75
0.75
0.75
0.75
0.75
0.75
0.75
0.75
0.75
0.75
0.75
0.75
0.75
0.75
0.75
0.75
0.75
0.75
0.75
0.75
0.75
0.75
0.75
0.75
0.75
0.75
0.75
0.75
0.75
0.75
0.75
0.75
0.75
0.75
0.75
0.75
0.75
0.75
0.75
0.75
0.75
0.75
0.75
0.75
0.75
0.75
0.75
0.75
0.75
0.75
0.75
0.75
0.75
0.75
0.75
0.75
0.75
0.75
0.75
0.75
0.75
0.75
0.75
0.75
0.75
0.75
0.75
0.75
0.75
0.75
0.75
0.75
0.75
0.75
0.75
0.75
0.75
0.75
0.75
0.75
0.75
0.75
0.75
0.75
0.75
0.75
0.75
0.75
0.75
0.75
0.75
0.75
0.75
0.75
0.75
0.75
0.75
0.75
0.75
0.75
0.75
0.75
0.75
0.75
0.75
0.75
0.75
0.75
0.75
0.75
0.75
0.75
0.75
0.75
0.75
0.75
0.75
0.75
0.75
0.75
0.75
0.75
0.75
0.75
0.75
0.75
0.75
0.75
0.75
0.75
0.75
0.75
0.75
0.75
0.75
0.75
0.75
0.75
0.75
0.75
0.75
0.25
0.25
0.25
0.25
0.25
0.25
0.25
0.25
0.25
0.25
0.25
0.25
0.25
0.25
0.25
0.25
0.25
0.25
0.25
0.25
0.25
0.25
0.25
0.25
0.25
0.25
0.25
0.25
0.25
0.25
0.25
0.25
0.25
0.25
0.25946969696969696
0.26893939393939392
0.27840909090909088
0.28787878787878785
0.29734848484848486
0.30681818181818182
0.31628787878787878
0.32575757575757575
0.33522727272727271
0.34469696969696967
0.35416666666666663
0.36363636363636359
0.37310606060606066
0.38257575757575757
0.39204545454545459
0.40151515151515149
0.41098484848484851
0.42045454545454541
0.42992424242424243
0.43939393939393934
0.44886363636363635
0.45833333333333337
0.46780303030303028
0.47727272727272729
0.4867424242424242
0.49621212121212122
0.5
0.5
0.5
0.5
0.5
0.5
0.5
0.5
0.5
0.5
0.5
0.5
0.5
0.50378787878787867
0.51325757575757569
0.52272727272727271
0.53219696969696972
0.54166666666666663
0.55113636363636365
0.56060606060606055
0.57007575757575757
0.57954545454545447
0.58901515151515149
0.5984848484848484
0.60795454545454541
0.61742424242424243
0.62689393939393934
0.63636363636363624
0.64583333333333326
0.65530303030303028
0.66477272727272718
0.67424242424242431
0.68371212121212122
0.69318181818181823
0.70265151515151514
0.71212121212121215
0.72159090909090917
0.73106060606060608
0.74053030303030298
0.75
0.75
0.75
0.75
0.75
0.75
0.75
0.75
0.75
0.75
0.75
0.75
0.75
0.75
0.75
0.75
0.75
0.75
0.75
0.75
0.75
0.75
0.75
0.75
0.75
0.75
0.75
0.75
0.75
0.75
0.75
0.75
0.75
0.75
0.75
0.75
0.75
0.75
0.75
0.75
0.75
0.75
0.75
0.75
0.75
0.75
0.75
0.75
0.75
0.75
0.75
0.75
0.75
0.75
0.75
0.75
0.75
0.75
0.75
0.75
0.75
0.75
0.75
0.75
0.75
0.75
0.75
0.75
0.75
0.75
0.75
0.75
0.75
0.75
0.75
0.75
0.75
0.75
0.75
0.75
0.75
0.75
0.75
0.75
0.75
0.75
0.75
0.75
0.75
0.75
0.75
0.75
0.75
0.75
0.75
0.75
0.75
0.75
0.75
0.75
0.75
0.75
0.75
0.75
0.75
0.75
0.75
0.75
0.75
0.75
0.75
0.75
0.75
0.75
0.75
0.75
0.75
0.75
0.75
0.75
0.75
0.75
0.75
0.75
0.75
0.75
0.75
0.75
0.75
0.75
0.75
0.75
0.75
0.75
0.75
0.75
0.75
0.75
0.75
0.75
0.75
0.75
0.75
0.75
0.75
0.75
0.75
0.75
0.75
0.75
0.75
0.75
0.75
0.75
0.75
0.75
0.75
0.25
0.25
0.25
0.25
0.25
0.25
0.25
0.25
0.25
0.25
0.25
0.25
0.25
0.25
0.25
0.25
0.25
0.25
0.25
0.25
0.25
0.25
0.25
0.25
0.25
0.25
0.25
0.25
0.25
0.25
0.25
0.25
0.25
0.25
0.25466417910447764
0.26399253731343281
0.27332089552238803
0.28264925373134331
0.29197761194029848
0.30130597014925375
0.31063432835820892
0.3199626865671642
0.32929104477611942
0.33861940298507459
0.34794776119402987
0.35727611940298509
0.36660447761194026
0.37593283582089554
0.38526119402985071
0.39458955223880599
0.40391791044776121
0.41324626865671643
0.42257462686567165
0.43190298507462682
0.44123134328358204
0.45055970149253732
0.45988805970149249
0.46921641791044777
0.47854477611940294
0.48787313432835822
0.49720149253731344
0.5
0.5
0.5
0.5
0.5
0.5
0.5
0.5
0.5
0.5
0.5
0.5
0.5
0.50279850746268662
0.51212686567164167
0.52145522388059695
0.53078358208955223
0.5401119402985074
0.54944029850746268
0.55876865671641784
0.56809701492537301
0.57742537313432829
0.58675373134328357
0.59608208955223885
0.60541044776119413
0.61473880597014918
0.62406716417910446
0.63339552238805963
0.64272388059701491
0.65205223880597019
0.66138059701492535
0.67070895522388052
0.6800373134328358
0.68936567164179108
0.69869402985074636
0.70802238805970141
0.71735074626865669
0.72667910447761197
0.73600746268656714
0.74533582089552242
0.75
0.75
0.75
0.75
0.75
0.75
0.75
0.75
0.75
0.75
0.75
0.75
0.75
0.75
0.75
0.75
0.75
0.75
0.75
0.75
0.75
0.75
0.75
0.75
0.75
0.75
0.75
0.75
0.75
0.75
0.75
0.75
0.75
0.75
0.75
0.75
0.75
0.75
0.75
0.75
0.75
0.75
0.75
0.75
0.75
0.75
0.75
0.75
0.75
0.75
0.75
0.75
0.75
0.75
0.75
0.75
0.75
0.75
0.75
0.75
0.75
0.75
0.75
0.75
0.75
0.75
0.75
0.75
0.75
0.75
0.75
0.75
0.75
0.75
0.75
0.75
0.75
0.75
0.75
0.75
0.75
0.75
0.75
0.75
0.75
0.75
0.75
0.75
0.75
0.75
0.75
0.75
0.75
0.75
0.75
0.75
0.75
0.75
0.75
0.75
0.75
0.75
0.75
0.75
0.75
0.75
0.75
0.75
0.75
0.75
0.75
0.75
0.75
0.75
0.75
0.75
0.75
0.75
0.75
0.75
0.75
0.75
0.75
0.75
0.75
0.75
0.75
0.75
0.75
0.75
0.75
0.75
0.75
0.75
0.75
0.75
0.75
0.75
0.75
0.75
0.75
0.75
0.75
0.75
0.75
0.75
0.75
0.75
0.75
0.75
0.75
0.75
0.75
0.75
0.75
0.25
0.25
0.25
0.25
0.25
0.25
0.25
0.25
0.25
0.25
0.25
0.25
0.25
0.25
0.25
0.25
0.25
0.25
0.25
0.25
0.25
0.25
0.25
0.25
0.25
0.25
0.25
0.25
0.25
0.25
0.25
0.25
0.25
0.25
0.25
0.2591911764705882
0.26838235294117646
0.27757352941176466
0.28676470588235292
0.29595588235294112
0.30514705882352944
0.31433823529411764
0.3235294117647059
0.3327205882352941
0.34191176470588236
0.35110294117647056
0.36029411764705888
0.36948529411764708
0.37867647058823528
0.38786764705882348
0.3970588235294118
0.40625
0.4154411764705882
0.42463235294117646
0.43382352941176466
0.44301470588235292
0.45220588235294112
0.46139705882352944
0.47058823529411764
0.4797794117647059
0.4889705882352941
0.49816176470588236
0.5
0.5
0.5
0.5
0.5
0.5
0.5
0.5
0.5
0.5
0.5
0.5
0.5
0.50183823529411764
0.51102941176470584
0.52022058823529405
0.52941176470588225
0.53860294117647056
0.54779411764705876
0.55698529411764697
0.56617647058823517
0.57536764705882359
0.5845588235294118
0.59375
0.6029411764705882
0.61213235294117641
0.62132352941176472
0.63051470588235292
0.63970588235294112
0.64889705882352933
0.65808823529411764
0.66727941176470584
0.67647058823529405
0.68566176470588225
0.69485294117647067
0.70404411764705888
0.71323529411764708
0.72242647058823528
0.73161764705882359
0.7408088235294118
0.75
0.75
0.75
0.75
0.75
0.75
0.75
0.75
0.75
0.75
0.75
0.75
0.75
0.75
0.75
0.75
0.75
0.75
0.75
0.75
0.75
0.75
0.75
0.75
0.75
0.75
0.75
0.75
0.75
0.75
0.75
0.75
0.75
0.75
0.75
0.75
0.75
0.75
0.75
0.75
0.75
0.75
0.75
0.75
0.75
0.75
0.75
0.75
0.75
0.75
0.75
0.75
0.75
0.75
0.75
0.75
0.75
0.75
0.75
0.75
0.75
0.75
0.75
0.75
0.75
0.75
0.75
0.75
0.75
0.75
0.75
0.75
0.75
0.75
0.75
0.75
0.75
0.75
0.75
0.75
0.75
0.75
0.75
0.75
0.75
0.75
0.75
0.75
0.75
0.75
0.75
0.75
0.75
0.75
0.75
0.75
0.75
0.75
0.75
0.75
0.75
0.75
0.75
0.75
0.75
0.75
0.75
0.75
0.75
0.75
0.75
0.75
0.75
0.75
0.75
0.75
0.75
0.75
0.75
0.75
0.75
0.75
0.75
0.75
0.75
0.75
0.75
0.75
0.75
0.75
0.75
0.75
0.75
0.75
0.75
0.75
0.75
0.75
0.75
0.75
0.75
0.75
0.75
0.75
0.75
0.75
0.75
0.75
0.75
0.75
0.75
0.75
0.75
0.75
0.25
0.25
0.25
0.25
0.25
0.25
0.25
0.25
0.25
0.25
0.25
0.25
0.25
0.25
0.25
0.25
0.25
0.25
0.25
0.25
0.25
0.25
0.25
0.25
0.25
0.25
0.25
0.25
0.25
0.25
0.25
0.25
0.25
0.25
0.25
0.2545289855072464
0.26358695652173914
0.27264492753623193
0.28170289855072461
0.29076086956521735
0.29981884057971014
0.30887681159420288
0.31793478260869568
0.32699275362318841
0.33605072463768115
0.34510869565217395
0.35416666666666663
0.36322463768115942
0.37228260869565216
0.38134057971014496
0.39039855072463769
0.39945652173913038
0.40851449275362317
0.41757246376811591
0.4266304347826087
0.43568840579710144
0.44474637681159424
0.45380434782608692
0.46286231884057971
0.47192028985507251
0.48097826086956519
0.49003623188405798
0.49909420289855072
0.5
0.5
0.5
0.5
0.5
0.5
0.5
0.5
0.5
0.5
0.5
0.5
0.5
0.50090579710144922
0.50996376811594202
0.5190217391304347
0.52807971014492749
0.53713768115942029
0.54619565217391308
0.55525362318840576
0.56431159420289856
0.57336956521739135
0.58242753623188392
0.59148550724637672
0.60054347826086962
0.60960144927536219
0.61865942028985499
0.62771739130434778
0.63677536231884058
0.64583333333333326
0.65489130434782605
0.66394927536231885
0.67300724637681153
0.68206521739130432
0.69112318840579712
0.70018115942028991
0.70923913043478259
0.71829710144927539
0.72735507246376818
0.73641304347826075
0.74547101449275366
0.75
0.75
0.75
0.75
0.75
0.75
0.75
0.75
0.75
0.75
0.75
0.75
0.75
0.75
0.75
0.75
0.75
0.75
0.75
0.75
0.75
0.75
0.75
0.75
0.75
0.75
0.75
0.75
0.75
0.75
0.75
0.75
0.75
0.75
0.75
0.75
0.75
0.75
0.75
0.75
0.75
0.75
0.75
0.75
0.75
0.75
0.75
0.75
0.75
0.75
0.75
0.75
0.75
0.75
0.75
0.75
0.75
0.75
0.75
0.75
0.75
0.75
0.75
0.75
0.75
0.75
0.75
0.75
0.75
0.75
0.75
0.75
0.75
0.75
0.75
0.75
0.75
0.75
0.75
0.75
0.75
0.75
0.75
0.75
0.75
0.75
0.75
0.75
0.75
0.75
0.75
0.75
0.75
0.75
0.75
0.75
0.75
0.75
0.75
0.75
0.75
0.75
0.75
0.75
0.75
0.75
0.75
0.75
0.75
0.75
0.75
0.75
0.75
0.75
0.75
0.75
0.75
0.75
0.75
0.75
0.75
0.75
0.75
0.75
0.75
0.75
0.75
0.75
0.75
0.75
0.75
0.75
0.75
0.75
0.75
0.75
0.75
0.75
0.75
0.75
0.75
0.75
0.75
0.75
0.75
0.75
0.75
0.75
0.75
0.75
0.75
0.75
0.25
0.25
0.25
0.25
0.25
0.25
0.25
0.25
0.25
0.25
0.25
0.25
0.25
0.25
0.25
0.25
0.25
0.25
0.25
0.25
0.25
0.25
0.25
0.25
0.25
0.25
0.25
0.25
0.25
0.25
0.25
0.25
0.25
0.25
0.25
0.25
0.2589285714285714
0.26785714285714285
0.27678571428571425
0.2857142857142857
0.2946428571428571
0.3035714285714286
0.3125
0.32142857142857145
0.33035714285714285
0.3392857142857143
0.3482142857142857
0.3571428571428571
0.3660714285714286
0.375
0.3839285714285714
0.39285714285714279
0.4017857142857143
0.4107142857142857
0.41964285714285715
0.42857142857142855
0.4375
0.4464285714285714
0.4553571428571429
0.4642857142857143
0.4732142857142857
0.48214285714285715
0.49107142857142855
0.5
0.5
0.5
0.5
0.5
0.5
0.5
0.5
0.5
0.5
0.5
0.5
0.5
0.5
0.5
0.5089285714285714
0.51785714285714279
0.52678571428571419
0.5357142857142857
0.5446428571428571
0.55357142857142849
0.56249999999999989
0.57142857142857129
0.5803571428571429
0.5892857142857143
0.5982142857142857
0.6071428571428571
0.6160714285714286
0.625
0.6339285714285714
0.64285714285714279
0.65178571428571419
0.6607142857142857
0.6696428571428571
0.67857142857142849
0.68749999999999989
0.69642857142857151
0.7053571428571429
0.7142857142857143
0.7232142857142857
0.73214285714285721
0.7410714285714286
0.75
0.75
0.75
0.75
0.75
0.75
0.75
0.75
0.75
0.75
0.75
0.75
0.75
0.75
0.75
0.75
0.75
0.75
0.75
0.75
0.75
0.75
0.75
0.75
0.75
0.75
0.75
0.75
0.75
0.75
0.75
0.75
0.75
0.75
0.75
0.75
0.75
0.75
0.75
0.75
0.75
0.75
0.75
0.75
0.75
0.75
0.75
0.75
0.75
0.75
0.75
0.75
0.75
0.75
0.75
0.75
0.75
0.75
0.75
0.75
0.75
0.75
0.75
0.75
0.75
0.75
0.75
0.75
0.75
0.75
0.75
0.75
0.75
0.75
0.75
0.75
0.75
0.75
0.75
0.75
0.75
0.75
0.75
0.75
0.75
0.75
0.75
0.75
0.75
0.75
0.75
0.75
0.75
0.75
0.75
0.75
0.75
0.75
0.75
0.75
0.75
0.75
0.75
0.75
0.75
0.75
0.75
0.75
0.75
0.75
0.75
0.75
0.75
0.75
0.75
0.75
0.75
0.75
0.75
0.75
0.75
0.75
0.75
0.75
0.75
0.75
0.75
0.75
0.75
0.75
0.75
0.75
0.75
0.75
0.75
0.75
0.75
0.75
0.75
0.75
0.75
0.75
0.75
0.75
0.75
0.75
0.75
0.75
0.75
0.75
0.75
0.25
0.25
0.25
0.25
0.25
0.25
0.25
0.25
0.25
0.25
0.25
0.25
0.25
0.25
0.25
0.25
0.25
0.25
0.25
0.25
0.25
0.25
0.25
0.25
0.25
0.25
0.25
0.25
0.25
0.25
0.25
0.25
0.25
0.25
0.25
0.25
0.25440140845070425
0.26320422535211263
0.27200704225352113
0.28080985915492962
0.28961267605633806
0.2984154929577465
0.30721830985915494
0.31602112676056338
0.32482394366197181
0.33362676056338031
0.34242957746478875
0.35123239436619719
0.36003521126760563
0.36883802816901406
0.3776408450704225
0.386443661971831
0.39524647887323944
0.40404929577464788
0.41285211267605632
0.42165492957746475
0.43045774647887319
0.43926056338028174
0.44806338028169013
0.45686619718309862
0.465669014084507
0.4744718309859155
0.48327464788732388
0.49207746478873238
0.5
0.5
0.5
0.5
0.5
0.5
0.5
0.5
0.5
0.5
0.5
0.5
0.5
0.5
0.5
0.50792253521126762
0.51672535211267601
0.5255281690140845
0.53433098591549288
0.54313380281690138
0.55193661971830976
0.56073943661971826
0.56954225352112664
0.57834507042253513
0.58714788732394352
0.59595070422535212
0.60475352112676062
0.613556338028169
0.6223591549295775
0.63116197183098588
0.63996478873239437
0.64876760563380276
0.65757042253521125
0.66637323943661964
0.67517605633802813
0.68397887323943651
0.69278169014084501
0.70158450704225361
0.710387323943662
0.71919014084507049
0.72799295774647887
0.73679577464788737
0.74559859154929575
0.75
0.75
0.75
0.75
0.75
0.75
0.75
0.75
0.75
0.75
0.75
0.75
0.75
0.75
0.75
0.75
0.75
0.75
0.75
0.75
0.75
0.75
0.75
0.75
0.75
0.75
0.75
0.75
0.75
0.75
0.75
0.75
0.75
0.75
0.75
0.75
0.75
0.75
0.75
0.75
0.75
0.75
0.75
0.75
0.75
0.75
0.75
0.75
0.75
0.75
0.75
0.75
0.75
0.75
0.75
0.75
0.75
0.75
0.75
0.75
0.75
0.75
0.75
0.75
0.75
0.75
0.75
0.75
0.75
0.75
0.75
0.75
0.75
0.75
0.75
0.75
0.75
0.75
0.75
0.75
0.75
0.75
0.75
0.75
0.75
0.75
0.75
0.75
0.75
0.75
0.75
0.75
0.75
0.75
0.75
0.75
0.75
0.75
0.75
0.75
0.75
0.75
0.75
0.75
0.75
0.75
0.75
0.75
0.75
0.75
0.75
0.75
0.75
0.75
0.75
0.75
0.75
0.75
0.75
0.75
0.75
0.75
0.75
0.75
0.75
0.75
0.75
0.75
0.75
0.75
0.75
0.75
0.75
0.75
0.75
0.75
0.75
0.75
0.75
0.75
0.75
0.75
0.75
0.75
0.75
0.75
0.75
0.75
0.75
0.25
0.25
0.25
0.25
0.25
0.25
0.25
0.25
0.25
0.25
0.25
0.25
0.25
0.25
0.25
0.25
0.25
0.25
0.25
0.25
0.25
0.25
0.25
0.25
0.25
0.25
0.25
0.25
0.25
0.25
0.25
0.25
0.25
0.25
0.25
0.25
0.25
0.25868055555555552
0.2673611111111111
0.27604166666666663
0.28472222222222221
0.29340277777777779
0.30208333333333337
0.3107638888888889
0.31944444444444448
0.328125
0.33680555555555552
0.3454861111111111
0.35416666666666663
0.36284722222222221
0.37152777777777779
0.38020833333333337
0.38888888888888884
0.39756944444444448
0.40625
0.41493055555555552
0.4236111111111111
0.43229166666666663
0.44097222222222221
0.44965277777777779
0.45833333333333337
0.46701388888888884
0.47569444444444448
0.484375
0.49305555555555552
0.5
0.5
0.5
0.5
0.5
0.5
0.5
0.5
0.5
0.5
0.5
0.5
0.5
0.5
0.5
0.50694444444444442
0.515625
0.52430555555555547
0.53298611111111105
0.54166666666666663
0.55034722222222221
0.55902777777777768
0.56770833333333326
0.57638888888888895
0.58506944444444442
0.59375
0.60243055555555547
0.61111111111111105
0.61979166666666674
0.62847222222222221
0.63715277777777768
0.64583333333333326
0.65451388888888895
0.66319444444444442
0.671875
0.68055555555555547
0.68923611111111105
0.69791666666666674
0.70659722222222221
0.71527777777777779
0.72395833333333326
0.73263888888888895
0.74131944444444442
0.75
0.75
0.75
0.75
0.75
0.75
0.75
0.75
0.75
0.75
0.75
0.75
0.75
0.75
0.75
0.75
0.75
0.75
0.75
0.75
0.75
0.75
0.75
0.75
0.75
0.75
0.75
0.75
0.75
0.75
0.75
0.75
0.75
0.75
0.75
0.75
0.75
0.75
0.75
0.75
0.75
0.75
0.75
0.75
0.75
0.75
0.75
0.75
0.75
0.75
0.75
0.75
0.75
0.75
0.75
0.75
0.75
0.75
0.75
0.75
0.75
0.75
0.75
0.75
0.75
0.75
0.75
0.75
0.75
0.75
0.75
0.75
0.75
0.75
0.75
0.75
0.75
0.75
0.75
0.75
0.75
0.75
0.75
0.75
0.75
0.75
0.75
0.75
0.75
0.75
0.75
0.75
0.75
0.75
0.75
0.75
0.75
0.75
0.75
0.75
0.75
0.75
0.75
0.75
0.75
0.75
0.75
0.75
0.75
0.75
0.75
0.75
0.75
0.75
0.75
0.75
0.75
0.75
0.75
0.75
0.75
0.75
0.75
0.75
0.75
0.75
0.75
0.75
0.75
0.75
0.75
0.75
0.75
0.75
0.75
0.75
0.75
0.75
0.75
0.75
0.75
0.75
0.75
0.75
0.75
0.75
0.75
0.75
0.25
0.25
0.25
0.25
0.25
0.25
0.25
0.25
0.25
0.25
0.25
0.25
0.25
0.25
0.25
0.25
0.25
0.25
0.25
0.25
0.25
0.25
0.25
0.25
0.25
0.25
0.25
0.25
0.25
0.25
0.25
0.25
0.25
0.25
0.25
0.25
0.25
0.25428082191780821
0.26284246575342463
0.2714041095890411
0.27996575342465752
0.28852739726027399
0.2970890410958904
0.30565068493150688
0.31421232876712324
0.32277397260273977
0.33133561643835613
0.3398972602739726
0.34845890410958902
0.35702054794520549
0.36558219178082191
0.37414383561643838
0.3827054794520548
0.39126712328767121
0.39982876712328763
0.4083904109589041
0.41695205479452052
0.42551369863013699
0.43407534246575341
0.44263698630136983
0.45119863013698625
0.45976027397260277
0.46832191780821913
0.47688356164383561
0.48544520547945202
0.4940068493150685
0.5
0.5
0.5
0.5
0.5
0.5
0.5
0.5
0.5
0.5
0.5
0.5
0.5
0.5
0.5
0.50599315068493145
0.51455479452054798
0.52311643835616439
0.5316780821917807
0.54023972602739723
0.54880136986301364
0.55736301369863017
0.56592465753424648
0.57448630136986301
0.58304794520547942
0.59160958904109595
0.60017123287671226
0.60873287671232879
0.6172945205479452
0.62585616438356162
0.63441780821917804
0.64297945205479445
0.65154109589041098
0.6601027397260274
0.6686643835616437
0.67722602739726023
0.68578767123287676
0.69434931506849318
0.7029109589041096
0.71147260273972601
0.72003424657534243
0.72859589041095896
0.73715753424657526
0.74571917808219179
0.75
0.75
0.75
0.75
0.75
0.75
0.75
0.75
0.75
0.75
0.75
0.75
0.75
0.75
0.75
0.75
0.75
0.75
0.75
0.75
0.75
0.75
0.75
0.75
0.75
0.75
0.75
0.75
0.75
0.75
0.75
0.75
0.75
0.75
0.75
0.75
0.75
0.75
0.75
0.75
0.75
0.75
0.75
0.75
0.75
0.75
0.75
0.75
0.75
0.75
0.75
0.75
0.75
0.75
0.75
0.75
0.75
0.75
0.75
0.75
0.75
0.75
0.75
0.75
0.75
0.75
0.75
0.75
0.75
0.75
0.75
0.75
0.75
0.75
0.75
0.75
0.75
0.75
0.75
0.75
0.75
0.75
0.75
0.75
0.75
0.75
0.75
0.75
0.75
0.75
0.75
0.75
0.75
0.75
0.75
0.75
0.75
0.75
0.75
0.75
0.75
0.75
0.75
0.75
0.75
0.75
0.75
0.75
0.75
0.75
0.75
0.75
0.75
0.75
0.75
0.75
0.75
0.75
0.75
0.75
0.75
0.75
0.75
0.75
0.75
0.75
0.75
0.75
0.75
0.75
0.75
0.75
0.75
0.75
0.75
0.75
0.75
0.75
0.75
0.75
0.75
0.75
0.75
0.75
0.75
0.75
0.25
0.25
0.25
0.25
0.25
0.25
0.25
0.25
0.25
0.25
0.25
0.25
0.25
0.25
0.25
0.25
0.25
0.25
0.25
0.25
0.25
0.25
0.25
0.25
0.25
0.25
0.25
0.25
0.25
0.25
0.25
0.25
0.25
0.25
0.25
0.25
0.25
0.25
0.25844594594594594
0.26689189189189189
0.27533783783783783
0.28378378378378377
0.29222972972972971
0.30067567567567566
0.30912162162162166
0.31756756756756754
0.32601351351351349
0.33445945945945943
0.34290540540540543
0.35135135135135137
0.35979729729729726
0.3682432432432432
0.3766891891891892
0.38513513513513514
0.39358108108108103
0.40202702702702697
0.41047297297297303
0.41891891891891891
0.42736486486486486
0.43581081081081074
0.4442567567567568
0.45270270270270274
0.46114864864864863
0.46959459459459457
0.47804054054054057
0.48648648648648651
0.49493243243243246
0.5
0.5
0.5
0.5
0.5
0.5
0.5
0.5
0.5
0.5
0.5
0.5
0.5
0.5
0.5
0.50506756756756754
0.51351351351351349
0.52195945945945943
0.53040540540540537
0.5388513513513512
0.54729729729729726
0.5557432432432432
0.56418918918918914
0.57263513513513509
0.58108108108108114
0.58952702702702697
0.59797297297297303
0.60641891891891886
0.6148648648648648
0.62331081081081086
0.63175675675675669
0.64020270270270263
0.64864864864864868
0.65709459459459452
0.66554054054054057
0.6739864864864864
0.68243243243243246
0.6908783783783784
0.69932432432432434
0.70777027027027029
0.71621621621621623
0.72466216216216217
0.73310810810810811
0.74155405405405395
0.75
0.75
0.75
0.75
0.75
0.75
0.75
0.75
0.75
0.75
0.75
0.75
0.75
0.75
0.75
0.75
0.75
0.75
0.75
0.75
0.75
0.75
0.75
0.75
0.75
0.75
0.75
0.75
0.75
0.75
0.75
0.75
0.75
0.75
0.75
0.75
0.75
0.75
0.75
0.75
0.75
0.75
0.75
0.75
0.75
0.75
0.75
0.75
0.75
0.75
0.75
0.75
0.75
0.75
0.75
0.75
0.75
0.75
0.75
0.75
0.75
0.75
0.75
0.75
0.75
0.75
0.75
0.75
0.75
0.75
0.75
0.75
0.75
0.75
0.75
0.75
0.75
0.75
0.75
0.75
0.75
0.75
0.75
0.75
0.75
0.75
0.75
0.75
0.75
0.75
0.75
0.75
0.75
0.75
0.75
0.75
0.75
0.75
0.75
0.75
0.75
0.75
0.75
0.75
0.75
0.75
0.75
0.75
0.75
0.75
0.75
0.75
0.75
0.75
0.75
0.75
0.75
0.75
0.75
0.75
0.75
0.75
0.75
0.75
0.75
0.75
0.75
0.75
0.75
0.75
0.75
0.75
0.75
0.75
0.75
0.75
0.75
0.75
0.75
0.75
0.75
0.75
0.75
0.75
0.75
0.25
0.25
0.25
0.25
0.25
0.25
0.25
0.25
0.25
0.25
0.25
0.25
0.25
0.25
0.25
0.25
0.25
0.25
0.25
0.25
0.25
0.25
0.25
0.25
0.25
0.25
0.25
0.25
0.25
0.25
0.25
0.25
0.25
0.25
0.25
0.25
0.25
0.25
0.25416666666666671
0.26250000000000001
0.27083333333333331
0.27916666666666667
0.28750000000000003
0.29583333333333334
0.3041666666666667
0.3125
0.3208333333333333
0.32916666666666672
0.33750000000000002
0.34583333333333333
0.35416666666666663
0.36250000000000004
0.37083333333333335
0.37916666666666665
0.38749999999999996
0.39583333333333326
0.40416666666666667
0.41249999999999998
0.42083333333333328
0.42916666666666664
0.4375
0.4458333333333333
0.45416666666666666
0.46249999999999997
0.47083333333333333
0.47916666666666669
0.48749999999999999
0.49583333333333335
0.5
0.5
0.5
0.5
0.5
0.5
0.5
0.5
0.5
0.5
0.5
0.5
0.5
0.5
0.5
0.50416666666666665
0.51250000000000007
0.52083333333333326
0.52916666666666667
0.53749999999999987
0.54583333333333328
0.5541666666666667
0.56249999999999989
0.5708333333333333
0.57916666666666661
0.58749999999999991
0.59583333333333333
0.60416666666666663
0.61250000000000004
0.62083333333333324
0.62916666666666665
0.63749999999999996
0.64583333333333326
0.65416666666666667
0.66250000000000009
0.67083333333333328
0.6791666666666667
0.68749999999999989
0.6958333333333333
0.70416666666666672
0.71249999999999991
0.72083333333333333
0.72916666666666663
0.73750000000000004
0.74583333333333335
0.75
0.75
0.75
0.75
0.75
0.75
0.75
0.75
0.75
0.75
0.75
0.75
0.75
0.75
0.75
0.75
0.75
0.75
0.75
0.75
0.75
0.75
0.75
0.75
0.75
0.75
0.75
0.75
0.75
0.75
0.75
0.75
0.75
0.75
0.75
0.75
0.75
0.75
0.75
0.75
0.75
0.75
0.75
0.75
0.75
0.75
0.75
0.75
0.75
0.75
0.75
0.75
0.75
0.75
0.75
0.75
0.75
0.75
0.75
0.75
0.75
0.75
0.75
0.75
0.75
0.75
0.75
0.75
0.75
0.75
0.75
0.75
0.75
0.75
0.75
0.75
0.75
0.75
0.75
0.75
0.75
0.75
0.75
0.75
0.75
0.75
0.75
0.75
0.75
0.75
0.75
0.75
0.75
0.75
0.75
0.75
0.75
0.75
0.75
0.75
0.75
0.75
0.75
0.75
0.75
0.75
0.75
0.75
0.75
0.75
0.75
0.75
0.75
0.75
0.75
0.75
0.75
0.75
0.75
0.75
0.75
0.75
0.75
0.75
0.75
0.75
0.75
0.75
0.75
0.75
0.75
0.75
0.75
0.75
0.75
0.75
0.75
0.75
0.75
0.75
0.75
0.75
0.75
0.25
0.25
0.25
0.25
0.25
0.25
0.25
0.25
0.25
0.25
0.25
0.25
0.25
0.25
0.25
0.25
0.25
0.25
0.25
0.25
0.25
0.25
0.25
0.25
0.25
0.25
0.25
0.25
0.25
0.25
0.25
0.25
0.25
0.25
0.25
0.25
0.25
0.25
0.25
0.25822368421052633
0.2664473684210526
0.27467105263157898
0.28289473684210531
0.29111842105263158
0.29934210526315791
0.30756578947368418
0.31578947368421051
0.32401315789473684
0.33223684210526316
0.34046052631578949
0.34868421052631582
0.35690789473684209
0.36513157894736842
0.37335526315789469
0.38157894736842102
0.38980263157894735
0.39802631578947367
0.40625
0.41447368421052633
0.4226973684210526
0.43092105263157898
0.43914473684210531
0.44736842105263153
0.45559210526315791
0.46381578947368418
0.47203947368421051
0.48026315789473684
0.48848684210526316
0.49671052631578949
0.5
0.5
0.5
0.5
0.5
0.5
0.5
0.5
0.5
0.5
0.5
0.5
0.5
0.5
0.5
0.50328947368421051
0.51151315789473684
0.51973684210526305
0.52796052631578938
0.53618421052631582
0.54440789473684204
0.55263157894736836
0.56085526315789469
0.56907894736842102
0.57730263157894723
0.58552631578947367
0.59375
0.60197368421052622
0.61019736842105265
0.61842105263157898
0.6266447368421052
0.63486842105263164
0.64309210526315785
0.65131578947368418
0.65953947368421062
0.66776315789473684
0.67598684210526305
0.68421052631578938
0.69243421052631582
0.70065789473684204
0.70888157894736836
0.7171052631578948
0.72532894736842102
0.73355263157894735
0.74177631578947367
0.75
0.75
0.75
0.75
0.75
0.75
0.75
0.75
0.75
0.75
0.75
0.75
0.75
0.75
0.75
0.75
0.75
0.75
0.75
0.75
0.75
0.75
0.75
0.75
0.75
0.75
0.75
0.75
0.75
0.75
0.75
0.75
0.75
0.75
0.75
0.75
0.75
0.75
0.75
0.75
0.75
0.75
0.75
0.75
0.75
0.75
0.75
0.75
0.75
0.75
0.75
0.75
0.75
0.75
0.75
0.75
0.75
0.75
0.75
0.75
0.75
0.75
0.75
0.75
0.75
0.75
0.75
0.75
0.75
0.75
0.75
0.75
0.75
0.75
0.75
0.75
0.75
0.75
0.75
0.75
0.75
0.75
0.75
0.75
0.75
0.75
0.75
0.75
0.75
0.75
0.75
0.75
0.75
0.75
0.75
0.75
0.75
0.75
0.75
0.75
0.75
0.75
0.75
0.75
0.75
0.75
0.75
0.75
0.75
0.75
0.75
0.75
0.75
0.75
0.75
0.75
0.75
0.75
0.75
0.75
0.75
0.75
0.75
0.75
0.75
0.75
0.75
0.75
0.75
0.75
0.75
0.75
0.75
0.75
0.75
0.75
0.75
0.75
0.75
0.75
0.75
0.75
0.25
0.25
0.25
0.25
0.25
0.25
0.25
0.25
0.25
0.25
0.25
0.25
0.25
0.25
0.25
0.25
0.25
0.25
0.25
0.25
0.25
0.25
0.25
0.25
0.25
0.25
0.25
0.25
0.25
0.25
0.25
0.25
0.25
0.25
0.25
0.25
0.25
0.25
0.25
0.25405844155844154
0.26217532467532467
0.27029220779220775
0.27840909090909088
0.28652597402597402
0.2946428571428571
0.30275974025974023
0.31087662337662336
0.3189935064935065
0.32711038961038963
0.33522727272727271
0.34334415584415584
0.35146103896103897
0.35957792207792205
0.36769480519480519
0.37581168831168832
0.3839285714285714
0.39204545454545459
0.40016233766233766
0.4082792207792208
0.41639610389610393
0.42451298701298701
0.43262987012987014
0.44074675324675328
0.44886363636363635
0.45698051948051954
0.46509740259740256
0.4732142857142857
0.48133116883116878
0.48944805194805191
0.49756493506493504
0.5
0.5
0.5
0.5
0.5
0.5
0.5
0.5
0.5
0.5
0.5
0.5
0.5
0.5
0.5
0.50243506493506496
0.51055194805194792
0.51866883116883111
0.52678571428571419
0.53490259740259738
0.54301948051948046
0.55113636363636365
0.55925324675324672
0.56737012987012991
0.57548701298701288
0.58360389610389607
0.59172077922077915
0.59983766233766234
0.60795454545454541
0.6160714285714286
0.62418831168831168
0.63230519480519487
0.64042207792207795
0.64853896103896091
0.6566558441558441
0.66477272727272718
0.67288961038961037
0.68100649350649345
0.68912337662337664
0.69724025974025972
0.7053571428571429
0.71347402597402598
0.72159090909090917
0.72970779220779214
0.73782467532467533
0.74594155844155841
0.75
0.75
0.75
0.75
0.75
0.75
0.75
0.75
0.75
0.75
0.75
0.75
0.75
0.75
0.75
0.75
0.75
0.75
0.75
0.75
0.75
0.75
0.75
0.75
0.75
0.75
0.75
0.75
0.75
0.75
0.75
0.75
0.75
0.75
0.75
0.75
0.75
0.75
0.75
0.75
0.75
0.75
0.75
0.75
0.75
0.75
0.75
0.75
0.75
0.75
0.75
0.75
0.75
0.75
0.75
0.75
0.75
0.75
0.75
0.75
0.75
0.75
0.75
0.75
0.75
0.75
0.75
0.75
0.75
0.75
0.75
0.75
0.75
0.75
0.75
0.75
0.75
0.75
0.75
0.75
0.75
0.75
0.75
0.75
0.75
0.75
0.75
0.75
0.75
0.75
0.75
0.75
0.75
0.75
0.75
0.75
0.75
0.75
0.75
0.75
0.75
0.75
0.75
0.75
0.75
0.75
0.75
0.75
0.75
0.75
0.75
0.75
0.75
0.75
0.75
0.75
0.75
0.75
0.75
0.75
0.75
0.75
0.75
0.75
0.75
0.75
0.75
0.75
0.75
0.75
0.75
0.75
0.75
0.75
0.75
0.75
0.75
0.75
0.75
0.75
0.25
0.25
0.25
0.25
0.25
0.25
0.25
0.25
0.25
0.25
0.25
0.25
0.25
0.25
0.25
0.25
0.25
0.25
0.25
0.25
0.25
0.25
0.25
0.25
0.25
0.25
0.25
0.25
0.25
0.25
0.25
0.25
0.25
0.25
0.25
0.25
0.25
0.25
0.25
0.25
0.25801282051282048
0.26602564102564102
0.27403846153846151
0.28205128205128205
0.29006410256410253
0.29807692307692302
0.30608974358974361
0.3141025641025641
0.32211538461538464
0.33012820512820512
0.33814102564102566
0.34615384615384615
0.35416666666666663
0.36217948717948723
0.37019230769230771
0.37820512820512819
0.38621794871794868
0.39423076923076916
0.40224358974358976
0.41025641025641024
0.41826923076923078
0.42628205128205127
0.43429487179487175
0.44230769230769229
0.45032051282051277
0.45833333333333337
0.46634615384615385
0.47435897435897434
0.48237179487179488
0.49038461538461536
0.4983974358974359
0.5
0.5
0.5
0.5
0.5
0.5
0.5
0.5
0.5
0.5
0.5
0.5
0.5
0.5
0.5
0.5016025641025641
0.50961538461538458
0.51762820512820507
0.52564102564102555
0.53365384615384603
0.54166666666666663
0.54967948717948711
0.5576923076923076
0.56570512820512808
0.57371794871794857
0.58173076923076927
0.58974358974358976
0.59775641025641024
0.60576923076923073
0.61378205128205132
0.62179487179487181
0.62980769230769229
0.63782051282051277
0.64583333333333326
0.65384615384615385
0.66185897435897434
0.66987179487179482
0.67788461538461531
0.68589743589743579
0.6939102564102565
0.70192307692307698
0.70993589743589747
0.71794871794871795
0.72596153846153844
0.73397435897435903
0.74198717948717952
0.75
0.75
0.75
0.75
0.75
0.75
0.75
0.75
0.75
0.75
0.75
0.75
0.75
0.75
0.75
0.75
0.75
0.75
0.75
0.75
0.75
0.75
0.75
0.75
0.75
0.75
0.75
0.75
0.75
0.75
0.75
0.75
0.75
0.75
0.75
0.75
0.75
0.75
0.75
0.75
0.75
0.75
0.75
0.75
0.75
0.75
0.75
0.75
0.75
0.75
0.75
0.75
0.75
0.75
0.75
0.75
0.75
0.75
0.75
0.75
0.75
0.75
0.75
0.75
0.75
0.75
0.75
0.75
0.75
0.75
0.75
0.75
0.75
0.75
0.75
0.75
0.75
0.75
0.75
0.75
0.75
0.75
0.75
0.75
0.75
0.75
0.75
0.75
0.75
0.75
0.75
0.75
0.75
0.75
0.75
0.75
0.75
0.75
0.75
0.75
0.75
0.75
0.75
0.75
0.75
0.75
0.75
0.75
0.75
0.75
0.75
0.75
0.75
0.75
0.75
0.75
0.75
0.75
0.75
0.75
0.75
0.75
0.75
0.75
0.75
0.75
0.75
0.75
0.75
0.75
0.75
0.75
0.75
0.75
0.75
0.75
0.75
0.75
0.75
0.25
0.25
0.25
0.25
0.25
0.25
0.25
0.25
0.25
0.25
0.25
0.25
0.25
0.25
0.25
0.25
0.25
0.25
0.25
0.25
0.25
0.25
0.25
0.25
0.25
0.25
0.25
0.25
0.25
0.25
0.25
0.25
0.25
0.25
0.25
0.25
0.25
0.25
0.25
0.25
0.25395569620253167
0.26186708860759494
0.26977848101265822
0.27768987341772156
0.28560126582278478
0.29351265822784811
0.30142405063291139
0.30933544303797467
0.317246835443038
0.32515822784810122
0.33306962025316456
0.34098101265822783
0.34889240506329111
0.35680379746835444
0.36471518987341772
0.37262658227848106
0.38053797468354433
0.38844936708860756
0.39636075949367089
0.40427215189873417
0.4121835443037975
0.42009493670886078
0.428006329113924
0.43591772151898733
0.44382911392405061
0.45174050632911394
0.45965189873417722
0.46756329113924044
0.47547468354430378
0.48338607594936711
0.49129746835443033
0.49920886075949367
0.5
0.5
0.5
0.5
0.5
0.5
0.5
0.5
0.5
0.5
0.5
0.5
0.5
0.5
0.5
0.50079113924050633
0.50870253164556956
0.51661392405063289
0.52452531645569622
0.53243670886075944
0.54034810126582278
0.54825949367088611
0.55617088607594922
0.56408227848101256
0.57199367088607589
0.57990506329113922
0.58781645569620244
0.59572784810126578
0.60363924050632911
0.61155063291139233
0.61946202531645567
0.627373417721519
0.63528481012658222
0.64319620253164556
0.65110759493670889
0.659018987341772
0.66693037974683533
0.67484177215189867
0.682753164556962
0.69066455696202533
0.69857594936708867
0.706487341772152
0.71439873417721511
0.72231012658227844
0.73022151898734178
0.738132911392405
0.74604430379746833
0.75
0.75
0.75
0.75
0.75
0.75
0.75
0.75
0.75
0.75
0.75
0.75
0.75
0.75
0.75
0.75
0.75
0.75
0.75
0.75
0.75
0.75
0.75
0.75
0.75
0.75
0.75
0.75
0.75
0.75
0.75
0.75
0.75
0.75
0.75
0.75
0.75
0.75
0.75
0.75
0.75
0.75
0.75
0.75
0.75
0.75
0.75
0.75
0.75
0.75
0.75
0.75
0.75
0.75
0.75
0.75
0.75
0.75
0.75
0.75
0.75
0.75
0.75
0.75
0.75
0.75
0.75
0.75
0.75
0.75
0.75
0.75
0.75
0.75
0.75
0.75
0.75
0.75
0.75
0.75
0.75
0.75
0.75
0.75
0.75
0.75
0.75
0.75
0.75
0.75
0.75
0.75
0.75
0.75
0.75
0.75
0.75
0.75
0.75
0.75
0.75
0.75
0.75
0.75
0.75
0.75
0.75
0.75
0.75
0.75
0.75
0.75
0.75
0.75
0.75
0.75
0.75
0.75
0.75
0.75
0.75
0.75
0.75
0.75
0.75
0.75
0.75
0.75
0.75
0.75
0.75
0.75
0.75
0.75
0.75
0.75
0.75
0.25
0.25
0.25
0.25
0.25
0.25
0.25
0.25
0.25
0.25
0.25
0.25
0.25
0.25
0.25
0.25
0.25
0.25
0.25
0.25
0.25
0.25
0.25
0.25
0.25
0.25
0.25
0.25
0.25
0.25
0.25
0.25
0.25
0.25
0.25
0.25
0.25
0.25
0.25
0.25
0.25
0.2578125
0.265625
0.2734375
0.28125
0.2890625
0.296875
0.3046875
0.3125
0.3203125
0.328125
0.3359375
0.34375
0.3515625
0.359375
0.3671875
0.375
0.3828125
0.390625
0.3984375
0.40625
0.4140625
0.421875
0.4296875
0.4375
0.4453125
0.453125
0.4609375
0.46875
0.4765625
0.484375
0.4921875
0.5
0.5
0.5
0.5
0.5
0.5
0.5
0.5
0.5
0.5
0.5
0.5
0.5
0.5
0.5
0.5
0.5
0.5078125
0.515625
0.52343749999999989
0.53124999999999989
0.5390625
0.546875
0.5546875
0.56249999999999989
0.57031249999999989
0.578125
0.5859375
0.59375
0.6015625
0.60937499999999989
0.6171875
0.625
0.6328125
0.640625
0.64843749999999989
0.65625
0.6640625
0.671875
0.6796875
0.68749999999999989
0.6953125
0.703125
0.7109375
0.71875
0.7265625
0.734375
0.7421875
0.75
0.75
0.75
0.75
0.75
0.75
0.75
0.75
0.75
0.75
0.75
0.75
0.75
0.75
0.75
0.75
0.75
0.75
0.75
0.75
0.75
0.75
0.75
0.75
0.75
0.75
0.75
0.75
0.75
0.75
0.75
0.75
0.75
0.75
0.75
0.75
0.75
0.75
0.75
0.75
0.75
0.75
0.75
0.75
0.75
0.75
0.75
0.75
0.75
0.75
0.75
0.75
0.75
0.75
0.75
0.75
0.75
0.75
0.75
0.75
0.75
0.75
0.75
0.75
0.75
0.75
0.75
0.75
0.75
0.75
0.75
0.75
0.75
0.75
0.75
0.75
0.75
0.75
0.75
0.75
0.75
0.75
0.75
0.75
0.75
0.75
0.75
0.75
0.75
0.75
0.75
0.75
0.75
0.75
0.75
0.75
0.75
0.75
0.75
0.75
0.75
0.75
0.75
0.75
0.75
0.75
0.75
0.75
0.75
0.75
0.75
0.75
0.75
0.75
0.75
0.75
0.75
0.75
0.75
0.75
0.75
0.75
0.75
0.75
0.75
0.75
0.75
0.75
0.75
0.75
0.75
0.75
0.75
0.75
0.75
0.75
0.25
0.25
0.25
0.25
0.25
0.25
0.25
0.25
0.25
0.25
0.25
0.25
0.25
0.25
0.25
0.25
0.25
0.25
0.25
0.25
0.25
0.25
0.25
0.25
0.25
0.25
0.25
0.25
0.25
0.25
0.25
0.25
0.25
0.25
0.25
0.25
0.25
0.25
0.25
0.25
0.25
0.25385802469135804
0.26157407407407407
0.26929012345679015
0.27700617283950613
0.28472222222222221
0.29243827160493824
0.30015432098765432
0.30787037037037035
0.31558641975308643
0.32330246913580246
0.33101851851851855
0.33873456790123457
0.34645061728395066
0.35416666666666663
0.36188271604938271
0.36959876543209874
0.37731481481481483
0.38503086419753085
0.39274691358024694
0.40046296296296291
0.40817901234567899
0.41589506172839502
0.4236111111111111
0.43132716049382713
0.43904320987654322
0.44675925925925919
0.45447530864197527
0.46219135802469136
0.46990740740740744
0.47762345679012341
0.4853395061728395
0.49305555555555552
0.5
0.5
0.5
0.5
0.5
0.5
0.5
0.5
0.5
0.5
0.5
0.5
0.5
0.5
0.5
0.5
0.5
0.50694444444444442
0.5146604938271605
0.52237654320987648
0.53009259259259256
0.53780864197530864
0.54552469135802473
0.5532407407407407
0.56095679012345678
0.56867283950617287
0.57638888888888895
0.58410493827160481
0.5918209876543209
0.59953703703703698
0.60725308641975317
0.61496913580246904
0.62268518518518512
0.6304012345679012
0.63811728395061729
0.64583333333333326
0.65354938271604934
0.66126543209876543
0.66898148148148151
0.67669753086419748
0.68441358024691357
0.69212962962962965
0.69984567901234573
0.70756172839506171
0.71527777777777779
0.72299382716049387
0.73070987654320996
0.73842592592592582
0.74614197530864201
0.75
0.75
0.75
0.75
0.75
0.75
0.75
0.75
0.75
0.75
0.75
0.75
0.75
0.75
0.75
0.75
0.75
0.75
0.75
0.75
0.75
0.75
0.75
0.75
0.75
0.75
0.75
0.75
0.75
0.75
0.75
0.75
0.75
0.75
0.75
0.75
0.75
0.75
0.75
0.75
0.75
0.75
0.75
0.75
0.75
0.75
0.75
0.75
0.75
0.75
0.75
0.75
0.75
0.75
0.75
0.75
0.75
0.75
0.75
0.75
0.75
0.75
0.75
0.75
0.75
0.75
0.75
0.75
0.75
0.75
0.75
0.75
0.75
0.75
0.75
0.75
0.75
0.75
0.75
0.75
0.75
0.75
0.75
0.75
0.75
0.75
0.75
0.75
0.75
0.75
0.75
0.75
0.75
0.75
0.75
0.75
0.75
0.75
0.75
0.75
0.75
0.75
0.75
0.75
0.75
0.75
0.75
0.75
0.75
0.75
0.75
0.75
0.75
0.75
0.75
0.75
0.75
0.75
0.75
0.75
0.75
0.75
0.75
0.75
0.75
0.75
0.75
0.75
0.75
0.75
0.75
0.75
0.75
0.75
0.25
0.25
0.25
0.25
0.25
0.25
0.25
0.25
0.25
0.25
0.25
0.25
0.25
0.25
0.25
0.25
0.25
0.25
0.25
0.25
0.25
0.25
0.25
0.25
0.25
0.25
0.25
0.25
0.25
0.25
0.25
0.25
0.25
0.25
0.25
0.25
0.25
0.25
0.25
0.25
0.25
0.25
0.2576219512195122
0.2652439024390244
0.27286585365853661
0.28048780487804881
0.28810975609756101
0.29573170731707316
0.30335365853658536
0.31097560975609756
0.31859756097560976
0.32621951219512196
0.33384146341463417
0.34146341463414637
0.34908536585365857
0.35670731707317077
0.36432926829268297
0.37195121951219512
0.37957317073170727
0.38719512195121952
0.39481707317073167
0.40243902439024393
0.41006097560975607
0.41768292682926833
0.42530487804878048
0.43292682926829273
0.44054878048780488
0.44817073170731703
0.45579268292682923
0.46341463414634143
0.47103658536585363
0.47865853658536583
0.48628048780487804
0.49390243902439024
0.5
0.5
0.5
0.5
0.5
0.5
0.5
0.5
0.5
0.5
0.5
0.5
0.5
0.5
0.5
0.5
0.5
0.50609756097560976
0.51371951219512202
0.52134146341463405
0.5289634146341462
0.53658536585365846
0.5442073170731706
0.55182926829268286
0.55945121951219501
0.56707317073170727
0.57469512195121941
0.58231707317073167
0.58993902439024382
0.59756097560975607
0.60518292682926833
0.61280487804878048
0.62042682926829262
0.62804878048780488
0.63567073170731714
0.64329268292682928
0.65091463414634143
0.65853658536585369
0.66615853658536595
0.67378048780487798
0.68140243902439013
0.68902439024390238
0.69664634146341453
0.70426829268292679
0.71189024390243905
0.71951219512195119
0.72713414634146334
0.7347560975609756
0.74237804878048785
0.75
0.75
0.75
0.75
0.75
0.75
0.75
0.75
0.75
0.75
0.75
0.75
0.75
0.75
0.75
0.75
0.75
0.75
0.75
0.75
0.75
0.75
0.75
0.75
0.75
0.75
0.75
0.75
0.75
0.75
0.75
0.75
0.75
0.75
0.75
0.75
0.75
0.75
0.75
0.75
0.75
0.75
0.75
0.75
0.75
0.75
0.75
0.75
0.75
0.75
0.75
0.75
0.75
0.75
0.75
0.75
0.75
0.75
0.75
0.75
0.75
0.75
0.75
0.75
0.75
0.75
0.75
0.75
0.75
0.75
0.75
0.75
0.75
0.75
0.75
0.75
0.75
0.75
0.75
0.75
0.75
0.75
0.75
0.75
0.75
0.75
0.75
0.75
0.75
0.75
0.75
0.75
0.75
0.75
0.75
0.75
0.75
0.75
0.75
0.75
0.75
0.75
0.75
0.75
0.75
0.75
0.75
0.75
0.75
0.75
0.75
0.75
0.75
0.75
0.75
0.75
0.75
0.75
0.75
0.75
0.75
0.75
0.75
0.75
0.75
0.75
0.75
0.75
0.75
0.75
0.75
0.75
0.75
0.25
0.25
0.25
0.25
0.25
0.25
0.25
0.25
0.25
0.25
0.25
0.25
0.25
0.25
0.25
0.25
0.25
0.25
0.25
0.25
0.25
0.25
0.25
0.25
0.25
0.25
0.25
0.25
0.25
0.25
0.25
0.25
0.25
0.25
0.25
0.25
0.25
0.25
0.25
0.25
0.25
0.25
0.25376506024096385
0.2612951807228916
0.26882530120481929
0.27635542168674698
0.28388554216867468
0.29141566265060243
0.29894578313253012
0.30647590361445787
0.31400602409638556
0.32153614457831325
0.32906626506024095
0.33659638554216864
0.34412650602409639
0.35165662650602414
0.35918674698795178
0.36671686746987953
0.37424698795180722
0.38177710843373491
0.38930722891566261
0.39683734939759041
0.40436746987951805
0.4118975903614458
0.41942771084337349
0.42695783132530118
0.43448795180722888
0.44201807228915668
0.44954819277108432
0.45707831325301207
0.46460843373493976
0.47213855421686746
0.47966867469879515
0.48719879518072284
0.49472891566265059
0.5
0.5
0.5
0.5
0.5
0.5
0.5
0.5
0.5
0.5
0.5
0.5
0.5
0.5
0.5
0.5
0.5
0.50527108433734935
0.51280120481927705
0.52033132530120485
0.52786144578313254
0.53539156626506013
0.54292168674698793
0.55045180722891562
0.55798192771084332
0.56551204819277112
0.57304216867469882
0.5805722891566264
0.5881024096385542
0.5956325301204819
0.60316265060240959
0.61069277108433728
0.61822289156626509
0.62575301204819267
0.63328313253012036
0.64081325301204817
0.64834337349397586
0.65587349397590355
0.66340361445783136
0.67093373493975905
0.67846385542168663
0.68599397590361444
0.69352409638554213
0.70105421686746983
0.70858433734939763
0.71611445783132532
0.72364457831325302
0.73117469879518082
0.7387048192771084
0.7462349397590361
0.75
0.75
0.75
0.75
0.75
0.75
0.75
0.75
0.75
0.75
0.75
0.75
0.75
0.75
0.75
0.75
0.75
0.75
0.75
0.75
0.75
0.75
0.75
0.75
0.75
0.75
0.75
0.75
0.75
0.75
0.75
0.75
0.75
0.75
0.75
0.75
0.75
0.75
0.75
0.75
0.75
0.75
0.75
0.75
0.75
0.75
0.75
0.75
0.75
0.75
0.75
0.75
0.75
0.75
0.75
0.75
0.75
0.75
0.75
0.75
0.75
0.75
0.75
0.75
0.75
0.75
0.75
0.75
0.75
0.75
0.75
0.75
0.75
0.75
0.75
0.75
0.75
0.75
0.75
0.75
0.75
0.75
0.75
0.75
0.75
0.75
0.75
0.75
0.75
0.75
0.75
0.75
0.75
0.75
0.75
0.75
0.75
0.75
0.75
0.75
0.75
0.75
0.75
0.75
0.75
0.75
0.75
0.75
0.75
0.75
0.75
0.75
0.75
0.75
0.75
0.75
0.75
0.75
0.75
0.75
0.75
0.75
0.75
0.75
0.75
0.75
0.75
0.75
0.75
0.75
0.75
0.25
0.25
0.25
0.25
0.25
0.25
0.25
0.25
0.25
0.25
0.25
0.25
0.25
0.25
0.25
0.25
0.25
0.25
0.25
0.25
0.25
0.25
0.25
0.25
0.25
0.25
0.25
0.25
0.25
0.25
0.25
0.25
0.25
0.25
0.25
0.25
0.25
0.25
0.25
0.25
0.25
0.25
0.25
0.25744047619047616
0.26488095238095238
0.27232142857142855
0.27976190476190477
0.28720238095238093
0.2946428571428571
0.30208333333333337
0.30952380952380953
0.3169642857142857
0.32440476190476192
0.33184523809523808
0.3392857142857143
0.34672619047619047
0.35416666666666663
0.3616071428571429
0.36904761904761907
0.37648809523809523
0.3839285714285714
0.39136904761904756
0.39880952380952384
0.40625
0.41369047619047616
0.42113095238095238
0.42857142857142855
0.43601190476190477
0.44345238095238093
0.4508928571428571
0.45833333333333337
0.46577380952380953
0.4732142857142857
0.48065476190476192
0.48809523809523808
0.4955357142857143
0.5
0.5
0.5
0.5
0.5
0.5
0.5
0.5
0.5
0.5
0.5
0.5
0.5
0.5
0.5
0.5
0.5
0.5044642857142857
0.51190476190476186
0.51934523809523803
0.52678571428571419
0.53422619047619035
0.54166666666666663
0.54910714285714279
0.55654761904761896
0.56398809523809512
0.57142857142857129
0.57886904761904767
0.58630952380952384
0.59375
0.60119047619047616
0.60863095238095233
0.6160714285714286
0.62351190476190477
0.63095238095238093
0.6383928571428571
0.64583333333333326
0.65327380952380953
0.6607142857142857
0.66815476190476186
0.67559523809523803
0.68303571428571419
0.69047619047619047
0.69791666666666674
0.7053571428571429
0.71279761904761907
0.72023809523809523
0.7276785714285714
0.73511904761904767
0.74255952380952384
0.75
0.75
0.75
0.75
0.75
0.75
0.75
0.75
0.75
0.75
0.75
0.75
0.75
0.75
0.75
0.75
0.75
0.75
0.75
0.75
0.75
0.75
0.75
0.75
0.75
0.75
0.75
0.75
0.75
0.75
0.75
0.75
0.75
0.75
0.75
0.75
0.75
0.75
0.75
0.75
0.75
0.75
0.75
0.75
0.75
0.75
0.75
0.75
0.75
0.75
0.75
0.75
0.75
0.75
0.75
0.75
0.75
0.75
0.75
0.75
0.75
0.75
0.75
0.75
0.75
0.75
0.75
0.75
0.75
0.75
0.75
0.75
0.75
0.75
0.75
0.75
0.75
0.75
0.75
0.75
0.75
0.75
0.75
0.75
0.75
0.75
0.75
0.75
0.75
0.75
0.75
0.75
0.75
0.75
0.75
0.75
0.75
0.75
0.75
0.75
0.75
0.75
0.75
0.75
0.75
0.75
0.75
0.75
0.75
0.75
0.75
0.75
0.75
0.75
0.75
0.75
0.75
0.75
0.75
0.75
0.75
0.75
0.75
0.75
0.75
0.75
0.75
0.75
0.75
0.75
0.25
0.25
0.25
0.25
0.25
0.25
0.25
0.25
0.25
0.25
0.25
0.25
0.25
0.25
0.25
0.25
0.25
0.25
0.25
0.25
0.25
0.25
0.25
0.25
0.25
0.25
0.25
0.25
0.25
0.25
0.25
0.25
0.25
0.25
0.25
0.25
0.25
0.25
0.25
0.25
0.25
0.25
0.25
0.25367647058823528
0.2610294117647059
0.26838235294117646
0.27573529411764702
0.28308823529411764
0.2904411764705882
0.29779411764705876
0.30514705882352944
0.3125
0.31985294117647062
0.32720588235294118
0.33455882352941174
0.34191176470588236
0.34926470588235292
0.35661764705882348
0.36397058823529416
0.37132352941176472
0.37867647058823528
0.38602941176470584
0.39338235294117641
0.40073529411764708
0.40808823529411764
0.4154411764705882
0.42279411764705882
0.43014705882352938
0.4375
0.44485294117647056
0.45220588235294112
0.4595588235294118
0.46691176470588236
0.47426470588235292
0.48161764705882354
0.4889705882352941
0.49632352941176472
0.5
0.5
0.5
0.5
0.5
0.5
0.5
0.5
0.5
0.5
0.5
0.5
0.5
0.5
0.5
0.5
0.5
0.50367647058823528
0.51102941176470584
0.51838235294117641
0.52573529411764697
0.53308823529411753
0.5404411764705882
0.54779411764705876
0.55514705882352933
0.56249999999999989
0.56985294117647045
0.57720588235294124
0.5845588235294118
0.59191176470588236
0.59926470588235292
0.60661764705882348
0.61397058823529416
0.62132352941176472
0.62867647058823528
0.63602941176470584
0.64338235294117641
0.65073529411764697
0.65808823529411764
0.6654411764705882
0.67279411764705876
0.68014705882352933
0.68749999999999989
0.69485294117647067
0.70220588235294124
0.7095588235294118
0.71691176470588236
0.72426470588235292
0.73161764705882359
0.73897058823529416
0.74632352941176472
0.75
0.75
0.75
0.75
0.75
0.75
0.75
0.75
0.75
0.75
0.75
0.75
0.75
0.75
0.75
0.75
0.75
0.75
0.75
0.75
0.75
0.75
0.75
0.75
0.75
0.75
0.75
0.75
0.75
0.75
0.75
0.75
0.75
0.75
0.75
0.75
0.75
0.75
0.75
0.75
0.75
0.75
0.75
0.75
0.75
0.75
0.75
0.75
0.75
0.75
0.75
0.75
0.75
0.75
0.75
0.75
0.75
0.75
0.75
0.75
0.75
0.75
0.75
0.75
0.75
0.75
0.75
0.75
0.75
0.75
0.75
0.75
0.75
0.75
0.75
0.75
0.75
0.75
0.75
0.75
0.75
0.75
0.75
0.75
0.75
0.75
0.75
0.75
0.75
0.75
0.75
0.75
0.75
0.75
0.75
0.75
0.75
0.75
0.75
0.75
0.75
0.75
0.75
0.75
0.75
0.75
0.75
0.75
0.75
0.75
0.75
0.75
0.75
0.75
0.75
0.75
0.75
0.75
0.75
0.75
0.75
0.75
0.75
0.75
0.75
0.75
0.75
0.75
0.25
0.25
0.25
0.25
0.25
0.25
0.25
0.25
0.25
0.25
0.25
0.25
0.25
0.25
0.25
0.25
0.25
0.25
0.25
0.25
0.25
0.25
0.25
0.25
0.25
0.25
0.25
0.25
0.25
0.25
0.25
0.25
0.25
0.25
0.25
0.25
0.25
0.25
0.25
0.25
0.25
0.25
0.25
0.25
0.25726744186046513
0.26453488372093026
0.27180232558139533
0.27906976744186046
0.28633720930232559
0.29360465116279072
0.30087209302325585
0.30813953488372098
0.31540697674418605
0.32267441860465118
0.32994186046511631
0.33720930232558144
0.34447674418604657
0.35174418604651159
0.35901162790697672
0.36627906976744184
0.37354651162790697
0.3808139534883721
0.38808139534883718
0.39534883720930231
0.40261627906976744
0.40988372093023256
0.41715116279069769
0.42441860465116282
0.4316860465116279
0.43895348837209303
0.44622093023255816
0.45348837209302328
0.46075581395348841
0.46802325581395343
0.47529069767441856
0.48255813953488369
0.48982558139534882
0.49709302325581395
0.5
0.5
0.5
0.5
0.5
0.5
0.5
0.5
0.5
0.5
0.5
0.5
0.5
0.5
0.5
0.5
0.5
0.50290697674418594
0.51017441860465107
0.5174418604651162
0.52470930232558133
0.53197674418604646
0.53924418604651159
0.54651162790697672
0.55377906976744184
0.56104651162790686
0.56831395348837199
0.57558139534883712
0.58284883720930225
0.59011627906976738
0.59738372093023251
0.60465116279069764
0.61191860465116277
0.6191860465116279
0.62645348837209303
0.63372093023255804
0.64098837209302317
0.6482558139534883
0.65552325581395343
0.66279069767441856
0.67005813953488369
0.67732558139534882
0.68459302325581395
0.69186046511627908
0.69912790697674421
0.70639534883720934
0.71366279069767435
0.72093023255813948
0.72819767441860461
0.73546511627906974
0.74273255813953487
0.75
0.75
0.75
0.75
0.75
0.75
0.75
0.75
0.75
0.75
0.75
0.75
0.75
0.75
0.75
0.75
0.75
0.75
0.75
0.75
0.75
0.75
0.75
0.75
0.75
0.75
0.75
0.75
0.75
0.75
0.75
0.75
0.75
0.75
0.75
0.75
0.75
0.75
0.75
0.75
0.75
0.75
0.75
0.75
0.75
0.75
0.75
0.75
0.75
0.75
0.75
0.75
0.75
0.75
0.75
0.75
0.75
0.75
0.75
0.75
0.75
0.75
0.75
0.75
0.75
0.75
0.75
0.75
0.75
0.75
0.75
0.75
0.75
0.75
0.75
0.75
0.75
0.75
0.75
0.75
0.75
0.75
0.75
0.75
0.75
0.75
0.75
0.75
0.75
0.75
0.75
0.75
0.75
0.75
0.75
0.75
0.75
0.75
0.75
0.75
0.75
0.75
0.75
0.75
0.75
0.75
0.75
0.75
0.75
0.75
0.75
0.75
0.75
0.75
0.75
0.75
0.75
0.75
0.75
0.75
0.75
0.75
0.75
0.75
0.75
0.75
0.75
0.25
0.25
0.25
0.25
0.25
0.25
0.25
0.25
0.25
0.25
0.25
0.25
0.25
0.25
0.25
0.25
0.25
0.25
0.25
0.25
0.25
0.25
0.25
0.25
0.25
0.25
0.25
0.25
0.25
0.25
0.25
0.25
0.25
0.25
0.25
0.25
0.25
0.25
0.25
0.25
0.25
0.25
0.25
0.25
0.25359195402298851
0.26077586206896552
0.26795977011494254
0.27514367816091956
0.28232758620689657
0.28951149425287354
0.29669540229885055
0.30387931034482757
0.31106321839080464
0.31824712643678166
0.32543103448275862
0.33261494252873564
0.33979885057471265
0.34698275862068961
0.35416666666666663
0.36135057471264365
0.36853448275862072
0.37571839080459768
0.3829022988505747
0.39008620689655171
0.39727011494252873
0.40445402298850575
0.41163793103448276
0.41882183908045972
0.4260057471264368
0.43318965517241381
0.44037356321839083
0.44755747126436785
0.45474137931034481
0.46192528735632182
0.46910919540229878
0.4762931034482758
0.48347701149425293
0.49066091954022989
0.49784482758620691
0.5
0.5
0.5
0.5
0.5
0.5
0.5
0.5
0.5
0.5
0.5
0.5
0.5
0.5
0.5
0.5
0.5
0.50215517241379304
0.50933908045977017
0.51652298850574707
0.52370689655172409
0.5308908045977011
0.53807471264367812
0.54525862068965503
0.55244252873563215
0.55962643678160917
0.56681034482758619
0.5739942528735632
0.58117816091954011
0.58836206896551724
0.59554597701149414
0.60272988505747127
0.60991379310344829
0.61709770114942519
0.62428160919540232
0.63146551724137923
0.63864942528735635
0.64583333333333326
0.65301724137931028
0.66020114942528729
0.66738505747126431
0.67456896551724144
0.68175287356321834
0.68893678160919547
0.69612068965517238
0.70330459770114939
0.71048850574712641
0.71767241379310343
0.72485632183908055
0.73204022988505746
0.73922413793103448
0.74640804597701149
0.75
0.75
0.75
0.75
0.75
0.75
0.75
0.75
0.75
0.75
0.75
0.75
0.75
0.75
0.75
0.75
0.75
0.75
0.75
0.75
0.75
0.75
0.75
0.75
0.75
0.75
0.75
0.75
0.75
0.75
0.75
0.75
0.75
0.75
0.75
0.75
0.75
0.75
0.75
0.75
0.75
0.75
0.75
0.75
0.75
0.75
0.75
0.75
0.75
0.75
0.75
0.75
0.75
0.75
0.75
0.75
0.75
0.75
0.75
0.75
0.75
0.75
0.75
0.75
0.75
0.75
0.75
0.75
0.75
0.75
0.75
0.75
0.75
0.75
0.75
0.75
0.75
0.75
0.75
0.75
0.75
0.75
0.75
0.75
0.75
0.75
0.75
0.75
0.75
0.75
0.75
0.75
0.75
0.75
0.75
0.75
0.75
0.75
0.75
0.75
0.75
0.75
0.75
0.75
0.75
0.75
0.75
0.75
0.75
0.75
0.75
0.75
0.75
0.75
0.75
0.75
0.75
0.75
0.75
0.75
0.75
0.75
0.75
0.75
0.75
0.25
0.25
0.25
0.25
0.25
0.25
0.25
0.25
0.25
0.25
0.25
0.25
0.25
0.25
0.25
0.25
0.25
0.25
0.25
0.25
0.25
0.25
0.25
0.25
0.25
0.25
0.25
0.25
0.25
0.25
0.25
0.25
0.25
0.25
0.25
0.25
0.25
0.25
0.25
0.25
0.25
0.25
0.25
0.25
0.25
0.25710227272727271
0.26420454545454541
0.27130681818181818
0.27840909090909088
0.28551136363636359
0.29261363636363641
0.29971590909090912
0.30681818181818182
0.31392045454545459
0.32102272727272729
0.328125
0.33522727272727271
0.34232954545454541
0.34943181818181818
0.35653409090909088
0.36363636363636359
0.37073863636363641
0.37784090909090912
0.38494318181818182
0.39204545454545459
0.39914772727272729
0.40625
0.41335227272727271
0.42045454545454541
0.42755681818181812
0.43465909090909088
0.44176136363636359
0.44886363636363635
0.45596590909090912
0.46306818181818182
0.47017045454545459
0.47727272727272729
0.484375
0.49147727272727271
0.49857954545454541
0.5
0.5
0.5
0.5
0.5
0.5
0.5
0.5
0.5
0.5
0.5
0.5
0.5
0.5
0.5
0.5
0.5
0.50142045454545447
0.50852272727272718
0.515625
0.52272727272727271
0.52982954545454541
0.53693181818181823
0.54403409090909083
0.55113636363636365
0.55823863636363624
0.56534090909090906
0.57244318181818177
0.57954545454545447
0.58664772727272718
0.59375
0.60085227272727271
0.60795454545454541
0.61505681818181823
0.62215909090909083
0.62926136363636365
0.63636363636363624
0.64346590909090906
0.65056818181818177
0.65767045454545459
0.66477272727272718
0.671875
0.67897727272727271
0.68607954545454541
0.69318181818181823
0.70028409090909083
0.70738636363636365
0.71448863636363635
0.72159090909090917
0.72869318181818177
0.73579545454545459
0.74289772727272718
0.75
0.75
0.75
0.75
0.75
0.75
0.75
0.75
0.75
0.75
0.75
0.75
0.75
0.75
0.75
0.75
0.75
0.75
0.75
0.75
0.75
0.75
0.75
0.75
0.75
0.75
0.75
0.75
0.75
0.75
0.75
0.75
0.75
0.75
0.75
0.75
0.75
0.75
0.75
0.75
0.75
0.75
0.75
0.75
0.75
0.75
0.75
0.75
0.75
0.75
0.75
0.75
0.75
0.75
0.75
0.75
0.75
0.75
0.75
0.75
0.75
0.75
0.75
0.75
0.75
0.75
0.75
0.75
0.75
0.75
0.75
0.75
0.75
0.75
0.75
0.75
0.75
0.75
0.75
0.75
0.75
0.75
0.75
0.75
0.75
0.75
0.75
0.75
0.75
0.75
0.75
0.75
0.75
0.75
0.75
0.75
0.75
0.75
0.75
0.75
0.75
0.75
0.75
0.75
0.75
0.75
0.75
0.75
0.75
0.75
0.75
0.75
0.75
0.75
0.75
0.75
0.75
0.75
0.75
0.75
0.75
0.75
0.75
0.75
0.25
0.25
0.25
0.25
0.25
0.25
0.25
0.25
0.25
0.25
0.25
0.25
0.25
0.25
0.25
0.25
0.25
0.25
0.25
0.25
0.25
0.25
0.25
0.25
0.25
0.25
0.25
0.25
0.25
0.25
0.25
0.25
0.25
0.25
0.25
0.25
0.25
0.25
0.25
0.25
0.25
0.25
0.25
0.25
0.25
0.2535112359550562
0.26053370786516855
0.2675561797752809
0.27457865168539325
0.2816011235955056
0.288623595505618
0.2956460674157303
0.3026685393258427
0.30969101123595505
0.31671348314606745
0.32373595505617975
0.3307584269662921
0.3377808988764045
0.34480337078651691
0.3518258426966292
0.35884831460674155
0.36587078651685395
0.3728932584269663
0.37991573033707859
0.386938202247191
0.3939606741573034
0.40098314606741575
0.40800561797752805
0.41502808988764039
0.4220505617977528
0.4290730337078652
0.4360955056179775
0.4431179775280899
0.45014044943820225
0.4571629213483146
0.46418539325842689
0.4712078651685393
0.4782303370786517
0.48525280898876405
0.4922752808988764
0.49929775280898875
0.5
0.5
0.5
0.5
0.5
0.5
0.5
0.5
0.5
0.5
0.5
0.5
0.5
0.5
0.5
0.5
0.5
0.5007022471910112
0.5077247191011236
0.514747191011236
0.5217696629213483
0.52879213483146059
0.535814606741573
0.54283707865168529
0.54985955056179769
0.5568820224719101
0.5639044943820225
0.5709269662921348
0.5779494382022472
0.58497191011235949
0.59199438202247179
0.59901685393258419
0.6060393258426966
0.613061797752809
0.62008426966292141
0.6271067415730337
0.6341292134831461
0.6411516853932584
0.64817415730337069
0.65519662921348309
0.6622191011235955
0.66924157303370779
0.6762640449438202
0.6832865168539326
0.69030898876404501
0.69733146067415719
0.70435393258426959
0.711376404494382
0.7183988764044944
0.72542134831460681
0.7324438202247191
0.7394662921348315
0.74648876404494391
0.75
0.75
0.75
0.75
0.75
0.75
0.75
0.75
0.75
0.75
0.75
0.75
0.75
0.75
0.75
0.75
0.75
0.75
0.75
0.75
0.75
0.75
0.75
0.75
0.75
0.75
0.75
0.75
0.75
0.75
0.75
0.75
0.75
0.75
0.75
0.75
0.75
0.75
0.75
0.75
0.75
0.75
0.75
0.75
0.75
0.75
0.75
0.75
0.75
0.75
0.75
0.75
0.75
0.75
0.75
0.75
0.75
0.75
0.75
0.75
0.75
0.75
0.75
0.75
0.75
0.75
0.75
0.75
0.75
0.75
0.75
0.75
0.75
0.75
0.75
0.75
0.75
0.75
0.75
0.75
0.75
0.75
0.75
0.75
0.75
0.75
0.75
0.75
0.75
0.75
0.75
0.75
0.75
0.75
0.75
0.75
0.75
0.75
0.75
0.75
0.75
0.75
0.75
0.75
0.75
0.75
0.75
0.75
0.75
0.75
0.75
0.75
0.75
0.75
0.75
0.75
0.75
0.75
0.75
0.75
0.75
0.75
0.25
0.25
0.25
0.25
0.25
0.25
0.25
0.25
0.25
0.25
0.25
0.25
0.25
0.25
0.25
0.25
0.25
0.25
0.25
0.25
0.25
0.25
0.25
0.25
0.25
0.25
0.25
0.25
0.25
0.25
0.25
0.25
0.25
0.25
0.25
0.25
0.25
0.25
0.25
0.25
0.25
0.25
0.25
0.25
0.25
0.25
0.25694444444444442
0.2638888888888889
0.27083333333333331
0.27777777777777773
0.28472222222222221
0.29166666666666663
0.29861111111111105
0.30555555555555558
0.3125
0.31944444444444448
0.3263888888888889
0.33333333333333331
0.34027777777777779
0.34722222222222221
0.35416666666666663
0.36111111111111116
0.36805555555555558
0.375
0.38194444444444442
0.38888888888888884
0.39583333333333326
0.40277777777777779
0.40972222222222221
0.41666666666666669
0.4236111111111111
0.43055555555555552
0.4375
0.44444444444444442
0.45138888888888884
0.45833333333333337
0.46527777777777779
0.47222222222222221
0.47916666666666669
0.4861111111111111
0.49305555555555552
0.5
0.5
0.5
0.5
0.5
0.5
0.5
0.5
0.5
0.5
0.5
0.5
0.5
0.5
0.5
0.5
0.5
0.5
0.5
0.50694444444444442
0.51388888888888884
0.52083333333333326
0.52777777777777768
0.5347222222222221
0.54166666666666663
0.54861111111111105
0.55555555555555547
0.56249999999999989
0.56944444444444431
0.57638888888888895
0.58333333333333337
0.59027777777777779
0.59722222222222221
0.60416666666666663
0.61111111111111105
0.61805555555555558
0.625
0.63194444444444442
0.63888888888888884
0.64583333333333326
0.65277777777777779
0.65972222222222221
0.66666666666666663
0.67361111111111105
0.68055555555555547
0.68749999999999989
0.69444444444444453
0.70138888888888895
0.70833333333333337
0.71527777777777779
0.72222222222222221
0.72916666666666663
0.73611111111111116
0.74305555555555558
0.75
0.75
0.75
0.75
0.75
0.75
0.75
0.75
0.75
0.75
0.75
0.75
0.75
0.75
0.75
0.75
0.75
0.75
0.75
0.75
0.75
0.75
0.75
0.75
0.75
0.75
0.75
0.75
0.75
0.75
0.75
0.75
0.75
0.75
0.75
0.75
0.75
0.75
0.75
0.75
0.75
0.75
0.75
0.75
0.75
0.75
0.75
0.75
0.75
0.75
0.75
0.75
0.75
0.75
0.75
0.75
0.75
0.75
0.75
0.75
0.75
0.75
0.75
0.75
0.75
0.75
0.75
0.75
0.75
0.75
0.75
0.75
0.75
0.75
0.75
0.75
0.75
0.75
0.75
0.75
0.75
0.75
0.75
0.75
0.75
0.75
0.75
0.75
0.75
0.75
0.75
0.75
0.75
0.75
0.75
0.75
0.75
0.75
0.75
0.75
0.75
0.75
0.75
0.75
0.75
0.75
0.75
0.75
0.75
0.75
0.75
0.75
0.75
0.75
0.75
0.75
0.75
0.75
0.75
0.75
0.75
0.25
0.25
0.25
0.25
0.25
0.25
0.25
0.25
0.25
0.25
0.25
0.25
0.25
0.25
0.25
0.25
0.25
0.25
0.25
0.25
0.25
0.25
0.25
0.25
0.25
0.25
0.25
0.25
0.25
0.25
0.25
0.25
0.25
0.25
0.25
0.25
0.25
0.25
0.25
0.25
0.25
0.25
0.25
0.25
0.25
0.25
0.25343406593406592
0.26030219780219782
0.26717032967032966
0.27403846153846151
0.28090659340659341
0.28777472527472525
0.2946428571428571
0.30151098901098905
0.30837912087912089
0.31524725274725274
0.32211538461538464
0.32898351648351648
0.33585164835164832
0.34271978021978022
0.34958791208791207
0.35645604395604391
0.36332417582417587
0.37019230769230771
0.37706043956043955
0.3839285714285714
0.39079670329670324
0.3976648351648352
0.40453296703296704
0.41140109890109888
0.41826923076923078
0.42513736263736263
0.43200549450549447
0.43887362637362637
0.44574175824175821
0.45260989010989006
0.45947802197802201
0.46634615384615385
0.4732142857142857
0.4800824175824176
0.48695054945054944
0.49381868131868129
0.5
0.5
0.5
0.5
0.5
0.5
0.5
0.5
0.5
0.5
0.5
0.5
0.5
0.5
0.5
0.5
0.5
0.5
0.5
0.50618131868131866
0.5130494505494505
0.51991758241758235
0.52678571428571419
0.53365384615384603
0.54052197802197799
0.54739010989010983
0.55425824175824168
0.56112637362637352
0.56799450549450536
0.57486263736263743
0.58173076923076927
0.58859890109890112
0.59546703296703296
0.6023351648351648
0.60920329670329665
0.6160714285714286
0.62293956043956045
0.62980769230769229
0.63667582417582413
0.64354395604395598
0.65041208791208782
0.65728021978021978
0.66414835164835162
0.67101648351648346
0.67788461538461531
0.68475274725274715
0.69162087912087922
0.69848901098901106
0.7053571428571429
0.71222527472527475
0.71909340659340659
0.72596153846153844
0.73282967032967039
0.73969780219780223
0.74656593406593408
0.75
0.75
0.75
0.75
0.75
0.75
0.75
0.75
0.75
0.75
0.75
0.75
0.75
0.75
0.75
0.75
0.75
0.75
0.75
0.75
0.75
0.75
0.75
0.75
0.75
0.75
0.75
0.75
0.75
0.75
0.75
0.75
0.75
0.75
0.75
0.75
0.75
0.75
0.75
0.75
0.75
0.75
0.75
0.75
0.75
0.75
0.75
0.75
0.75
0.75
0.75
0.75
0.75
0.75
0.75
0.75
0.75
0.75
0.75
0.75
0.75
0.75
0.75
0.75
0.75
0.75
0.75
0.75
0.75
0.75
0.75
0.75
0.75
0.75
0.75
0.75
0.75
0.75
0.75
0.75
0.75
0.75
0.75
0.75
0.75
0.75
0.75
0.75
0.75
0.75
0.75
0.75
0.75
0.75
0.75
0.75
0.75
0.75
0.75
0.75
0.75
0.75
0.75
0.75
0.75
0.75
0.75
0.75
0.75
0.75
0.75
0.75
0.75
0.75
0.75
0.75
0.75
0.75
0.75
0.25
0.25
0.25
0.25
0.25
0.25
0.25
0.25
0.25
0.25
0.25
0.25
0.25
0.25
0.25
0.25
0.25
0.25
0.25
0.25
0.25
0.25
0.25
0.25
0.25
0.25
0.25
0.25
0.25
0.25
0.25
0.25
0.25
0.25
0.25
0.25
0.25
0.25
0.25
0.25
0.25
0.25
0.25
0.25
0.25
0.25
0.25
0.25679347826086962
0.26358695652173914
0.2703804347826087
0.27717391304347827
0.28396739130434784
0.29076086956521735
0.29755434782608697
0.30434782608695654
0.31114130434782605
0.31793478260869568
0.32472826086956519
0.33152173913043481
0.33831521739130432
0.34510869565217395
0.35190217391304346
0.35869565217391303
0.36548913043478265
0.37228260869565216
0.37907608695652173
0.38586956521739124
0.39266304347826086
0.39945652173913038
0.40625
0.41304347826086962
0.41983695652173914
0.4266304347826087
0.43342391304347827
0.44021739130434784
0.44701086956521735
0.45380434782608692
0.46059782608695654
0.46739130434782605
0.47418478260869568
0.48097826086956519
0.48777173913043481
0.49456521739130432
0.5
0.5
0.5
0.5
0.5
0.5
0.5
0.5
0.5
0.5
0.5
0.5
0.5
0.5
0.5
0.5
0.5
0.5
0.5
0.50543478260869568
0.51222826086956519
0.5190217391304347
0.52581521739130432
0.53260869565217384
0.53940217391304346
0.54619565217391308
0.55298913043478248
0.55978260869565211
0.56657608695652173
0.57336956521739135
0.58016304347826075
0.58695652173913038
0.59375
0.60054347826086962
0.60733695652173914
0.61413043478260865
0.62092391304347827
0.62771739130434778
0.63451086956521741
0.64130434782608692
0.64809782608695643
0.65489130434782605
0.66168478260869568
0.66847826086956519
0.6752717391304347
0.68206521739130432
0.68885869565217395
0.69565217391304346
0.70244565217391308
0.70923913043478259
0.71603260869565211
0.72282608695652173
0.72961956521739135
0.73641304347826075
0.74320652173913038
0.75
0.75
0.75
0.75
0.75
0.75
0.75
0.75
0.75
0.75
0.75
0.75
0.75
0.75
0.75
0.75
0.75
0.75
0.75
0.75
0.75
0.75
0.75
0.75
0.75
0.75
0.75
0.75
0.75
0.75
0.75
0.75
0.75
0.75
0.75
0.75
0.75
0.75
0.75
0.75
0.75
0.75
0.75
0.75
0.75
0.75
0.75
0.75
0.75
0.75
0.75
0.75
0.75
0.75
0.75
0.75
0.75
0.75
0.75
0.75
0.75
0.75
0.75
0.75
0.75
0.75
0.75
0.75
0.75
0.75
0.75
0.75
0.75
0.75
0.75
0.75
0.75
0.75
0.75
0.75
0.75
0.75
0.75
0.75
0.75
0.75
0.75
0.75
0.75
0.75
0.75
0.75
0.75
0.75
0.75
0.75
0.75
0.75
0.75
0.75
0.75
0.75
0.75
0.75
0.75
0.75
0.75
0.75
0.75
0.75
0.75
0.75
0.75
0.75
0.75
0.75
0.75
0.75
0.25
0.25
0.25
0.25
0.25
0.25
0.25
0.25
0.25
0.25
0.25
0.25
0.25
0.25
0.25
0.25
0.25
0.25
0.25
0.25
0.25
0.25
0.25
0.25
0.25
0.25
0.25
0.25
0.25
0.25
0.25
0.25
0.25
0.25
0.25
0.25
0.25
0.25
0.25
0.25
0.25
0.25
0.25
0.25
0.25
0.25
0.25
0.25336021505376344
0.26008064516129031
0.26680107526881719
0.27352150537634407
0.28024193548387094
0.28696236559139782
0.29368279569892475
0.30040322580645162
0.3071236559139785
0.31384408602150538
0.32056451612903225
0.32728494623655913
0.334005376344086
0.34072580645161288
0.34744623655913975
0.35416666666666663
0.36088709677419351
0.36760752688172049
0.37432795698924737
0.38104838709677424
0.38776881720430112
0.394489247311828
0.40120967741935487
0.40793010752688175
0.41465053763440862
0.4213709677419355
0.42809139784946237
0.43481182795698925
0.44153225806451613
0.448252688172043
0.45497311827956988
0.46169354838709675
0.46841397849462363
0.4751344086021505
0.48185483870967738
0.48857526881720426
0.49529569892473113
0.5
0.5
0.5
0.5
0.5
0.5
0.5
0.5
0.5
0.5
0.5
0.5
0.5
0.5
0.5
0.5
0.5
0.5
0.5
0.50470430107526876
0.51142473118279563
0.51814516129032262
0.5248655913978495
0.53158602150537637
0.53830645161290325
0.54502688172043012
0.551747311827957
0.55846774193548387
0.56518817204301075
0.57190860215053763
0.5786290322580645
0.58534946236559138
0.59206989247311825
0.59879032258064513
0.605510752688172
0.61223118279569888
0.61895161290322576
0.62567204301075263
0.63239247311827951
0.63911290322580638
0.64583333333333326
0.65255376344086014
0.65927419354838701
0.66599462365591389
0.67271505376344087
0.67943548387096775
0.68615591397849462
0.6928763440860215
0.69959677419354849
0.70631720430107525
0.71303763440860224
0.719758064516129
0.72647849462365599
0.73319892473118276
0.73991935483870974
0.74663978494623651
0.75
0.75
0.75
0.75
0.75
0.75
0.75
0.75
0.75
0.75
0.75
0.75
0.75
0.75
0.75
0.75
0.75
0.75
0.75
0.75
0.75
0.75
0.75
0.75
0.75
0.75
0.75
0.75
0.75
0.75
0.75
0.75
0.75
0.75
0.75
0.75
0.75
0.75
0.75
0.75
0.75
0.75
0.75
0.75
0.75
0.75
0.75
0.75
0.75
0.75
0.75
0.75
0.75
0.75
0.75
0.75
0.75
0.75
0.75
0.75
0.75
0.75
0.75
0.75
0.75
0.75
0.75
0.75
0.75
0.75
0.75
0.75
0.75
0.75
0.75
0.75
0.75
0.75
0.75
0.75
0.75
0.75
0.75
0.75
0.75
0.75
0.75
0.75
0.75
0.75
0.75
0.75
0.75
0.75
0.75
0.75
0.75
0.75
0.75
0.75
0.75
0.75
0.75
0.75
0.75
0.75
0.75
0.75
0.75
0.75
0.75
0.75
0.75
0.75
0.75
0.75
0.25
0.25
0.25
0.25
0.25
0.25
0.25
0.25
0.25
0.25
0.25
0.25
0.25
0.25
0.25
0.25
0.25
0.25
0.25
0.25
0.25
0.25
0.25
0.25
0.25
0.25
0.25
0.25
0.25
0.25
0.25
0.25
0.25
0.25
0.25
0.25
0.25
0.25
0.25
0.25
0.25
0.25
0.25
0.25
0.25
0.25
0.25
0.25
0.25664893617021273
0.26329787234042556
0.26994680851063829
0.27659574468085102
0.28324468085106386
0.28989361702127658
0.29654255319148937
0.30319148936170215
0.30984042553191488
0.31648936170212771
0.32313829787234044
0.32978723404255317
0.33643617021276595
0.34308510638297873
0.34973404255319146
0.3563829787234043
0.36303191489361702
0.36968085106382981
0.37632978723404253
0.38297872340425532
0.3896276595744681
0.39627659574468088
0.40292553191489355
0.40957446808510639
0.41622340425531912
0.4228723404255319
0.42952127659574468
0.43617021276595747
0.44281914893617014
0.44946808510638298
0.4561170212765957
0.46276595744680854
0.46941489361702127
0.47606382978723405
0.48271276595744683
0.48936170212765956
0.49601063829787229
0.5
0.5
0.5
0.5
0.5
0.5
0.5
0.5
0.5
0.5
0.5
0.5
0.5
0.5
0.5
0.5
0.5
0.5
0.5
0.5039893617021276
0.51063829787234027
0.51728723404255317
0.52393617021276595
0.53058510638297873
0.5372340425531914
0.54388297872340419
0.55053191489361708
0.55718085106382975
0.56382978723404253
0.57047872340425532
0.57712765957446799
0.58377659574468077
0.59042553191489366
0.59707446808510634
0.60372340425531912
0.6103723404255319
0.61702127659574457
0.62367021276595747
0.63031914893617025
0.63696808510638292
0.6436170212765957
0.65026595744680848
0.65691489361702116
0.66356382978723394
0.67021276595744683
0.67686170212765961
0.68351063829787229
0.69015957446808507
0.69680851063829796
0.70345744680851063
0.71010638297872342
0.7167553191489362
0.72340425531914887
0.73005319148936176
0.73670212765957455
0.74335106382978722
0.75
0.75
0.75
0.75
0.75
0.75
0.75
0.75
0.75
0.75
0.75
0.75
0.75
0.75
0.75
0.75
0.75
0.75
0.75
0.75
0.75
0.75
0.75
0.75
0.75
0.75
0.75
0.75
0.75
0.75
0.75
0.75
0.75
0.75
0.75
0.75
0.75
0.75
0.75
0.75
0.75
0.75
0.75
0.75
0.75
0.75
0.75
0.75
0.75
0.75
0.75
0.75
0.75
0.75
0.75
0.75
0.75
0.75
0.75
0.75
0.75
0.75
0.75
0.75
0.75
0.75
0.75
0.75
0.75
0.75
0.75
0.75
0.75
0.75
0.75
0.75
0.75
0.75
0.75
0.75
0.75
0.75
0.75
0.75
0.75
0.75
0.75
0.75
0.75
0.75
0.75
0.75
0.75
0.75
0.75
0.75
0.75
0.75
0.75
0.75
0.75
0.75
0.75
0.75
0.75
0.75
0.75
0.75
0.75
0.75
0.75
0.75
0.75
0.75
0.75
0.25
0.25
0.25
0.25
0.25
0.25
0.25
0.25
0.25
0.25
0.25
0.25
0.25
0.25
0.25
0.25
0.25
0.25
0.25
0.25
0.25
0.25
0.25
0.25
0.25
0.25
0.25
0.25
0.25
0.25
0.25
0.25
0.25
0.25
0.25
0.25
0.25
0.25
0.25
0.25
0.25
0.25
0.25
0.25
0.25
0.25
0.25
0.25
0.25328947368421051
0.25986842105263164
0.2664473684210526
0.27302631578947367
0.27960526315789475
0.28618421052631576
0.29276315789473684
0.29934210526315791
0.30592105263157893
0.3125
0.31907894736842107
0.32565789473684215
0.33223684210526316
0.33881578947368418
0.34539473684210531
0.35197368421052627
0.35855263157894735
0.36513157894736842
0.37171052631578949
0.37828947368421051
0.38486842105263158
0.39144736842105265
0.39802631578947367
0.40460526315789469
0.41118421052631582
0.41776315789473684
0.42434210526315785
0.43092105263157898
0.4375
0.44407894736842102
0.45065789473684209
0.45723684210526316
0.46381578947368418
0.47039473684210525
0.47697368421052633
0.4835526315789474
0.49013157894736836
0.49671052631578949
0.5
0.5
0.5
0.5
0.5
0.5
0.5
0.5
0.5
0.5
0.5
0.5
0.5
0.5
0.5
0.5
0.5
0.5
0.5
0.50328947368421051
0.50986842105263153
0.51644736842105254
0.52302631578947367
0.52960526315789469
0.53618421052631582
0.54276315789473684
0.54934210526315774
0.55592105263157887
0.56249999999999989
0.56907894736842102
0.57565789473684204
0.58223684210526316
0.58881578947368418
0.5953947368421052
0.60197368421052622
0.60855263157894735
0.61513157894736836
0.62171052631578949
0.62828947368421051
0.63486842105263164
0.64144736842105254
0.64802631578947367
0.65460526315789469
0.66118421052631571
0.66776315789473684
0.67434210526315796
0.68092105263157898
0.68749999999999989
0.69407894736842102
0.70065789473684204
0.70723684210526316
0.71381578947368429
0.72039473684210531
0.72697368421052633
0.73355263157894735
0.74013157894736836
0.74671052631578949
0.75
0.75
0.75
0.75
0.75
0.75
0.75
0.75
0.75
0.75
0.75
0.75
0.75
0.75
0.75
0.75
0.75
0.75
0.75
0.75
0.75
0.75
0.75
0.75
0.75
0.75
0.75
0.75
0.75
0.75
0.75
0.75
0.75
0.75
0.75
0.75
0.75
0.75
0.75
0.75
0.75
0.75
0.75
0.75
0.75
0.75
0.75
0.75
0.75
0.75
0.75
0.75
0.75
0.75
0.75
0.75
0.75
0.75
0.75
0.75
0.75
0.75
0.75
0.75
0.75
0.75
0.75
0.75
0.75
0.75
0.75
0.75
0.75
0.75
0.75
0.75
0.75
0.75
0.75
0.75
0.75
0.75
0.75
0.75
0.75
0.75
0.75
0.75
0.75
0.75
0.75
0.75
0.75
0.75
0.75
0.75
0.75
0.75
0.75
0.75
0.75
0.75
0.75
0.75
0.75
0.75
0.75
0.75
0.75
0.75
0.75
0.75
0.75
0.25
0.25
0.25
0.25
0.25
0.25
0.25
0.25
0.25
0.25
0.25
0.25
0.25
0.25
0.25
0.25
0.25
0.25
0.25
0.25
0.25
0.25
0.25
0.25
0.25
0.25
0.25
0.25
0.25
0.25
0.25
0.25
0.25
0.25
0.25
0.25
0.25
0.25
0.25
0.25
0.25
0.25
0.25
0.25
0.25
0.25
0.25
0.25
0.25
0.25651041666666663
0.26302083333333337
0.26953125
0.27604166666666663
0.28255208333333337
0.2890625
0.29557291666666663
0.30208333333333337
0.30859375
0.31510416666666663
0.32161458333333337
0.328125
0.33463541666666663
0.34114583333333337
0.34765625
0.35416666666666663
0.36067708333333337
0.3671875
0.37369791666666663
0.38020833333333337
0.38671875
0.39322916666666663
0.39973958333333337
0.40625
0.41276041666666663
0.41927083333333337
0.42578125
0.43229166666666663
0.43880208333333337
0.4453125
0.45182291666666663
0.45833333333333337
0.46484375
0.47135416666666663
0.47786458333333337
0.484375
0.49088541666666663
0.49739583333333337
0.5
0.5
0.5
0.5
0.5
0.5
0.5
0.5
0.5
0.5
0.5
0.5
0.5
0.5
0.5
0.5
0.5
0.5
0.5
0.50260416666666663
0.50911458333333326
0.515625
0.52213541666666663
0.52864583333333326
0.53515625
0.54166666666666663
0.54817708333333326
0.5546875
0.56119791666666663
0.56770833333333326
0.57421875
0.58072916666666663
0.58723958333333326
0.59375
0.60026041666666674
0.60677083333333326
0.61328125
0.61979166666666674
0.62630208333333326
0.6328125
0.63932291666666674
0.64583333333333326
0.65234375
0.65885416666666674
0.66536458333333326
0.671875
0.67838541666666674
0.68489583333333326
0.69140625
0.69791666666666674
0.70442708333333326
0.7109375
0.71744791666666674
0.72395833333333326
0.73046875
0.73697916666666674
0.74348958333333326
0.75
0.75
0.75
0.75
0.75
0.75
0.75
0.75
0.75
0.75
0.75
0.75
0.75
0.75
0.75
0.75
0.75
0.75
0.75
0.75
0.75
0.75
0.75
0.75
0.75
0.75
0.75
0.75
0.75
0.75
0.75
0.75
0.75
0.75
0.75
0.75
0.75
0.75
0.75
0.75
0.75
0.75
0.75
0.75
0.75
0.75
0.75
0.75
0.75
0.75
0.75
0.75
0.75
0.75
0.75
0.75
0.75
0.75
0.75
0.75
0.75
0.75
0.75
0.75
0.75
0.75
0.75
0.75
0.75
0.75
0.75
0.75
0.75
0.75
0.75
0.75
0.75
0.75
0.75
0.75
0.75
0.75
0.75
0.75
0.75
0.75
0.75
0.75
0.75
0.75
0.75
0.75
0.75
0.75
0.75
0.75
0.75
0.75
0.75
0.75
0.75
0.75
0.75
0.75
0.75
0.75
0.75
0.75
0.75
0.75
0.75
0.75
0.25
0.25
0.25
0.25
0.25
0.25
0.25
0.25
0.25
0.25
0.25
0.25
0.25
0.25
0.25
0.25
0.25
0.25
0.25
0.25
0.25
0.25
0.25
0.25
0.25
0.25
0.25
0.25
0.25
0.25
0.25
0.25
0.25
0.25
0.25
0.25
0.25
0.25
0.25
0.25
0.25
0.25
0.25
0.25
0.25
0.25
0.25
0.25
0.25
0.25322164948453607
0.25966494845360821
0.26610824742268041
0.27255154639175255
0.27899484536082469
0.28543814432989689
0.29188144329896903
0.29832474226804118
0.30476804123711343
0.31121134020618557
0.31765463917525771
0.32409793814432991
0.33054123711340205
0.3369845360824742
0.34342783505154639
0.34987113402061853
0.35631443298969068
0.36275773195876293
0.36920103092783507
0.37564432989690721
0.38208762886597936
0.3885309278350515
0.39497422680412364
0.40141752577319589
0.40786082474226804
0.41430412371134018
0.42074742268041238
0.42719072164948452
0.43363402061855666
0.44007731958762886
0.446520618556701
0.45296391752577314
0.45940721649484539
0.46585051546391754
0.47229381443298968
0.47873711340206188
0.48518041237113402
0.49162371134020616
0.49806701030927836
0.5
0.5
0.5
0.5
0.5
0.5
0.5
0.5
0.5
0.5
0.5
0.5
0.5
0.5
0.5
0.5
0.5
0.5
0.5
0.50193298969072164
0.50837628865979378
0.51481958762886593
0.52126288659793807
0.52770618556701021
0.53414948453608235
0.54059278350515461
0.54703608247422675
0.55347938144329889
0.55992268041237103
0.56636597938144317
0.57280927835051532
0.57925257731958768
0.58569587628865982
0.59213917525773196
0.59858247422680411
0.60502577319587625
0.61146907216494839
0.61791237113402064
0.62435567010309279
0.63079896907216493
0.63724226804123707
0.64368556701030921
0.65012886597938135
0.65657216494845361
0.66301546391752575
0.66945876288659789
0.67590206185567003
0.68234536082474218
0.68878865979381443
0.69523195876288668
0.70167525773195882
0.70811855670103097
0.71456185567010311
0.72100515463917525
0.72744845360824739
0.73389175257731964
0.74033505154639179
0.74677835051546393
0.75
0.75
0.75
0.75
0.75
0.75
0.75
0.75
0.75
0.75
0.75
0.75
0.75
0.75
0.75
0.75
0.75
0.75
0.75
0.75
0.75
0.75
0.75
0.75
0.75
0.75
0.75
0.75
0.75
0.75
0.75
0.75
0.75
0.75
0.75
0.75
0.75
0.75
0.75
0.75
0.75
0.75
0.75
0.75
0.75
0.75
0.75
0.75
0.75
0.75
0.75
0.75
0.75
0.75
0.75
0.75
0.75
0.75
0.75
0.75
0.75
0.75
0.75
0.75
0.75
0.75
0.75
0.75
0.75
0.75
0.75
0.75
0.75
0.75
0.75
0.75
0.75
0.75
0.75
0.75
0.75
0.75
0.75
0.75
0.75
0.75
0.75
0.75
0.75
0.75
0.75
0.75
0.75
0.75
0.75
0.75
0.75
0.75
0.75
0.75
0.75
0.75
0.75
0.75
0.75
0.75
0.75
0.75
0.75
0.75
0.25
0.25
0.25
0.25
0.25
0.25
0.25
0.25
0.25
0.25
0.25
0.25
0.25
0.25
0.25
0.25
0.25
0.25
0.25
0.25
0.25
0.25
0.25
0.25
0.25
0.25
0.25
0.25
0.25
0.25
0.25
0.25
0.25
0.25
0.25
0.25
0.25
0.25
0.25
0.25
0.25
0.25
0.25
0.25
0.25
0.25
0.25
0.25
0.25
0.25
0.25637755102040816
0.26275510204081631
0.26913265306122452
0.27551020408163268
0.28188775510204078
0.28826530612244894
0.2946428571428571
0.30102040816326531
0.30739795918367346
0.31377551020408162
0.32015306122448983
0.32653061224489799
0.33290816326530615
0.3392857142857143
0.3456632653061224
0.35204081632653061
0.35841836734693877
0.36479591836734693
0.37117346938775508
0.37755102040816324
0.3839285714285714
0.39030612244897961
0.39668367346938777
0.40306122448979598
0.40943877551020402
0.41581632653061218
0.42219387755102039
0.42857142857142855
0.43494897959183676
0.44132653061224492
0.44770408163265307
0.45408163265306123
0.46045918367346939
0.46683673469387754
0.4732142857142857
0.47959183673469385
0.48596938775510201
0.49234693877551017
0.49872448979591832
0.5
0.5
0.5
0.5
0.5
0.5
0.5
0.5
0.5
0.5
0.5
0.5
0.5
0.5
0.5
0.5
0.5
0.5
0.5
0.50127551020408156
0.50765306122448972
0.51403061224489788
0.52040816326530615
0.52678571428571419
0.53316326530612246
0.5395408163265305
0.54591836734693877
0.55229591836734693
0.55867346938775508
0.56505102040816324
0.57142857142857129
0.57780612244897955
0.58418367346938771
0.59056122448979587
0.59693877551020402
0.60331632653061229
0.60969387755102034
0.6160714285714286
0.62244897959183665
0.62882653061224481
0.63520408163265307
0.64158163265306112
0.64795918367346939
0.65433673469387754
0.6607142857142857
0.66709183673469385
0.67346938775510212
0.67984693877551017
0.68622448979591844
0.69260204081632648
0.69897959183673464
0.7053571428571429
0.71173469387755095
0.71811224489795922
0.72448979591836737
0.73086734693877553
0.73724489795918369
0.74362244897959195
0.75
0.75
0.75
0.75
0.75
0.75
0.75
0.75
0.75
0.75
0.75
0.75
0.75
0.75
0.75
0.75
0.75
0.75
0.75
0.75
0.75
0.75
0.75
0.75
0.75
0.75
0.75
0.75
0.75
0.75
0.75
0.75
0.75
0.75
0.75
0.75
0.75
0.75
0.75
0.75
0.75
0.75
0.75
0.75
0.75
0.75
0.75
0.75
0.75
0.75
0.75
0.75
0.75
0.75
0.75
0.75
0.75
0.75
0.75
0.75
0.75
0.75
0.75
0.75
0.75
0.75
0.75
0.75
0.75
0.75
0.75
0.75
0.75
0.75
0.75
0.75
0.75
0.75
0.75
0.75
0.75
0.75
0.75
0.75
0.75
0.75
0.75
0.75
0.75
0.75
0.75
0.75
0.75
0.75
0.75
0.75
0.75
0.75
0.75
0.75
0.75
0.75
0.75
0.75
0.75
0.75
0.75
0.75
0.75
0.25
0.25
0.25
0.25
0.25
0.25
0.25
0.25
0.25
0.25
0.25
0.25
0.25
0.25
0.25
0.25
0.25
0.25
0.25
0.25
0.25
0.25
0.25
0.25
0.25
0.25
0.25
0.25
0.25
0.25
0.25
0.25
0.25
0.25
0.25
0.25
0.25
0.25
0.25
0.25
0.25
0.25
0.25
0.25
0.25
0.25
0.25
0.25
0.25
0.25
0.25315656565656569
0.25946969696969696
0.26578282828282829
0.27209595959595961
0.27840909090909088
0.28472222222222221
0.29103535353535354
0.29734848484848486
0.30366161616161613
0.30997474747474746
0.31628787878787878
0.32260101010101006
0.32891414141414144
0.33522727272727271
0.34154040404040409
0.34785353535353536
0.35416666666666663
0.36047979797979801
0.36679292929292928
0.37310606060606066
0.37941919191919193
0.3857323232323232
0.39204545454545459
0.39835858585858586
0.40467171717171718
0.41098484848484851
0.41729797979797978
0.4236111111111111
0.42992424242424243
0.43623737373737376
0.44255050505050503
0.44886363636363635
0.45517676767676768
0.46148989898989895
0.46780303030303028
0.4741161616161616
0.48042929292929293
0.4867424242424242
0.49305555555555552
0.49936868686868685
0.5
0.5
0.5
0.5
0.5
0.5
0.5
0.5
0.5
0.5
0.5
0.5
0.5
0.5
0.5
0.5
0.5
0.5
0.5
0.50063131313131304
0.50694444444444442
0.51325757575757569
0.51957070707070696
0.52588383838383834
0.53219696969696972
0.53851010101010088
0.54482323232323226
0.55113636363636365
0.55744949494949481
0.56376262626262619
0.57007575757575757
0.57638888888888895
0.58270202020202011
0.58901515151515149
0.59532828282828287
0.60164141414141403
0.60795454545454541
0.6142676767676768
0.62058080808080818
0.62689393939393934
0.63320707070707072
0.63952020202020199
0.64583333333333326
0.65214646464646464
0.65845959595959602
0.66477272727272718
0.67108585858585856
0.67739898989898983
0.68371212121212122
0.69002525252525249
0.69633838383838387
0.70265151515151514
0.70896464646464641
0.71527777777777779
0.72159090909090917
0.72790404040404044
0.73421717171717171
0.74053030303030298
0.74684343434343436
0.75
0.75
0.75
0.75
0.75
0.75
0.75
0.75
0.75
0.75
0.75
0.75
0.75
0.75
0.75
0.75
0.75
0.75
0.75
0.75
0.75
0.75
0.75
0.75
0.75
0.75
0.75
0.75
0.75
0.75
0.75
0.75
0.75
0.75
0.75
0.75
0.75
0.75
0.75
0.75
0.75
0.75
0.75
0.75
0.75
0.75
0.75
0.75
0.75
0.75
0.75
0.75
0.75
0.75
0.75
0.75
0.75
0.75
0.75
0.75
0.75
0.75
0.75
0.75
0.75
0.75
0.75
0.75
0.75
0.75
0.75
0.75
0.75
0.75
0.75
0.75
0.75
0.75
0.75
0.75
0.75
0.75
0.75
0.75
0.75
0.75
0.75
0.75
0.75
0.75
0.75
0.75
0.75
0.75
0.75
0.75
0.75
0.75
0.75
0.75
0.75
0.75
0.75
0.75
0.75
0.75
0.75
0.25
0.25
0.25
0.25
0.25
0.25
0.25
0.25
0.25
0.25
0.25
0.25
0.25
0.25
0.25
0.25
0.25
0.25
0.25
0.25
0.25
0.25
0.25
0.25
0.25
0.25
0.25
0.25
0.25
0.25
0.25
0.25
0.25
0.25
0.25
0.25
0.25
0.25
0.25
0.25
0.25
0.25
0.25
0.25
0.25
0.25
0.25
0.25
0.25
0.25
0.25
0.25624999999999998
0.26250000000000001
0.26875000000000004
0.27500000000000002
0.28125
0.28750000000000003
0.29374999999999996
0.29999999999999999
0.30624999999999997
0.3125
0.31874999999999998
0.32500000000000001
0.33124999999999999
0.33750000000000002
0.34375
0.35000000000000003
0.35625000000000001
0.36250000000000004
0.36874999999999997
0.375
0.38124999999999998
0.38749999999999996
0.39374999999999999
0.40000000000000002
0.40625
0.41249999999999998
0.41875000000000001
0.42500000000000004
0.43125000000000002
0.4375
0.44375000000000003
0.44999999999999996
0.45624999999999993
0.46249999999999997
0.46875
0.47499999999999998
0.48124999999999996
0.48749999999999999
0.49375000000000002
0.5
0.5
0.5
0.5
0.5
0.5
0.5
0.5
0.5
0.5
0.5
0.5
0.5
0.5
0.5
0.5
0.5
0.5
0.5
0.5
0.5
0.50624999999999998
0.51250000000000007
0.51874999999999993
0.52499999999999991
0.53124999999999989
0.53749999999999987
0.54374999999999996
0.54999999999999993
0.55624999999999991
0.56249999999999989
0.56874999999999998
0.57499999999999996
0.58124999999999993
0.58749999999999991
0.59375
0.59999999999999998
0.60624999999999996
0.61250000000000004
0.61875000000000002
0.625
0.63124999999999998
0.63749999999999996
0.64375000000000004
0.65000000000000002
0.65625
0.66250000000000009
0.66875000000000007
0.67499999999999993
0.68124999999999991
0.68749999999999989
0.69374999999999998
0.69999999999999996
0.70624999999999993
0.71249999999999991
0.71875
0.72499999999999998
0.73124999999999996
0.73750000000000004
0.74375000000000002
0.75
0.75
0.75
0.75
0.75
0.75
0.75
0.75
0.75
0.75
0.75
0.75
0.75
0.75
0.75
0.75
0.75
0.75
0.75
0.75
0.75
0.75
0.75
0.75
0.75
0.75
0.75
0.75
0.75
0.75
0.75
0.75
0.75
0.75
0.75
0.75
0.75
0.75
0.75
0.75
0.75
0.75
0.75
0.75
0.75
0.75
0.75
0.75
0.75
0.75
0.75
0.75
0.75
0.75
0.75
0.75
0.75
0.75
0.75
0.75
0.75
0.75
0.75
0.75
0.75
0.75
0.75
0.75
0.75
0.75
0.75
0.75
0.75
0.75
0.75
0.75
0.75
0.75
0.75
0.75
0.75
0.75
0.75
0.75
0.75
0.75
0.75
0.75
0.75
0.75
0.75
0.75
0.75
0.75
0.75
0.75
0.75
0.75
0.75
0.75
0.75
0.75
0.75
0.75
0.75
0.75
0.25
0.25
0.25
0.25
0.25
0.25
0.25
0.25
0.25
0.25
0.25
0.25
0.25
0.25
0.25
0.25
0.25
0.25
0.25
0.25
0.25
0.25
0.25
0.25
0.25
0.25
0.25
0.25
0.25
0.25
0.25
0.25
0.25
0.25
0.25
0.25
0.25
0.25
0.25
0.25
0.25
0.25
0.25
0.25
0.25
0.25
0.25
0.25
0.25
0.25
0.25
0.2530940594059406
0.25928217821782179
0.26547029702970298
0.27165841584158418
0.27784653465346537
0.28403465346534656
0.2902227722772277
0.2964108910891089
0.30259900990099009
0.30878712871287128
0.31497524752475248
0.32116336633663367
0.32735148514851486
0.33353960396039606
0.33972772277227725
0.34591584158415845
0.35210396039603964
0.35829207920792083
0.36448019801980203
0.37066831683168311
0.3768564356435643
0.3830445544554455
0.38923267326732669
0.39542079207920788
0.40160891089108908
0.40779702970297027
0.41398514851485146
0.42017326732673266
0.42636138613861385
0.43254950495049505
0.43873762376237624
0.44492574257425743
0.45111386138613857
0.45730198019801976
0.46349009900990096
0.46967821782178215
0.47586633663366334
0.48205445544554454
0.48824257425742573
0.49443069306930693
0.5
0.5
0.5
0.5
0.5
0.5
0.5
0.5
0.5
0.5
0.5
0.5
0.5
0.5
0.5
0.5
0.5
0.5
0.5
0.5
0.5
0.50556930693069313
0.51175742574257432
0.51794554455445529
0.52413366336633649
0.53032178217821768
0.53650990099009888
0.54269801980198007
0.54888613861386126
0.55507425742574246
0.56126237623762365
0.56745049504950484
0.57363861386138604
0.57982673267326723
0.58601485148514842
0.59220297029702962
0.59839108910891081
0.60457920792079212
0.6107673267326732
0.6169554455445545
0.62314356435643559
0.62933168316831689
0.63551980198019797
0.64170792079207928
0.64789603960396036
0.65408415841584167
0.66027227722772275
0.66646039603960405
0.67264851485148502
0.67883663366336622
0.68502475247524741
0.69121287128712861
0.69740099009900991
0.70358910891089099
0.7097772277227723
0.71596534653465338
0.72215346534653468
0.72834158415841577
0.73452970297029707
0.74071782178217815
0.74690594059405946
0.75
0.75
0.75
0.75
0.75
0.75
0.75
0.75
0.75
0.75
0.75
0.75
0.75
0.75
0.75
0.75
0.75
0.75
0.75
0.75
0.75
0.75
0.75
0.75
0.75
0.75
0.75
0.75
0.75
0.75
0.75
0.75
0.75
0.75
0.75
0.75
0.75
0.75
0.75
0.75
0.75
0.75
0.75
0.75
0.75
0.75
0.75
0.75
0.75
0.75
0.75
0.75
0.75
0.75
0.75
0.75
0.75
0.75
0.75
0.75
0.75
0.75
0.75
0.75
0.75
0.75
0.75
0.75
0.75
0.75
0.75
0.75
0.75
0.75
0.75
0.75
0.75
0.75
0.75
0.75
0.75
0.75
0.75
0.75
0.75
0.75
0.75
0.75
0.75
0.75
0.75
0.75
0.75
0.75
0.75
0.75
0.75
0.75
0.75
0.75
0.75
0.75
0.75
0.75
0.25
0.25
0.25
0.25
0.25
0.25
0.25
0.25
0.25
0.25
0.25
0.25
0.25
0.25
0.25
0.25
0.25
0.25
0.25
0.25
0.25
0.25
0.25
0.25
0.25
0.25
0.25
0.25
0.25
0.25
0.25
0.25
0.25
0.25
0.25
0.25
0.25
0.25
0.25
0.25
0.25
0.25
0.25
0.25
0.25
0.25
0.25
0.25
0.25
0.25
0.25
0.25
0.25612745098039214
0.26225490196078433
0.26838235294117646
0.2745098039215686
0.28063725490196079
0.28676470588235292
0.29289215686274506
0.2990196078431373
0.30514705882352944
0.31127450980392157
0.31740196078431371
0.3235294117647059
0.32965686274509803
0.33578431372549017
0.34191176470588236
0.34803921568627449
0.35416666666666663
0.36029411764705888
0.36642156862745101
0.37254901960784315
0.37867647058823528
0.38480392156862742
0.39093137254901955
0.3970588235294118
0.40318627450980393
0.40931372549019607
0.4154411764705882
0.42156862745098039
0.42769607843137253
0.43382352941176466
0.43995098039215685
0.44607843137254899
0.45220588235294112
0.45833333333333337
0.46446078431372551
0.47058823529411764
0.47671568627450983
0.48284313725490197
0.4889705882352941
0.49509803921568629
0.5
0.5
0.5
0.5
0.5
0.5
0.5
0.5
0.5
0.5
0.5
0.5
0.5
0.5
0.5
0.5
0.5
0.5
0.5
0.5
0.5
0.50490196078431371
0.51102941176470584
0.51715686274509798
0.52328431372549011
0.52941176470588225
0.53553921568627449
0.54166666666666663
0.54779411764705876
0.5539215686274509
0.56004901960784303
0.56617647058823517
0.57230392156862731
0.57843137254901966
0.5845588235294118
0.59068627450980393
0.59681372549019607
0.6029411764705882
0.60906862745098034
0.61519607843137258
0.62132352941176472
0.62745098039215685
0.63357843137254899
0.63970588235294112
0.64583333333333326
0.65196078431372539
0.65808823529411764
0.66421568627450978
0.67034313725490191
0.67647058823529405
0.68259803921568618
0.68872549019607843
0.69485294117647067
0.70098039215686281
0.70710784313725494
0.71323529411764708
0.71936274509803921
0.72549019607843135
0.73161764705882359
0.73774509803921573
0.74387254901960786
0.75
0.75
0.75
0.75
0.75
0.75
0.75
0.75
0.75
0.75
0.75
0.75
0.75
0.75
0.75
0.75
0.75
0.75
0.75
0.75
0.75
0.75
0.75
0.75
0.75
0.75
0.75
0.75
0.75
0.75
0.75
0.75
0.75
0.75
0.75
0.75
0.75
0.75
0.75
0.75
0.75
0.75
0.75
0.75
0.75
0.75
0.75
0.75
0.75
0.75
0.75
0.75
0.75
0.75
0.75
0.75
0.75
0.75
0.75
0.75
0.75
0.75
0.75
0.75
0.75
0.75
0.75
0.75
0.75
0.75
0.75
0.75
0.75
0.75
0.75
0.75
0.75
0.75
0.75
0.75
0.75
0.75
0.75
0.75
0.75
0.75
0.75
0.75
0.75
0.75
0.75
0.75
0.75
0.75
0.75
0.75
0.75
0.75
0.75
0.75
0.75
0.75
0.75
0.25
0.25
0.25
0.25
0.25
0.25
0.25
0.25
0.25
0.25
0.25
0.25
0.25
0.25
0.25
0.25
0.25
0.25
0.25
0.25
0.25
0.25
0.25
0.25
0.25
0.25
0.25
0.25
0.25
0.25
0.25
0.25
0.25
0.25
0.25
0.25
0.25
0.25
0.25
0.25
0.25
0.25
0.25
0.25
0.25
0.25
0.25
0.25
0.25
0.25
0.25
0.25
0.25303398058252424
0.25910194174757284
0.26516990291262132
0.27123786407766992
0.27730582524271841
0.283373786407767
0.28944174757281549
0.29550970873786409
0.30157766990291257
0.30764563106796117
0.31371359223300965
0.31978155339805825
0.32584951456310673
0.33191747572815539
0.33798543689320393
0.34405339805825247
0.35012135922330101
0.35618932038834955
0.36225728155339809
0.36832524271844663
0.37439320388349517
0.38046116504854366
0.38652912621359226
0.39259708737864074
0.39866504854368934
0.40473300970873782
0.41080097087378642
0.41686893203883491
0.4229368932038835
0.42900485436893199
0.43507281553398058
0.44114077669902907
0.44720873786407767
0.45327669902912615
0.45934466019417475
0.46541262135922323
0.47148058252427183
0.47754854368932032
0.48361650485436891
0.48968446601941751
0.49575242718446605
0.5
0.5
0.5
0.5
0.5
0.5
0.5
0.5
0.5
0.5
0.5
0.5
0.5
0.5
0.5
0.5
0.5
0.5
0.5
0.5
0.5
0.5042475728155339
0.51031553398058249
0.51638349514563098
0.52245145631067957
0.52851941747572806
0.53458737864077666
0.54065533980582514
0.54672330097087374
0.55279126213592222
0.55885922330097082
0.56492718446601931
0.5709951456310679
0.57706310679611639
0.58313106796116498
0.58919902912621347
0.59526699029126218
0.60133495145631066
0.60740291262135926
0.61347087378640786
0.61953883495145634
0.62560679611650483
0.63167475728155342
0.63774271844660202
0.6438106796116505
0.64987864077669899
0.65594660194174759
0.66201456310679618
0.66808252427184467
0.67415048543689315
0.68021844660194175
0.68628640776699035
0.69235436893203883
0.69842233009708743
0.70449029126213591
0.71055825242718451
0.716626213592233
0.72269417475728159
0.72876213592233008
0.73483009708737868
0.74089805825242716
0.74696601941747576
0.75
0.75
0.75
0.75
0.75
0.75
0.75
0.75
0.75
0.75
0.75
0.75
0.75
0.75
0.75
0.75
0.75
0.75
0.75
0.75
0.75
0.75
0.75
0.75
0.75
0.75
0.75
0.75
0.75
0.75
0.75
0.75
0.75
0.75
0.75
0.75
0.75
0.75
0.75
0.75
0.75
0.75
0.75
0.75
0.75
0.75
0.75
0.75
0.75
0.75
0.75
0.75
0.75
0.75
0.75
0.75
0.75
0.75
0.75
0.75
0.75
0.75
0.75
0.75
0.75
0.75
0.75
0.75
0.75
0.75
0.75
0.75
0.75
0.75
0.75
0.75
0.75
0.75
0.75
0.75
0.75
0.75
0.75
0.75
0.75
0.75
0.75
0.75
0.75
0.75
0.75
0.75
0.75
0.75
0.75
0.75
0.75
0.75
0.75
0.75
0.75
0.25
0.25
0.25
0.25
0.25
0.25
0.25
0.25
0.25
0.25
0.25
0.25
0.25
0.25
0.25
0.25
0.25
0.25
0.25
0.25
0.25
0.25
0.25
0.25
0.25
0.25
0.25
0.25
0.25
0.25
0.25
0.25
0.25
0.25
0.25
0.25
0.25
0.25
0.25
0.25
0.25
0.25
0.25
0.25
0.25
0.25
0.25
0.25
0.25
0.25
0.25
0.25
0.25
0.25600961538461536
0.26201923076923078
0.26802884615384615
0.27403846153846151
0.28004807692307698
0.28605769230769229
0.29206730769230771
0.29807692307692302
0.30408653846153849
0.31009615384615385
0.31610576923076922
0.32211538461538464
0.328125
0.33413461538461536
0.34014423076923078
0.34615384615384615
0.35216346153846151
0.35817307692307698
0.36418269230769229
0.37019230769230771
0.37620192307692302
0.38221153846153844
0.38822115384615385
0.39423076923076916
0.40024038461538464
0.40625
0.41225961538461536
0.41826923076923078
0.42427884615384615
0.43028846153846151
0.43629807692307698
0.44230769230769229
0.44831730769230771
0.45432692307692302
0.46033653846153844
0.46634615384615385
0.47235576923076916
0.47836538461538464
0.484375
0.49038461538461536
0.49639423076923078
0.5
0.5
0.5
0.5
0.5
0.5
0.5
0.5
0.5
0.5
0.5
0.5
0.5
0.5
0.5
0.5
0.5
0.5
0.5
0.5
0.5
0.50360576923076927
0.50961538461538458
0.515625
0.52163461538461531
0.52764423076923073
0.53365384615384603
0.53966346153846156
0.54567307692307687
0.55168269230769229
0.5576923076923076
0.56370192307692302
0.56971153846153832
0.57572115384615385
0.58173076923076927
0.58774038461538458
0.59375
0.59975961538461531
0.60576923076923073
0.61177884615384603
0.61778846153846156
0.62379807692307687
0.62980769230769229
0.63581730769230771
0.64182692307692302
0.64783653846153832
0.65384615384615385
0.65985576923076927
0.66586538461538458
0.671875
0.67788461538461531
0.68389423076923073
0.68990384615384603
0.69591346153846156
0.70192307692307698
0.70793269230769229
0.71394230769230771
0.71995192307692302
0.72596153846153844
0.73197115384615397
0.73798076923076927
0.74399038461538458
0.75
0.75
0.75
0.75
0.75
0.75
0.75
0.75
0.75
0.75
0.75
0.75
0.75
0.75
0.75
0.75
0.75
0.75
0.75
0.75
0.75
0.75
0.75
0.75
0.75
0.75
0.75
0.75
0.75
0.75
0.75
0.75
0.75
0.75
0.75
0.75
0.75
0.75
0.75
0.75
0.75
0.75
0.75
0.75
0.75
0.75
0.75
0.75
0.75
0.75
0.75
0.75
0.75
0.75
0.75
0.75
0.75
0.75
0.75
0.75
0.75
0.75
0.75
0.75
0.75
0.75
0.75
0.75
0.75
0.75
0.75
0.75
0.75
0.75
0.75
0.75
0.75
0.75
0.75
0.75
0.75
0.75
0.75
0.75
0.75
0.75
0.75
0.75
0.75
0.75
0.75
0.75
0.75
0.75
0.75
0.75
0.75
0.75
0.75
0.75
0.25
0.25
0.25
0.25
0.25
0.25
0.25
0.25
0.25
0.25
0.25
0.25
0.25
0.25
0.25
0.25
0.25
0.25
0.25
0.25
0.25
0.25
0.25
0.25
0.25
0.25
0.25
0.25
0.25
0.25
0.25
0.25
0.25
0.25
0.25
0.25
0.25
0.25
0.25
0.25
0.25
0.25
0.25
0.25
0.25
0.25
0.25
0.25
0.25
0.25
0.25
0.25
0.25
0.25297619047619047
0.2589285714285714
0.26488095238095238
0.27083333333333331
0.27678571428571425
0.28273809523809523
0.28869047619047616
0.2946428571428571
0.30059523809523814
0.30654761904761907
0.3125
0.31845238095238099
0.32440476190476192
0.33035714285714285
0.33630952380952378
0.34226190476190477
0.3482142857142857
0.35416666666666663
0.36011904761904767
0.3660714285714286
0.37202380952380953
0.37797619047619047
0.3839285714285714
0.38988095238095233
0.39583333333333326
0.4017857142857143
0.40773809523809523
0.41369047619047616
0.41964285714285715
0.42559523809523808
0.43154761904761901
0.4375
0.44345238095238093
0.44940476190476186
0.4553571428571429
0.46130952380952384
0.46726190476190477
0.4732142857142857
0.47916666666666669
0.48511904761904762
0.49107142857142855
0.49702380952380953
0.5
0.5
0.5
0.5
0.5
0.5
0.5
0.5
0.5
0.5
0.5
0.5
0.5
0.5
0.5
0.5
0.5
0.5
0.5
0.5
0.5
0.50297619047619047
0.5089285714285714
0.51488095238095233
0.52083333333333326
0.52678571428571419
0.53273809523809512
0.53869047619047616
0.5446428571428571
0.55059523809523803
0.55654761904761896
0.56249999999999989
0.56845238095238082
0.57440476190476197
0.5803571428571429
0.58630952380952384
0.59226190476190477
0.5982142857142857
0.60416666666666663
0.61011904761904756
0.6160714285714286
0.62202380952380953
0.62797619047619047
0.6339285714285714
0.63988095238095233
0.64583333333333326
0.65178571428571419
0.65773809523809523
0.66369047619047616
0.6696428571428571
0.67559523809523803
0.68154761904761896
0.68749999999999989
0.69345238095238104
0.69940476190476197
0.7053571428571429
0.71130952380952384
0.71726190476190477
0.7232142857142857
0.72916666666666663
0.73511904761904767
0.7410714285714286
0.74702380952380953
0.75
0.75
0.75
0.75
0.75
0.75
0.75
0.75
0.75
0.75
0.75
0.75
0.75
0.75
0.75
0.75
0.75
0.75
0.75
0.75
0.75
0.75
0.75
0.75
0.75
0.75
0.75
0.75
0.75
0.75
0.75
0.75
0.75
0.75
0.75
0.75
0.75
0.75
0.75
0.75
0.75
0.75
0.75
0.75
0.75
0.75
0.75
0.75
0.75
0.75
0.75
0.75
0.75
0.75
0.75
0.75
0.75
0.75
0.75
0.75
0.75
0.75
0.75
0.75
0.75
0.75
0.75
0.75
0.75
0.75
0.75
0.75
0.75
0.75
0.75
0.75
0.75
0.75
0.75
0.75
0.75
0.75
0.75
0.75
0.75
0.75
0.75
0.75
0.75
0.75
0.75
0.75
0.75
0.75
0.75
0.75
0.75
0.75
0.25
0.25
0.25
0.25
0.25
0.25
0.25
0.25
0.25
0.25
0.25
0.25
0.25
0.25
0.25
0.25
0.25
0.25
0.25
0.25
0.25
0.25
0.25
0.25
0.25
0.25
0.25
0.25
0.25
0.25
0.25
0.25
0.25
0.25
0.25
0.25
0.25
0.25
0.25
0.25
0.25
0.25
0.25
0.25
0.25
0.25
0.25
0.25
0.25
0.25
0.25
0.25
0.25
0.25
0.25589622641509435
0.2617924528301887
0.267688679245283
0.27358490566037735
0.27948113207547171
0.285377358490566
0.29127358490566035
0.29716981132075471
0.30306603773584906
0.30896226415094341
0.31485849056603771
0.32075471698113206
0.32665094339622641
0.33254716981132071
0.33844339622641506
0.34433962264150941
0.35023584905660377
0.35613207547169812
0.36202830188679241
0.36792452830188677
0.37382075471698112
0.37971698113207542
0.38561320754716977
0.39150943396226412
0.39740566037735847
0.40330188679245282
0.40919811320754718
0.41509433962264153
0.42099056603773588
0.42688679245283023
0.43278301886792458
0.43867924528301888
0.44457547169811323
0.45047169811320753
0.45636792452830188
0.46226415094339623
0.46816037735849059
0.47405660377358494
0.47995283018867929
0.48584905660377359
0.49174528301886794
0.49764150943396224
0.5
0.5
0.5
0.5
0.5
0.5
0.5
0.5
0.5
0.5
0.5
0.5
0.5
0.5
0.5
0.5
0.5
0.5
0.5
0.5
0.5
0.50235849056603776
0.508254716981132
0.51415094339622647
0.52004716981132071
0.52594339622641506
0.53183962264150941
0.53773584905660377
0.54363207547169801
0.54952830188679247
0.55542452830188671
0.56132075471698117
0.56721698113207542
0.57311320754716977
0.57900943396226412
0.58490566037735847
0.59080188679245271
0.59669811320754718
0.60259433962264142
0.60849056603773588
0.61438679245283012
0.62028301886792447
0.62617924528301883
0.63207547169811318
0.63797169811320753
0.64386792452830188
0.64976415094339612
0.65566037735849059
0.66155660377358483
0.66745283018867929
0.67334905660377353
0.67924528301886788
0.68514150943396213
0.69103773584905659
0.69693396226415083
0.70283018867924529
0.70872641509433953
0.714622641509434
0.72051886792452824
0.72641509433962259
0.73231132075471694
0.7382075471698113
0.74410377358490565
0.75
0.75
0.75
0.75
0.75
0.75
0.75
0.75
0.75
0.75
0.75
0.75
0.75
0.75
0.75
0.75
0.75
0.75
0.75
0.75
0.75
0.75
0.75
0.75
0.75
0.75
0.75
0.75
0.75
0.75
0.75
0.75
0.75
0.75
0.75
0.75
0.75
0.75
0.75
0.75
0.75
0.75
0.75
0.75
0.75
0.75
0.75
0.75
0.75
0.75
0.75
0.75
0.75
0.75
0.75
0.75
0.75
0.75
0.75
0.75
0.75
0.75
0.75
0.75
0.75
0.75
0.75
0.75
0.75
0.75
0.75
0.75
0.75
0.75
0.75
0.75
0.75
0.75
0.75
0.75
0.75
0.75
0.75
0.75
0.75
0.75
0.75
0.75
0.75
0.75
0.75
0.75
0.75
0.75
0.75
0.75
0.75
0.25
0.25
0.25
0.25
0.25
0.25
0.25
0.25
0.25
0.25
0.25
0.25
0.25
0.25
0.25
0.25
0.25
0.25
0.25
0.25
0.25
0.25
0.25
0.25
0.25
0.25
0.25
0.25
0.25
0.25
0.25
0.25
0.25
0.25
0.25
0.25
0.25
0.25
0.25
0.25
0.25
0.25
0.25
0.25
0.25
0.25
0.25
0.25
0.25
0.25
0.25
0.25
0.25
0.25
0.2529205607476635
0.25876168224299062
0.26460280373831774
0.2704439252336448
0.27628504672897192
0.28212616822429903
0.28796728971962615
0.29380841121495327
0.29964953271028033
0.30549065420560745
0.31133177570093457
0.31717289719626163
0.32301401869158874
0.32885514018691586
0.33469626168224298
0.3405373831775701
0.34637850467289716
0.35221962616822428
0.35806074766355139
0.36390186915887845
0.36974299065420557
0.37558411214953269
0.38142523364485981
0.38726635514018692
0.39310747663551399
0.3989485981308411
0.40478971962616817
0.41063084112149528
0.4164719626168224
0.42231308411214952
0.42815420560747663
0.43399532710280375
0.43983644859813081
0.44567757009345793
0.45151869158878499
0.45735981308411211
0.46320093457943923
0.46904205607476634
0.47488317757009346
0.48072429906542058
0.48656542056074764
0.49240654205607476
0.49824766355140182
0.5
0.5
0.5
0.5
0.5
0.5
0.5
0.5
0.5
0.5
0.5
0.5
0.5
0.5
0.5
0.5
0.5
0.5
0.5
0.5
0.5
0.50175233644859807
0.50759345794392519
0.51343457943925219
0.51927570093457942
0.52511682242990643
0.53095794392523366
0.53679906542056066
0.54264018691588778
0.5484813084112149
0.55432242990654201
0.56016355140186902
0.56600467289719625
0.57184579439252325
0.57768691588785048
0.58352803738317749
0.58936915887850461
0.59521028037383172
0.60105140186915884
0.60689252336448596
0.61273364485981308
0.61857476635514008
0.62441588785046731
0.63025700934579432
0.63609813084112155
0.64193925233644855
0.64778037383177567
0.65362149532710268
0.6594626168224299
0.66530373831775691
0.67114485981308414
0.67698598130841114
0.68282710280373826
0.68866822429906538
0.6945093457943925
0.70035046728971961
0.70619158878504673
0.71203271028037385
0.71787383177570097
0.72371495327102797
0.7295560747663552
0.73539719626168221
0.74123831775700944
0.74707943925233644
0.75
0.75
0.75
0.75
0.75
0.75
0.75
0.75
0.75
0.75
0.75
0.75
0.75
0.75
0.75
0.75
0.75
0.75
0.75
0.75
0.75
0.75
0.75
0.75
0.75
0.75
0.75
0.75
0.75
0.75
0.75
0.75
0.75
0.75
0.75
0.75
0.75
0.75
0.75
0.75
0.75
0.75
0.75
0.75
0.75
0.75
0.75
0.75
0.75
0.75
0.75
0.75
0.75
0.75
0.75
0.75
0.75
0.75
0.75
0.75
0.75
0.75
0.75
0.75
0.75
0.75
0.75
0.75
0.75
0.75
0.75
0.75
0.75
0.75
0.75
0.75
0.75
0.75
0.75
0.75
0.75
0.75
0.75
0.75
0.75
0.75
0.75
0.75
0.75
0.75
0.75
0.75
0.75
0.75
0.75
0.25
0.25
0.25
0.25
0.25
0.25
0.25
0.25
0.25
0.25
0.25
0.25
0.25
0.25
0.25
0.25
0.25
0.25
0.25
0.25
0.25
0.25
0.25
0.25
0.25
0.25
0.25
0.25
0.25
0.25
0.25
0.25
0.25
0.25
0.25
0.25
0.25
0.25
0.25
0.25
0.25
0.25
0.25
0.25
0.25
0.25
0.25
0.25
0.25
0.25
0.25
0.25
0.25
0.25
0.25
0.25578703703703709
0.26157407407407407
0.2673611111111111
0.2731481481481482
0.27893518518518517
0.28472222222222221
0.29050925925925924
0.29629629629629628
0.30208333333333337
0.30787037037037035
0.31365740740740744
0.31944444444444448
0.32523148148148145
0.33101851851851855
0.33680555555555552
0.34259259259259256
0.34837962962962965
0.35416666666666663
0.35995370370370372
0.36574074074074076
0.37152777777777779
0.37731481481481483
0.3831018518518518
0.38888888888888884
0.39467592592592593
0.40046296296296291
0.40625
0.41203703703703709
0.41782407407407407
0.4236111111111111
0.42939814814814814
0.43518518518518517
0.44097222222222221
0.44675925925925919
0.45254629629629628
0.45833333333333337
0.46412037037037035
0.46990740740740744
0.47569444444444448
0.48148148148148145
0.48726851851851849
0.49305555555555552
0.49884259259259256
0.5
0.5
0.5
0.5
0.5
0.5
0.5
0.5
0.5
0.5
0.5
0.5
0.5
0.5
0.5
0.5
0.5
0.5
0.5
0.5
0.5
0.50115740740740733
0.50694444444444442
0.51273148148148151
0.51851851851851838
0.52430555555555547
0.53009259259259256
0.53587962962962965
0.54166666666666663
0.54745370370370361
0.5532407407407407
0.55902777777777768
0.56481481481481477
0.57060185185185186
0.57638888888888895
0.58217592592592582
0.58796296296296291
0.59375
0.59953703703703698
0.60532407407407407
0.61111111111111105
0.61689814814814814
0.62268518518518512
0.62847222222222221
0.6342592592592593
0.64004629629629628
0.64583333333333326
0.65162037037037035
0.65740740740740744
0.66319444444444442
0.66898148148148151
0.67476851851851838
0.68055555555555547
0.68634259259259256
0.69212962962962965
0.69791666666666674
0.70370370370370361
0.7094907407407407
0.71527777777777779
0.72106481481481488
0.72685185185185186
0.73263888888888895
0.73842592592592582
0.74421296296296291
0.75
0.75
0.75
0.75
0.75
0.75
0.75
0.75
0.75
0.75
0.75
0.75
0.75
0.75
0.75
0.75
0.75
0.75
0.75
0.75
0.75
0.75
0.75
0.75
0.75
0.75
0.75
0.75
0.75
0.75
0.75
0.75
0.75
0.75
0.75
0.75
0.75
0.75
0.75
0.75
0.75
0.75
0.75
0.75
0.75
0.75
0.75
0.75
0.75
0.75
0.75
0.75
0.75
0.75
0.75
0.75
0.75
0.75
0.75
0.75
0.75
0.75
0.75
0.75
0.75
0.75
0.75
0.75
0.75
0.75
0.75
0.75
0.75
0.75
0.75
0.75
0.75
0.75
0.75
0.75
0.75
0.75
0.75
0.75
0.75
0.75
0.75
0.75
0.75
0.75
0.75
0.75
0.75
0.75
0.25
0.25
0.25
0.25
0.25
0.25
0.25
0.25
0.25
0.25
0.25
0.25
0.25
0.25
0.25
0.25
0.25
0.25
0.25
0.25
0.25
0.25
0.25
0.25
0.25
0.25
0.25
0.25
0.25
0.25
0.25
0.25
0.25
0.25
0.25
0.25
0.25
0.25
0.25
0.25
0.25
0.25
0.25
0.25
0.25
0.25
0.25
0.25
0.25
0.25
0.25
0.25
0.25
0.25
0.25
0.25286697247706419
0.25860091743119268
0.26433486238532111
0.27006880733944955
0.27580275229357798
0.28153669724770647
0.28727064220183485
0.29300458715596334
0.29873853211009171
0.3044724770642202
0.31020642201834858
0.31594036697247707
0.32167431192660551
0.32740825688073394
0.33314220183486237
0.33887614678899086
0.34461009174311924
0.35034403669724773
0.35607798165137616
0.3618119266055046
0.36754587155963303
0.37327981651376152
0.3790137614678899
0.38474770642201839
0.39048165137614677
0.39621559633027525
0.40194954128440363
0.40768348623853212
0.4134174311926605
0.41915137614678899
0.42488532110091742
0.43061926605504586
0.43635321100917429
0.44208715596330278
0.44782110091743121
0.45355504587155965
0.45928899082568808
0.46502293577981657
0.47075688073394495
0.47649082568807344
0.48222477064220182
0.48795871559633031
0.49369266055045868
0.49942660550458717
0.5
0.5
0.5
0.5
0.5
0.5
0.5
0.5
0.5
0.5
0.5
0.5
0.5
0.5
0.5
0.5
0.5
0.5
0.5
0.5
0.5
0.50057339449541283
0.5063073394495412
0.51204128440366969
0.51777522935779807
0.52350917431192656
0.52924311926605505
0.53497706422018343
0.54071100917431181
0.54644495412844041
0.55217889908256879
0.55791284403669716
0.56364678899082554
0.56938073394495414
0.57511467889908252
0.5808486238532109
0.58658256880733939
0.59231651376146788
0.59805045871559637
0.60378440366972475
0.60951834862385312
0.61525229357798161
0.6209862385321101
0.62672018348623848
0.63245412844036686
0.63818807339449546
0.64392201834862384
0.64965596330275222
0.65538990825688059
0.66112385321100919
0.66685779816513757
0.67259174311926606
0.67832568807339444
0.68405963302752293
0.68979357798165142
0.6955275229357798
0.70126146788990817
0.70699541284403677
0.71272935779816515
0.71846330275229353
0.72419724770642202
0.72993119266055051
0.73566513761467889
0.74139908256880727
0.74713302752293576
0.75
0.75
0.75
0.75
0.75
0.75
0.75
0.75
0.75
0.75
0.75
0.75
0.75
0.75
0.75
0.75
0.75
0.75
0.75
0.75
0.75
0.75
0.75
0.75
0.75
0.75
0.75
0.75
0.75
0.75
0.75
0.75
0.75
0.75
0.75
0.75
0.75
0.75
0.75
0.75
0.75
0.75
0.75
0.75
0.75
0.75
0.75
0.75
0.75
0.75
0.75
0.75
0.75
0.75
0.75
0.75
0.75
0.75
0.75
0.75
0.75
0.75
0.75
0.75
0.75
0.75
0.75
0.75
0.75
0.75
0.75
0.75
0.75
0.75
0.75
0.75
0.75
0.75
0.75
0.75
0.75
0.75
0.75
0.75
0.75
0.75
0.75
0.75
0.75
0.75
0.75
0.75
0.25
0.25
0.25
0.25
0.25
0.25
0.25
0.25
0.25
0.25
0.25
0.25
0.25
0.25
0.25
0.25
0.25
0.25
0.25
0.25
0.25
0.25
0.25
0.25
0.25
0.25
0.25
0.25
0.25
0.25
0.25
0.25
0.25
0.25
0.25
0.25
0.25
0.25
0.25
0.25
0.25
0.25
0.25
0.25
0.25
0.25
0.25
0.25
0.25
0.25
0.25
0.25
0.25
0.25
0.25
0.25
0.25568181818181812
0.26136363636363635
0.26704545454545453
0.27272727272727271
0.27840909090909088
0.28409090909090912
0.28977272727272724
0.29545454545454547
0.30113636363636365
0.30681818181818182
0.3125
0.31818181818181823
0.32386363636363635
0.32954545454545459
0.33522727272727271
0.34090909090909094
0.34659090909090906
0.35227272727272729
0.35795454545454547
0.36363636363636359
0.36931818181818182
0.375
0.38068181818181818
0.38636363636363635
0.39204545454545459
0.39772727272727271
0.40340909090909094
0.40909090909090906
0.41477272727272729
0.42045454545454541
0.42613636363636365
0.43181818181818177
0.4375
0.44318181818181818
0.44886363636363635
0.45454545454545453
0.46022727272727271
0.46590909090909094
0.47159090909090906
0.47727272727272729
0.48295454545454541
0.48863636363636365
0.49431818181818177
0.5
0.5
0.5
0.5
0.5
0.5
0.5
0.5
0.5
0.5
0.5
0.5
0.5
0.5
0.5
0.5
0.5
0.5
0.5
0.5
0.5
0.5
0.5
0.50568181818181812
0.51136363636363635
0.51704545454545447
0.52272727272727271
0.52840909090909094
0.53409090909090906
0.53977272727272718
0.5454545454545453
0.55113636363636365
0.55681818181818177
0.56249999999999989
0.56818181818181812
0.57386363636363635
0.57954545454545447
0.58522727272727271
0.59090909090909083
0.59659090909090917
0.60227272727272729
0.60795454545454541
0.61363636363636354
0.61931818181818188
0.625
0.63068181818181812
0.63636363636363624
0.64204545454545459
0.64772727272727271
0.65340909090909083
0.65909090909090906
0.66477272727272718
0.67045454545454541
0.67613636363636365
0.68181818181818177
0.68749999999999989
0.69318181818181823
0.69886363636363635
0.70454545454545459
0.71022727272727271
0.71590909090909094
0.72159090909090917
0.72727272727272729
0.73295454545454541
0.73863636363636376
0.74431818181818188
0.75
0.75
0.75
0.75
0.75
0.75
0.75
0.75
0.75
0.75
0.75
0.75
0.75
0.75
0.75
0.75
0.75
0.75
0.75
0.75
0.75
0.75
0.75
0.75
0.75
0.75
0.75
0.75
0.75
0.75
0.75
0.75
0.75
0.75
0.75
0.75
0.75
0.75
0.75
0.75
0.75
0.75
0.75
0.75
0.75
0.75
0.75
0.75
0.75
0.75
0.75
0.75
0.75
0.75
0.75
0.75
0.75
0.75
0.75
0.75
0.75
0.75
0.75
0.75
0.75
0.75
0.75
0.75
0.75
0.75
0.75
0.75
0.75
0.75
0.75
0.75
0.75
0.75
0.75
0.75
0.75
0.75
0.75
0.75
0.75
0.75
0.75
0.75
0.75
0.75
0.75
0.25
0.25
0.25
0.25
0.25
0.25
0.25
0.25
0.25
0.25
0.25
0.25
0.25
0.25
0.25
0.25
0.25
0.25
0.25
0.25
0.25
0.25
0.25
0.25
0.25
0.25
0.25
0.25
0.25
0.25
0.25
0.25
0.25
0.25
0.25
0.25
0.25
0.25
0.25
0.25
0.25
0.25
0.25
0.25
0.25
0.25
0.25
0.25
0.25
0.25
0.25
0.25
0.25
0.25
0.25
0.25
0.25281531531531531
0.25844594594594594
0.26407657657657657
0.2697072072072072
0.27533783783783783
0.28096846846846851
0.28659909909909909
0.29222972972972971
0.29786036036036034
0.30349099099099097
0.30912162162162166
0.31475225225225228
0.32038288288288286
0.32601351351351349
0.33164414414414412
0.3372747747747748
0.34290540540540543
0.34853603603603606
0.35416666666666663
0.35979729729729726
0.36542792792792794
0.37105855855855857
0.3766891891891892
0.38231981981981977
0.3879504504504504
0.39358108108108103
0.39921171171171171
0.40484234234234234
0.41047297297297303
0.41610360360360354
0.42173423423423417
0.42736486486486486
0.43299549549549549
0.43862612612612617
0.4442567567567568
0.44988738738738732
0.455518018018018
0.46114864864864863
0.46677927927927931
0.47240990990990994
0.47804054054054057
0.48367117117117114
0.48930180180180177
0.49493243243243246
0.5
0.5
0.5
0.5
0.5
0.5
0.5
0.5
0.5
0.5
0.5
0.5
0.5
0.5
0.5
0.5
0.5
0.5
0.5
0.5
0.5
0.5
0.5
0.50506756756756754
0.51069819819819806
0.5163288288288288
0.52195945945945943
0.52759009009009006
0.53322072072072069
0.5388513513513512
0.54448198198198194
0.55011261261261257
0.5557432432432432
0.56137387387387383
0.56700450450450457
0.57263513513513509
0.57826576576576572
0.58389639639639634
0.58952702702702697
0.59515765765765771
0.60078828828828823
0.60641891891891886
0.61204954954954949
0.61768018018018012
0.62331081081081086
0.62894144144144137
0.63457207207207211
0.64020270270270263
0.64583333333333326
0.651463963963964
0.65709459459459452
0.66272522522522526
0.66835585585585577
0.6739864864864864
0.67961711711711714
0.68524774774774766
0.6908783783783784
0.69650900900900903
0.70213963963963955
0.70777027027027029
0.7134009009009008
0.71903153153153154
0.72466216216216217
0.73029279279279291
0.73592342342342343
0.74155405405405395
0.74718468468468469
0.75
0.75
0.75
0.75
0.75
0.75
0.75
0.75
0.75
0.75
0.75
0.75
0.75
0.75
0.75
0.75
0.75
0.75
0.75
0.75
0.75
0.75
0.75
0.75
0.75
0.75
0.75
0.75
0.75
0.75
0.75
0.75
0.75
0.75
0.75
0.75
0.75
0.75
0.75
0.75
0.75
0.75
0.75
0.75
0.75
0.75
0.75
0.75
0.75
0.75
0.75
0.75
0.75
0.75
0.75
0.75
0.75
0.75
0.75
0.75
0.75
0.75
0.75
0.75
0.75
0.75
0.75
0.75
0.75
0.75
0.75
0.75
0.75
0.75
0.75
0.75
0.75
0.75
0.75
0.75
0.75
0.75
0.75
0.75
0.75
0.75
0.75
0.75
0.75
0.25
0.25
0.25
0.25
0.25
0.25
0.25
0.25
0.25
0.25
0.25
0.25
0.25
0.25
0.25
0.25
0.25
0.25
0.25
0.25
0.25
0.25
0.25
0.25
0.25
0.25
0.25
0.25
0.25
0.25
0.25
0.25
0.25
0.25
0.25
0.25
0.25
0.25
0.25
0.25
0.25
0.25
0.25
0.25
0.25
0.25
0.25
0.25
0.25
0.25
0.25
0.25
0.25
0.25
0.25
0.25
0.25
0.2555803571428571
0.2611607142857143
0.26674107142857145
0.27232142857142855
0.2779017857142857
0.2834821428571429
0.2890625
0.2946428571428571
0.3002232142857143
0.30580357142857145
0.31138392857142855
0.3169642857142857
0.3225446428571429
0.328125
0.3337053571428571
0.3392857142857143
0.34486607142857145
0.35044642857142855
0.3560267857142857
0.3616071428571429
0.3671875
0.3727678571428571
0.3783482142857143
0.3839285714285714
0.38950892857142855
0.3950892857142857
0.4006696428571429
0.40625
0.4118303571428571
0.4174107142857143
0.4229910714285714
0.42857142857142855
0.4341517857142857
0.4397321428571429
0.4453125
0.4508928571428571
0.4564732142857143
0.4620535714285714
0.46763392857142855
0.4732142857142857
0.4787946428571429
0.484375
0.4899553571428571
0.4955357142857143
0.5
0.5
0.5
0.5
0.5
0.5
0.5
0.5
0.5
0.5
0.5
0.5
0.5
0.5
0.5
0.5
0.5
0.5
0.5
0.5
0.5
0.5
0.5
0.5044642857142857
0.51004464285714279
0.515625
0.5212053571428571
0.52678571428571419
0.53236607142857129
0.5379464285714286
0.5435267857142857
0.54910714285714279
0.5546875
0.5602678571428571
0.56584821428571419
0.57142857142857129
0.5770089285714286
0.5825892857142857
0.58816964285714279
0.59375
0.5993303571428571
0.60491071428571419
0.6104910714285714
0.6160714285714286
0.6216517857142857
0.62723214285714279
0.6328125
0.6383928571428571
0.64397321428571419
0.6495535714285714
0.6551339285714286
0.6607142857142857
0.66629464285714279
0.671875
0.6774553571428571
0.68303571428571419
0.6886160714285714
0.6941964285714286
0.69977678571428581
0.7053571428571429
0.7109375
0.7165178571428571
0.72209821428571419
0.7276785714285714
0.7332589285714286
0.73883928571428581
0.7444196428571429
0.75
0.75
0.75
0.75
0.75
0.75
0.75
0.75
0.75
0.75
0.75
0.75
0.75
0.75
0.75
0.75
0.75
0.75
0.75
0.75
0.75
0.75
0.75
0.75
0.75
0.75
0.75
0.75
0.75
0.75
0.75
0.75
0.75
0.75
0.75
0.75
0.75
0.75
0.75
0.75
0.75
0.75
0.75
0.75
0.75
0.75
0.75
0.75
0.75
0.75
0.75
0.75
0.75
0.75
0.75
0.75
0.75
0.75
0.75
0.75
0.75
0.75
0.75
0.75
0.75
0.75
0.75
0.75
0.75
0.75
0.75
0.75
0.75
0.75
0.75
0.75
0.75
0.75
0.75
0.75
0.75
0.75
0.75
0.75
0.75
0.75
0.75
0.75
0.25
0.25
0.25
0.25
0.25
0.25
0.25
0.25
0.25
0.25
0.25
0.25
0.25
0.25
0.25
0.25
0.25
0.25
0.25
0.25
0.25
0.25
0.25
0.25
0.25
0.25
0.25
0.25
0.25
0.25
0.25
0.25
0.25
0.25
0.25
0.25
0.25
0.25
0.25
0.25
0.25
0.25
0.25
0.25
0.25
0.25
0.25
0.25
0.25
0.25
0.25
0.25
0.25
0.25
0.25
0.25
0.25
0.25276548672566373
0.25829646017699115
0.26382743362831862
0.26935840707964603
0.27488938053097345
0.28042035398230086
0.28595132743362828
0.29148230088495575
0.29701327433628322
0.30254424778761063
0.30807522123893805
0.31360619469026552
0.31913716814159288
0.32466814159292035
0.33019911504424776
0.33573008849557523
0.34126106194690264
0.34679203539823011
0.35232300884955753
0.357853982300885
0.36338495575221236
0.36891592920353977
0.37444690265486724
0.37997787610619471
0.38550884955752213
0.39103982300884954
0.39657079646017701
0.40210176991150448
0.40763274336283184
0.41316371681415925
0.41869469026548667
0.42422566371681414
0.42975663716814161
0.43528761061946902
0.44081858407079644
0.44634955752212391
0.45188053097345127
0.45741150442477874
0.46294247787610621
0.46847345132743362
0.47400442477876104
0.47953539823008851
0.48506637168141598
0.49059734513274339
0.49612831858407075
0.5
0.5
0.5
0.5
0.5
0.5
0.5
0.5
0.5
0.5
0.5
0.5
0.5
0.5
0.5
0.5
0.5
0.5
0.5
0.5
0.5
0.5
0.5
0.50387168141592908
0.50940265486725655
0.51493362831858402
0.52046460176991149
0.52599557522123885
0.53152654867256632
0.53705752212389379
0.54258849557522126
0.54811946902654862
0.55365044247787609
0.55918141592920356
0.56471238938053103
0.57024336283185839
0.57577433628318575
0.58130530973451322
0.58683628318584058
0.59236725663716805
0.59789823008849552
0.60342920353982299
0.60896017699115035
0.61449115044247782
0.62002212389380529
0.62555309734513276
0.63108407079646023
0.63661504424778759
0.64214601769911506
0.64767699115044253
0.65320796460176989
0.65873893805309736
0.66426991150442471
0.66980088495575218
0.67533185840707954
0.68086283185840701
0.68639380530973448
0.69192477876106195
0.69745575221238942
0.70298672566371678
0.70851769911504425
0.71404867256637172
0.71957964601769908
0.72511061946902655
0.73064159292035402
0.73617256637168149
0.74170353982300896
0.74723451327433632
0.75
0.75
0.75
0.75
0.75
0.75
0.75
0.75
0.75
0.75
0.75
0.75
0.75
0.75
0.75
0.75
0.75
0.75
0.75
0.75
0.75
0.75
0.75
0.75
0.75
0.75
0.75
0.75
0.75
0.75
0.75
0.75
0.75
0.75
0.75
0.75
0.75
0.75
0.75
0.75
0.75
0.75
0.75
0.75
0.75
0.75
0.75
0.75
0.75
0.75
0.75
0.75
0.75
0.75
0.75
0.75
0.75
0.75
0.75
0.75
0.75
0.75
0.75
0.75
0.75
0.75
0.75
0.75
0.75
0.75
0.75
0.75
0.75
0.75
0.75
0.75
0.75
0.75
0.75
0.75
0.75
0.75
0.75
0.75
0.75
0.75
0.25
0.25
0.25
0.25
0.25
0.25
0.25
0.25
0.25
0.25
0.25
0.25
0.25
0.25
0.25
0.25
0.25
0.25
0.25
0.25
0.25
0.25
0.25
0.25
0.25
0.25
0.25
0.25
0.25
0.25
0.25
0.25
0.25
0.25
0.25
0.25
0.25
0.25
0.25
0.25
0.25
0.25
0.25
0.25
0.25
0.25
0.25
0.25
0.25
0.25
0.25
0.25
0.25
0.25
0.25
0.25
0.25
0.25
0.25548245614035092
0.26096491228070179
0.2664473684210526
0.27192982456140352
0.27741228070175439
0.28289473684210531
0.28837719298245612
0.29385964912280704
0.29934210526315791
0.30482456140350878
0.31030701754385964
0.31578947368421051
0.32127192982456143
0.3267543859649123
0.33223684210526316
0.33771929824561403
0.3432017543859649
0.34868421052631582
0.35416666666666663
0.35964912280701755
0.36513157894736842
0.37061403508771934
0.37609649122807015
0.38157894736842102
0.38706140350877194
0.39254385964912286
0.39802631578947367
0.40350877192982454
0.40899122807017541
0.41447368421052633
0.41995614035087714
0.42543859649122806
0.43092105263157898
0.43640350877192985
0.44188596491228066
0.44736842105263153
0.45285087719298245
0.45833333333333337
0.46381578947368418
0.4692982456140351
0.47478070175438597
0.48026315789473684
0.48574561403508765
0.49122807017543857
0.49671052631578949
0.5
0.5
0.5
0.5
0.5
0.5
0.5
0.5
0.5
0.5
0.5
0.5
0.5
0.5
0.5
0.5
0.5
0.5
0.5
0.5
0.5
0.5
0.5
0.50328947368421051
0.50877192982456132
0.51425438596491224
0.51973684210526305
0.52521929824561397
0.5307017543859649
0.53618421052631582
0.54166666666666663
0.54714912280701755
0.55263157894736836
0.55811403508771917
0.5635964912280701
0.56907894736842102
0.57456140350877194
0.58004385964912275
0.58552631578947367
0.59100877192982459
0.59649122807017529
0.60197368421052622
0.60745614035087714
0.61293859649122806
0.61842105263157898
0.62390350877192979
0.62938596491228072
0.63486842105263164
0.64035087719298234
0.64583333333333326
0.65131578947368418
0.6567982456140351
0.66228070175438591
0.66776315789473684
0.67324561403508776
0.67872807017543857
0.68421052631578938
0.6896929824561403
0.69517543859649122
0.70065789473684204
0.70614035087719296
0.71162280701754388
0.7171052631578948
0.72258771929824572
0.72807017543859642
0.73355263157894735
0.73903508771929816
0.74451754385964908
0.75
0.75
0.75
0.75
0.75
0.75
0.75
0.75
0.75
0.75
0.75
0.75
0.75
0.75
0.75
0.75
0.75
0.75
0.75
0.75
0.75
0.75
0.75
0.75
0.75
0.75
0.75
0.75
0.75
0.75
0.75
0.75
0.75
0.75
0.75
0.75
0.75
0.75
0.75
0.75
0.75
0.75
0.75
0.75
0.75
0.75
0.75
0.75
0.75
0.75
0.75
0.75
0.75
0.75
0.75
0.75
0.75
0.75
0.75
0.75
0.75
0.75
0.75
0.75
0.75
0.75
0.75
0.75
0.75
0.75
0.75
0.75
0.75
0.75
0.75
0.75
0.75
0.75
0.75
0.75
0.75
0.75
0.75
0.75
0.75
0.25
0.25
0.25
0.25
0.25
0.25
0.25
0.25
0.25
0.25
0.25
0.25
0.25
0.25
0.25
0.25
0.25
0.25
0.25
0.25
0.25
0.25
0.25
0.25
0.25
0.25
0.25
0.25
0.25
0.25
0.25
0.25
0.25
0.25
0.25
0.25
0.25
0.25
0.25
0.25
0.25
0.25
0.25
0.25
0.25
0.25
0.25
0.25
0.25
0.25
0.25
0.25
0.25
0.25
0.25
0.25
0.25
0.25
0.25271739130434778
0.25815217391304351
0.26358695652173914
0.26902173913043481
0.27445652173913043
0.27989130434782605
0.28532608695652173
0.29076086956521735
0.29619565217391308
0.30163043478260865
0.30706521739130438
0.3125
0.31793478260869568
0.3233695652173913
0.32880434782608697
0.33423913043478259
0.33967391304347822
0.34510869565217395
0.35054347826086951
0.35597826086956524
0.36141304347826086
0.36684782608695654
0.37228260869565216
0.37771739130434784
0.38315217391304346
0.38858695652173914
0.39402173913043481
0.39945652173913038
0.40489130434782605
0.41032608695652173
0.41576086956521741
0.42119565217391303
0.4266304347826087
0.43206521739130432
0.4375
0.44293478260869568
0.44836956521739135
0.45380434782608692
0.45923913043478259
0.46467391304347827
0.47010869565217389
0.47554347826086957
0.48097826086956519
0.48641304347826086
0.49184782608695654
0.49728260869565222
0.5
0.5
0.5
0.5
0.5
0.5
0.5
0.5
0.5
0.5
0.5
0.5
0.5
0.5
0.5
0.5
0.5
0.5
0.5
0.5
0.5
0.5
0.5
0.50271739130434778
0.50815217391304346
0.51358695652173902
0.5190217391304347
0.52445652173913049
0.52989130434782605
0.53532608695652173
0.54076086956521729
0.54619565217391308
0.55163043478260865
0.55706521739130432
0.56249999999999989
0.56793478260869557
0.57336956521739135
0.57880434782608692
0.58423913043478259
0.58967391304347816
0.59510869565217395
0.60054347826086962
0.60597826086956519
0.61141304347826075
0.61684782608695643
0.62228260869565222
0.62771739130434778
0.63315217391304346
0.63858695652173902
0.64402173913043481
0.64945652173913038
0.65489130434782605
0.66032608695652173
0.66576086956521729
0.67119565217391308
0.67663043478260865
0.68206521739130432
0.68749999999999989
0.69293478260869568
0.69836956521739135
0.70380434782608692
0.70923913043478259
0.71467391304347827
0.72010869565217395
0.72554347826086962
0.73097826086956519
0.73641304347826075
0.74184782608695654
0.74728260869565222
0.75
0.75
0.75
0.75
0.75
0.75
0.75
0.75
0.75
0.75
0.75
0.75
0.75
0.75
0.75
0.75
0.75
0.75
0.75
0.75
0.75
0.75
0.75
0.75
0.75
0.75
0.75
0.75
0.75
0.75
0.75
0.75
0.75
0.75
0.75
0.75
0.75
0.75
0.75
0.75
0.75
0.75
0.75
0.75
0.75
0.75
0.75
0.75
0.75
0.75
0.75
0.75
0.75
0.75
0.75
0.75
0.75
0.75
0.75
0.75
0.75
0.75
0.75
0.75
0.75
0.75
0.75
0.75
0.75
0.75
0.75
0.75
0.75
0.75
0.75
0.75
0.75
0.75
0.75
0.75
0.75
0.75
0.75
0.25
0.25
0.25
0.25
0.25
0.25
0.25
0.25
0.25
0.25
0.25
0.25
0.25
0.25
0.25
0.25
0.25
0.25
0.25
0.25
0.25
0.25
0.25
0.25
0.25
0.25
0.25
0.25
0.25
0.25
0.25
0.25
0.25
0.25
0.25
0.25
0.25
0.25
0.25
0.25
0.25
0.25
0.25
0.25
0.25
0.25
0.25
0.25
0.25
0.25
0.25
0.25
0.25
0.25
0.25
0.25
0.25
0.25
0.25
0.25538793103448276
0.26077586206896552
0.26616379310344829
0.27155172413793099
0.27693965517241381
0.28232758620689657
0.28771551724137928
0.2931034482758621
0.29849137931034481
0.30387931034482757
0.30926724137931039
0.31465517241379309
0.3200431034482758
0.32543103448275862
0.33081896551724138
0.3362068965517242
0.34159482758620691
0.34698275862068961
0.35237068965517243
0.35775862068965519
0.3631465517241379
0.36853448275862072
0.37392241379310343
0.37931034482758619
0.38469827586206895
0.39008620689655171
0.39547413793103448
0.40086206896551724
0.40625
0.41163793103448276
0.41702586206896552
0.42241379310344829
0.42780172413793099
0.43318965517241381
0.43857758620689657
0.44396551724137928
0.4493534482758621
0.45474137931034481
0.46012931034482751
0.46551724137931039
0.47090517241379309
0.4762931034482758
0.48168103448275862
0.48706896551724133
0.4924568965517242
0.49784482758620691
0.5
0.5
0.5
0.5
0.5
0.5
0.5
0.5
0.5
0.5
0.5
0.5
0.5
0.5
0.5
0.5
0.5
0.5
0.5
0.5
0.5
0.5
0.5
0.50215517241379304
0.5075431034482758
0.51293103448275856
0.51831896551724144
0.52370689655172409
0.52909482758620685
0.53448275862068961
0.53987068965517238
0.54525862068965503
0.5506465517241379
0.55603448275862066
0.56142241379310343
0.56681034482758619
0.57219827586206884
0.5775862068965516
0.58297413793103448
0.58836206896551724
0.59375
0.59913793103448265
0.60452586206896541
0.60991379310344829
0.61530172413793105
0.62068965517241381
0.62607758620689657
0.63146551724137923
0.63685344827586199
0.64224137931034486
0.64762931034482762
0.65301724137931028
0.65840517241379304
0.6637931034482758
0.66918103448275856
0.67456896551724144
0.6799568965517242
0.68534482758620685
0.69073275862068961
0.69612068965517238
0.70150862068965514
0.70689655172413801
0.71228448275862077
0.71767241379310343
0.72306034482758619
0.72844827586206895
0.7338362068965516
0.73922413793103448
0.74461206896551724
0.75
0.75
0.75
0.75
0.75
0.75
0.75
0.75
0.75
0.75
0.75
0.75
0.75
0.75
0.75
0.75
0.75
0.75
0.75
0.75
0.75
0.75
0.75
0.75
0.75
0.75
0.75
0.75
0.75
0.75
0.75
0.75
0.75
0.75
0.75
0.75
0.75
0.75
0.75
0.75
0.75
0.75
0.75
0.75
0.75
0.75
0.75
0.75
0.75
0.75
0.75
0.75
0.75
0.75
0.75
0.75
0.75
0.75
0.75
0.75
0.75
0.75
0.75
0.75
0.75
0.75
0.75
0.75
0.75
0.75
0.75
0.75
0.75
0.75
0.75
0.75
0.75
0.75
0.75
0.75
0.75
0.75
0.25
0.25
0.25
0.25
0.25
0.25
0.25
0.25
0.25
0.25
0.25
0.25
0.25
0.25
0.25
0.25
0.25
0.25
0.25
0.25
0.25
0.25
0.25
0.25
0.25
0.25
0.25
0.25
0.25
0.25
0.25
0.25
0.25
0.25
0.25
0.25
0.25
0.25
0.25
0.25
0.25
0.25
0.25
0.25
0.25
0.25
0.25
0.25
0.25
0.25
0.25
0.25
0.25
0.25
0.25
0.25
0.25
0.25
0.25
0.25267094017094016
0.25801282051282048
0.26335470085470086
0.26869658119658119
0.27403846153846151
0.27938034188034189
0.28472222222222221
0.29006410256410253
0.29540598290598286
0.30074786324786329
0.30608974358974361
0.31143162393162394
0.31677350427350426
0.32211538461538464
0.32745726495726496
0.33279914529914528
0.33814102564102566
0.34348290598290598
0.34882478632478631
0.35416666666666663
0.35950854700854706
0.36485042735042739
0.37019230769230771
0.37553418803418803
0.38087606837606836
0.38621794871794868
0.391559829059829
0.39690170940170943
0.40224358974358976
0.40758547008547008
0.4129273504273504
0.41826923076923078
0.4236111111111111
0.42895299145299143
0.43429487179487175
0.43963675213675213
0.44497863247863245
0.45032051282051277
0.45566239316239321
0.46100427350427353
0.46634615384615385
0.47168803418803418
0.47702991452991456
0.48237179487179488
0.4877136752136752
0.49305555555555552
0.4983974358974359
0.5
0.5
0.5
0.5
0.5
0.5
0.5
0.5
0.5
0.5
0.5
0.5
0.5
0.5
0.5
0.5
0.5
0.5
0.5
0.5
0.5
0.5
0.5
0.5016025641025641
0.50694444444444442
0.51228632478632474
0.51762820512820507
0.52297008547008539
0.52831196581196571
0.53365384615384603
0.53899572649572647
0.54433760683760679
0.54967948717948711
0.55502136752136744
0.56036324786324776
0.56570512820512808
0.57104700854700841
0.57638888888888895
0.58173076923076927
0.5870726495726496
0.59241452991452992
0.59775641025641024
0.60309829059829057
0.60844017094017089
0.61378205128205132
0.61912393162393164
0.62446581196581197
0.62980769230769229
0.63514957264957261
0.64049145299145294
0.64583333333333326
0.65117521367521358
0.65651709401709402
0.66185897435897434
0.66720085470085466
0.67254273504273498
0.67788461538461531
0.68322649572649563
0.68856837606837606
0.6939102564102565
0.69925213675213682
0.70459401709401714
0.70993589743589747
0.71527777777777779
0.72061965811965811
0.72596153846153844
0.73130341880341887
0.73664529914529919
0.74198717948717952
0.74732905982905984
0.75
0.75
0.75
0.75
0.75
0.75
0.75
0.75
0.75
0.75
0.75
0.75
0.75
0.75
0.75
0.75
0.75
0.75
0.75
0.75
0.75
0.75
0.75
0.75
0.75
0.75
0.75
0.75
0.75
0.75
0.75
0.75
0.75
0.75
0.75
0.75
0.75
0.75
0.75
0.75
0.75
0.75
0.75
0.75
0.75
0.75
0.75
0.75
0.75
0.75
0.75
0.75
0.75
0.75
0.75
0.75
0.75
0.75
0.75
0.75
0.75
0.75
0.75
0.75
0.75
0.75
0.75
0.75
0.75
0.75
0.75
0.75
0.75
0.75
0.75
0.75
0.75
0.75
0.75
0.75
0.25
0.25
0.25
0.25
0.25
0.25
0.25
0.25
0.25
0.25
0.25
0.25
0.25
0.25
0.25
0.25
0.25
0.25
0.25
0.25
0.25
0.25
0.25
0.25
0.25
0.25
0.25
0.25
0.25
0.25
0.25
0.25
0.25
0.25
0.25
0.25
0.25
0.25
0.25
0.25
0.25
0.25
0.25
0.25
0.25
0.25
0.25
0.25
0.25
0.25
0.25
0.25
0.25
0.25
0.25
0.25
0.25
0.25
0.25
0.25
0.25529661016949151
0.26059322033898302
0.26588983050847459
0.2711864406779661
0.27648305084745761
0.28177966101694912
0.28707627118644063
0.2923728813559322
0.29766949152542377
0.30296610169491522
0.30826271186440679
0.31355932203389825
0.31885593220338987
0.32415254237288138
0.32944915254237289
0.3347457627118644
0.34004237288135591
0.34533898305084748
0.35063559322033899
0.3559322033898305
0.36122881355932202
0.36652542372881353
0.37182203389830509
0.3771186440677966
0.38241525423728812
0.38771186440677963
0.39300847457627114
0.39830508474576276
0.40360169491525422
0.40889830508474578
0.41419491525423724
0.41949152542372881
0.42478813559322037
0.43008474576271183
0.4353813559322034
0.44067796610169485
0.44597457627118647
0.45127118644067798
0.4565677966101695
0.46186440677966101
0.46716101694915252
0.47245762711864409
0.4777542372881356
0.48305084745762711
0.48834745762711862
0.49364406779661013
0.49894067796610175
0.5
0.5
0.5
0.5
0.5
0.5
0.5
0.5
0.5
0.5
0.5
0.5
0.5
0.5
0.5
0.5
0.5
0.5
0.5
0.5
0.5
0.5
0.5
0.50105932203389825
0.5063559322033897
0.51165254237288127
0.51694915254237295
0.5222457627118644
0.52754237288135597
0.53283898305084743
0.53813559322033899
0.54343220338983045
0.54872881355932202
0.55402542372881347
0.55932203389830504
0.56461864406779649
0.56991525423728817
0.57521186440677963
0.58050847457627119
0.58580508474576265
0.59110169491525422
0.59639830508474567
0.60169491525423724
0.60699152542372881
0.61228813559322026
0.61758474576271172
0.6228813559322034
0.62817796610169496
0.63347457627118642
0.63877118644067798
0.64406779661016944
0.64936440677966101
0.65466101694915246
0.65995762711864403
0.66525423728813549
0.67055084745762705
0.67584745762711873
0.68114406779661019
0.68644067796610164
0.69173728813559321
0.69703389830508478
0.70233050847457623
0.7076271186440678
0.71292372881355925
0.71822033898305082
0.72351694915254228
0.72881355932203395
0.73411016949152552
0.73940677966101698
0.74470338983050843
0.75
0.75
0.75
0.75
0.75
0.75
0.75
0.75
0.75
0.75
0.75
0.75
0.75
0.75
0.75
0.75
0.75
0.75
0.75
0.75
0.75
0.75
0.75
0.75
0.75
0.75
0.75
0.75
0.75
0.75
0.75
0.75
0.75
0.75
0.75
0.75
0.75
0.75
0.75
0.75
0.75
0.75
0.75
0.75
0.75
0.75
0.75
0.75
0.75
0.75
0.75
0.75
0.75
0.75
0.75
0.75
0.75
0.75
0.75
0.75
0.75
0.75
0.75
0.75
0.75
0.75
0.75
0.75
0.75
0.75
0.75
0.75
0.75
0.75
0.75
0.75
0.75
0.75
0.75
0.25
0.25
0.25
0.25
0.25
0.25
0.25
0.25
0.25
0.25
0.25
0.25
0.25
0.25
0.25
0.25
0.25
0.25
0.25
0.25
0.25
0.25
0.25
0.25
0.25
0.25
0.25
0.25
0.25
0.25
0.25
0.25
0.25
0.25
0.25
0.25
0.25
0.25
0.25
0.25
0.25
0.25
0.25
0.25
0.25
0.25
0.25
0.25
0.25
0.25
0.25
0.25
0.25
0.25
0.25
0.25
0.25
0.25
0.25
0.25
0.25262605042016806
0.25787815126050417
0.26313025210084034
0.26838235294117646
0.27363445378151258
0.27888655462184869
0.28413865546218486
0.28939075630252098
0.2946428571428571
0.29989495798319332
0.30514705882352944
0.31039915966386555
0.31565126050420167
0.32090336134453784
0.32615546218487396
0.33140756302521007
0.33665966386554619
0.34191176470588236
0.34716386554621848
0.35241596638655459
0.35766806722689082
0.36292016806722693
0.36817226890756305
0.37342436974789917
0.37867647058823528
0.3839285714285714
0.38918067226890751
0.39443277310924363
0.39968487394957986
0.40493697478991597
0.41018907563025209
0.4154411764705882
0.42069327731092437
0.42594537815126049
0.43119747899159661
0.43644957983193278
0.44170168067226889
0.44695378151260501
0.45220588235294112
0.45745798319327735
0.46271008403361347
0.46796218487394958
0.4732142857142857
0.47846638655462187
0.48371848739495799
0.4889705882352941
0.49422268907563027
0.49947478991596639
0.5
0.5
0.5
0.5
0.5
0.5
0.5
0.5
0.5
0.5
0.5
0.5
0.5
0.5
0.5
0.5
0.5
0.5
0.5
0.5
0.5
0.5
0.5
0.50052521008403361
0.50577731092436973
0.51102941176470584
0.51628151260504196
0.52153361344537807
0.52678571428571419
0.53203781512605031
0.53728991596638653
0.54254201680672265
0.54779411764705876
0.55304621848739488
0.558298319327731
0.56355042016806711
0.56880252100840323
0.57405462184873934
0.57930672268907568
0.5845588235294118
0.58981092436974791
0.59506302521008403
0.60031512605042014
0.60556722689075626
0.61081932773109238
0.6160714285714286
0.62132352941176472
0.62657563025210083
0.63182773109243695
0.63707983193277307
0.64233193277310918
0.6475840336134453
0.65283613445378152
0.65808823529411764
0.66334033613445376
0.66859243697478987
0.67384453781512599
0.6790966386554621
0.68434873949579822
0.68960084033613445
0.69485294117647067
0.70010504201680679
0.7053571428571429
0.71060924369747902
0.71586134453781514
0.72111344537815125
0.72636554621848737
0.73161764705882359
0.73686974789915971
0.74212184873949583
0.74737394957983194
0.75
0.75
0.75
0.75
0.75
0.75
0.75
0.75
0.75
0.75
0.75
0.75
0.75
0.75
0.75
0.75
0.75
0.75
0.75
0.75
0.75
0.75
0.75
0.75
0.75
0.75
0.75
0.75
0.75
0.75
0.75
0.75
0.75
0.75
0.75
0.75
0.75
0.75
0.75
0.75
0.75
0.75
0.75
0.75
0.75
0.75
0.75
0.75
0.75
0.75
0.75
0.75
0.75
0.75
0.75
0.75
0.75
0.75
0.75
0.75
0.75
0.75
0.75
0.75
0.75
0.75
0.75
0.75
0.75
0.75
0.75
0.75
0.75
0.75
0.75
0.75
0.75
0.25
0.25
0.25
0.25
0.25
0.25
0.25
0.25
0.25
0.25
0.25
0.25
0.25
0.25
0.25
0.25
0.25
0.25
0.25
0.25
0.25
0.25
0.25
0.25
0.25
0.25
0.25
0.25
0.25
0.25
0.25
0.25
0.25
0.25
0.25
0.25
0.25
0.25
0.25
0.25
0.25
0.25
0.25
0.25
0.25
0.25
0.25
0.25
0.25
0.25
0.25
0.25
0.25
0.25
0.25
0.25
0.25
0.25
0.25
0.25
0.25
0.25520833333333331
0.26041666666666669
0.265625
0.27083333333333331
0.27604166666666663
0.28125
0.28645833333333337
0.29166666666666663
0.296875
0.30208333333333337
0.30729166666666669
0.3125
0.31770833333333331
0.32291666666666669
0.328125
0.33333333333333331
0.33854166666666669
0.34375
0.34895833333333331
0.35416666666666663
0.359375
0.36458333333333337
0.36979166666666663
0.375
0.38020833333333337
0.38541666666666663
0.390625
0.39583333333333326
0.40104166666666669
0.40625
0.41145833333333331
0.41666666666666669
0.421875
0.42708333333333331
0.43229166666666663
0.4375
0.44270833333333337
0.44791666666666663
0.453125
0.45833333333333337
0.46354166666666663
0.46875
0.47395833333333326
0.47916666666666669
0.484375
0.48958333333333331
0.49479166666666669
0.5
0.5
0.5
0.5
0.5
0.5
0.5
0.5
0.5
0.5
0.5
0.5
0.5
0.5
0.5
0.5
0.5
0.5
0.5
0.5
0.5
0.5
0.5
0.5
0.5
0.50520833333333337
0.51041666666666663
0.515625
0.52083333333333326
0.52604166666666663
0.53124999999999989
0.53645833333333337
0.54166666666666663
0.546875
0.55208333333333326
0.55729166666666663
0.56249999999999989
0.56770833333333326
0.57291666666666652
0.578125
0.58333333333333337
0.58854166666666663
0.59375
0.59895833333333326
0.60416666666666663
0.60937499999999989
0.61458333333333337
0.61979166666666674
0.625
0.63020833333333326
0.63541666666666663
0.640625
0.64583333333333326
0.65104166666666652
0.65625
0.66145833333333337
0.66666666666666663
0.671875
0.67708333333333326
0.68229166666666663
0.68749999999999989
0.69270833333333337
0.69791666666666674
0.703125
0.70833333333333337
0.71354166666666663
0.71875
0.72395833333333326
0.72916666666666663
0.734375
0.73958333333333337
0.74479166666666674
0.75
0.75
0.75
0.75
0.75
0.75
0.75
0.75
0.75
0.75
0.75
0.75
0.75
0.75
0.75
0.75
0.75
0.75
0.75
0.75
0.75
0.75
0.75
0.75
0.75
0.75
0.75
0.75
0.75
0.75
0.75
0.75
0.75
0.75
0.75
0.75
0.75
0.75
0.75
0.75
0.75
0.75
0.75
0.75
0.75
0.75
0.75
0.75
0.75
0.75
0.75
0.75
0.75
0.75
0.75
0.75
0.75
0.75
0.75
0.75
0.75
0.75
0.75
0.75
0.75
0.75
0.75
0.75
0.75
0.75
0.75
0.75
0.75
0.75
0.75
0.75
0.25
0.25
0.25
0.25
0.25
0.25
0.25
0.25
0.25
0.25
0.25
0.25
0.25
0.25
0.25
0.25
0.25
0.25
0.25
0.25
0.25
0.25
0.25
0.25
0.25
0.25
0.25
0.25
0.25
0.25
0.25
0.25
0.25
0.25
0.25
0.25
0.25
0.25
0.25
0.25
0.25
0.25
0.25
0.25
0.25
0.25
0.25
0.25
0.25
0.25
0.25
0.25
0.25
0.25
0.25
0.25
0.25
0.25
0.25
0.25
0.25
0.25258264462809915
0.25774793388429751
0.26291322314049592
0.26807851239669422
0.27324380165289253
0.27840909090909088
0.2835743801652893
0.2887396694214876
0.29390495867768596
0.29907024793388426
0.30423553719008267
0.30940082644628097
0.31456611570247933
0.31973140495867769
0.32489669421487605
0.3300619834710744
0.33522727272727271
0.34039256198347106
0.34555785123966942
0.35072314049586778
0.35588842975206614
0.36105371900826444
0.36621900826446285
0.37138429752066116
0.37654958677685946
0.38171487603305781
0.38688016528925623
0.39204545454545459
0.39721074380165289
0.40237603305785119
0.4075413223140496
0.41270661157024791
0.41787190082644626
0.42303719008264462
0.42820247933884303
0.43336776859504134
0.43853305785123964
0.443698347107438
0.44886363636363635
0.45402892561983471
0.45919421487603307
0.46435950413223137
0.46952479338842978
0.47469008264462809
0.47985537190082644
0.4850206611570248
0.49018595041322316
0.49535123966942152
0.5
0.5
0.5
0.5
0.5
0.5
0.5
0.5
0.5
0.5
0.5
0.5
0.5
0.5
0.5
0.5
0.5
0.5
0.5
0.5
0.5
0.5
0.5
0.5
0.5
0.50464876033057848
0.5098140495867769
0.5149793388429752
0.5201446280991735
0.5253099173553718
0.53047520661157022
0.53564049586776852
0.54080578512396682
0.54597107438016534
0.55113636363636365
0.55630165289256195
0.56146694214876025
0.56663223140495866
0.57179752066115697
0.57696280991735527
0.58212809917355357
0.58729338842975209
0.5924586776859504
0.59762396694214881
0.60278925619834711
0.60795454545454541
0.61311983471074372
0.61828512396694202
0.62345041322314043
0.62861570247933884
0.63378099173553726
0.63894628099173556
0.64411157024793386
0.64927685950413216
0.65444214876033047
0.65960743801652888
0.66477272727272718
0.66993801652892571
0.67510330578512401
0.68026859504132231
0.68543388429752061
0.69059917355371903
0.69576446280991733
0.70092975206611563
0.70609504132231393
0.71126033057851246
0.71642561983471076
0.72159090909090917
0.72675619834710747
0.73192148760330578
0.73708677685950408
0.74225206611570238
0.74741735537190079
0.75
0.75
0.75
0.75
0.75
0.75
0.75
0.75
0.75
0.75
0.75
0.75
0.75
0.75
0.75
0.75
0.75
0.75
0.75
0.75
0.75
0.75
0.75
0.75
0.75
0.75
0.75
0.75
0.75
0.75
0.75
0.75
0.75
0.75
0.75
0.75
0.75
0.75
0.75
0.75
0.75
0.75
0.75
0.75
0.75
0.75
0.75
0.75
0.75
0.75
0.75
0.75
0.75
0.75
0.75
0.75
0.75
0.75
0.75
0.75
0.75
0.75
0.75
0.75
0.75
0.75
0.75
0.75
0.75
0.75
0.75
0.75
0.75
0.75
0.25
0.25
0.25
0.25
0.25
0.25
0.25
0.25
0.25
0.25
0.25
0.25
0.25
0.25
0.25
0.25
0.25
0.25
0.25
0.25
0.25
0.25
0.25
0.25
0.25
0.25
0.25
0.25
0.25
0.25
0.25
0.25
0.25
0.25
0.25
0.25
0.25
0.25
0.25
0.25
0.25
0.25
0.25
0.25
0.25
0.25
0.25
0.25
0.25
0.25
0.25
0.25
0.25
0.25
0.25
0.25
0.25
0.25
0.25
0.25
0.25
0.25
0.25512295081967212
0.26024590163934425
0.26536885245901642
0.27049180327868855
0.27561475409836067
0.28073770491803285
0.28586065573770492
0.29098360655737704
0.29610655737704916
0.30122950819672129
0.30635245901639341
0.31147540983606559
0.31659836065573771
0.32172131147540983
0.32684426229508201
0.33196721311475413
0.33709016393442626
0.34221311475409838
0.34733606557377045
0.35245901639344257
0.35758196721311475
0.36270491803278687
0.36782786885245899
0.37295081967213117
0.37807377049180324
0.38319672131147542
0.38831967213114754
0.39344262295081966
0.39856557377049184
0.40368852459016397
0.40881147540983603
0.41393442622950816
0.41905737704918034
0.4241803278688524
0.42930327868852458
0.4344262295081967
0.43954918032786883
0.44467213114754101
0.44979508196721313
0.45491803278688525
0.46004098360655743
0.4651639344262295
0.47028688524590156
0.47540983606557374
0.48053278688524587
0.48565573770491799
0.49077868852459017
0.49590163934426229
0.5
0.5
0.5
0.5
0.5
0.5
0.5
0.5
0.5
0.5
0.5
0.5
0.5
0.5
0.5
0.5
0.5
0.5
0.5
0.5
0.5
0.5
0.5
0.5
0.5
0.50409836065573765
0.50922131147540972
0.5143442622950819
0.51946721311475397
0.52459016393442626
0.52971311475409832
0.5348360655737705
0.53995901639344257
0.54508196721311475
0.55020491803278682
0.55532786885245899
0.56045081967213106
0.56557377049180313
0.57069672131147542
0.57581967213114749
0.58094262295081966
0.58606557377049173
0.59118852459016391
0.59631147540983598
0.60143442622950816
0.60655737704918034
0.61168032786885251
0.61680327868852458
0.62192622950819676
0.62704918032786883
0.63217213114754089
0.63729508196721307
0.64241803278688514
0.64754098360655732
0.6526639344262295
0.65778688524590168
0.66290983606557374
0.66803278688524592
0.67315573770491799
0.67827868852459017
0.68340163934426224
0.6885245901639343
0.69364754098360659
0.69877049180327866
0.70389344262295084
0.70901639344262291
0.71413934426229508
0.71926229508196715
0.72438524590163933
0.72950819672131151
0.73463114754098369
0.73975409836065575
0.74487704918032793
0.75
0.75
0.75
0.75
0.75
0.75
0.75
0.75
0.75
0.75
0.75
0.75
0.75
0.75
0.75
0.75
0.75
0.75
0.75
0.75
0.75
0.75
0.75
0.75
0.75
0.75
0.75
0.75
0.75
0.75
0.75
0.75
0.75
0.75
0.75
0.75
0.75
0.75
0.75
0.75
0.75
0.75
0.75
0.75
0.75
0.75
0.75
0.75
0.75
0.75
0.75
0.75
0.75
0.75
0.75
0.75
0.75
0.75
0.75
0.75
0.75
0.75
0.75
0.75
0.75
0.75
0.75
0.75
0.75
0.75
0.75
0.75
0.75
0.25
0.25
0.25
0.25
0.25
0.25
0.25
0.25
0.25
0.25
0.25
0.25
0.25
0.25
0.25
0.25
0.25
0.25
0.25
0.25
0.25
0.25
0.25
0.25
0.25
0.25
0.25
0.25
0.25
0.25
0.25
0.25
0.25
0.25
0.25
0.25
0.25
0.25
0.25
0.25
0.25
0.25
0.25
0.25
0.25
0.25
0.25
0.25
0.25
0.25
0.25
0.25
0.25
0.25
0.25
0.25
0.25
0.25
0.25
0.25
0.25
0.25
0.25254065040650403
0.2576219512195122
0.26270325203252037
0.26778455284552843
0.27286585365853661
0.27794715447154472
0.28302845528455284
0.28810975609756101
0.29319105691056913
0.29827235772357724
0.30335365853658536
0.30843495934959353
0.31351626016260165
0.31859756097560976
0.32367886178861793
0.32876016260162599
0.33384146341463417
0.33892276422764234
0.3440040650406504
0.34908536585365857
0.35416666666666663
0.3592479674796748
0.36432926829268297
0.36941056910569103
0.37449186991869921
0.37957317073170727
0.38465447154471544
0.38973577235772361
0.39481707317073167
0.39989837398373984
0.4049796747967479
0.41006097560975607
0.41514227642276424
0.42022357723577231
0.42530487804878048
0.43038617886178859
0.43546747967479671
0.44054878048780488
0.445630081300813
0.45071138211382111
0.45579268292682923
0.4608739837398374
0.46595528455284552
0.47103658536585363
0.4761178861788618
0.48119918699186992
0.48628048780487804
0.49136178861788621
0.49644308943089432
0.5
0.5
0.5
0.5
0.5
0.5
0.5
0.5
0.5
0.5
0.5
0.5
0.5
0.5
0.5
0.5
0.5
0.5
0.5
0.5
0.5
0.5
0.5
0.5
0.5
0.50355691056910568
0.50863821138211374
0.51371951219512202
0.51880081300813008
0.52388211382113814
0.5289634146341462
0.53404471544715448
0.53912601626016254
0.5442073170731706
0.54928861788617889
0.55436991869918695
0.55945121951219501
0.56453252032520329
0.56961382113821135
0.57469512195121941
0.57977642276422758
0.58485772357723576
0.58993902439024382
0.59502032520325199
0.60010162601626016
0.60518292682926833
0.61026422764227639
0.61534552845528456
0.62042682926829262
0.62550813008130079
0.63058943089430886
0.63567073170731714
0.6407520325203252
0.64583333333333326
0.65091463414634143
0.6559959349593496
0.66107723577235766
0.66615853658536595
0.67123983739837401
0.67632113821138207
0.68140243902439013
0.68648373983739841
0.69156504065040647
0.69664634146341453
0.70172764227642281
0.70680894308943087
0.71189024390243905
0.71697154471544722
0.72205284552845528
0.72713414634146334
0.73221544715447151
0.73729674796747968
0.74237804878048785
0.74745934959349591
0.75
0.75
0.75
0.75
0.75
0.75
0.75
0.75
0.75
0.75
0.75
0.75
0.75
0.75
0.75
0.75
0.75
0.75
0.75
0.75
0.75
0.75
0.75
0.75
0.75
0.75
0.75
0.75
0.75
0.75
0.75
0.75
0.75
0.75
0.75
0.75
0.75
0.75
0.75
0.75
0.75
0.75
0.75
0.75
0.75
0.75
0.75
0.75
0.75
0.75
0.75
0.75
0.75
0.75
0.75
0.75
0.75
0.75
0.75
0.75
0.75
0.75
0.75
0.75
0.75
0.75
0.75
0.75
0.75
0.75
0.75
0.25
0.25
0.25
0.25
0.25
0.25
0.25
0.25
0.25
0.25
0.25
0.25
0.25
0.25
0.25
0.25
0.25
0.25
0.25
0.25
0.25
0.25
0.25
0.25
0.25
0.25
0.25
0.25
0.25
0.25
0.25
0.25
0.25
0.25
0.25
0.25
0.25
0.25
0.25
0.25
0.25
0.25
0.25
0.25
0.25
0.25
0.25
0.25
0.25
0.25
0.25
0.25
0.25
0.25
0.25
0.25
0.25
0.25
0.25
0.25
0.25
0.25
0.25
0.25504032258064513
0.26008064516129031
0.2651209677419355
0.27016129032258063
0.27520161290322576
0.28024193548387094
0.28528225806451613
0.29032258064516131
0.29536290322580649
0.30040322580645162
0.30544354838709681
0.31048387096774194
0.31552419354838712
0.32056451612903225
0.32560483870967744
0.33064516129032256
0.33568548387096775
0.34072580645161288
0.34576612903225806
0.35080645161290319
0.35584677419354838
0.36088709677419351
0.36592741935483869
0.37096774193548387
0.37600806451612906
0.38104838709677424
0.38608870967741937
0.3911290322580645
0.39616935483870969
0.40120967741935487
0.40625
0.41129032258064513
0.41633064516129031
0.4213709677419355
0.42641129032258063
0.43145161290322576
0.43649193548387094
0.44153225806451613
0.44657258064516131
0.45161290322580649
0.45665322580645162
0.46169354838709675
0.46673387096774194
0.47177419354838712
0.47681451612903225
0.48185483870967738
0.48689516129032256
0.49193548387096775
0.49697580645161288
0.5
0.5
0.5
0.5
0.5
0.5
0.5
0.5
0.5
0.5
0.5
0.5
0.5
0.5
0.5
0.5
0.5
0.5
0.5
0.5
0.5
0.5
0.5
0.5
0.5
0.50302419354838701
0.50806451612903214
0.51310483870967727
0.51814516129032262
0.52318548387096775
0.52822580645161288
0.53326612903225812
0.53830645161290325
0.54334677419354838
0.54838709677419351
0.55342741935483875
0.55846774193548387
0.563508064516129
0.56854838709677413
0.57358870967741937
0.5786290322580645
0.58366935483870963
0.58870967741935476
0.59375
0.59879032258064513
0.60383064516129026
0.6088709677419355
0.61391129032258063
0.61895161290322576
0.62399193548387089
0.62903225806451601
0.63407258064516125
0.63911290322580638
0.64415322580645151
0.64919354838709675
0.65423387096774188
0.65927419354838701
0.66431451612903214
0.66935483870967727
0.67439516129032262
0.67943548387096775
0.68447580645161299
0.68951612903225812
0.69455645161290325
0.69959677419354849
0.70463709677419362
0.70967741935483875
0.71471774193548387
0.719758064516129
0.72479838709677424
0.72983870967741937
0.7348790322580645
0.73991935483870974
0.74495967741935487
0.75
0.75
0.75
0.75
0.75
0.75
0.75
0.75
0.75
0.75
0.75
0.75
0.75
0.75
0.75
0.75
0.75
0.75
0.75
0.75
0.75
0.75
0.75
0.75
0.75
0.75
0.75
0.75
0.75
0.75
0.75
0.75
0.75
0.75
0.75
0.75
0.75
0.75
0.75
0.75
0.75
0.75
0.75
0.75
0.75
0.75
0.75
0.75
0.75
0.75
0.75
0.75
0.75
0.75
0.75
0.75
0.75
0.75
0.75
0.75
0.75
0.75
0.75
0.75
0.75
0.75
0.75
0.75
0.75
0.75
0.25
0.25
0.25
0.25
0.25
0.25
0.25
0.25
0.25
0.25
0.25
0.25
0.25
0.25
0.25
0.25
0.25
0.25
0.25
0.25
0.25
0.25
0.25
0.25
0.25
0.25
0.25
0.25
0.25
0.25
0.25
0.25
0.25
0.25
0.25
0.25
0.25
0.25
0.25
0.25
0.25
0.25
0.25
0.25
0.25
0.25
0.25
0.25
0.25
0.25
0.25
0.25
0.25
0.25
0.25
0.25
0.25
0.25
0.25
0.25
0.25
0.25
0.25
0.2525
0.25750000000000001
0.26250000000000001
0.26750000000000002
0.27250000000000002
0.27750000000000002
0.28250000000000003
0.28750000000000003
0.29249999999999998
0.29749999999999999
0.30249999999999999
0.3075
0.3125
0.3175
0.32250000000000001
0.32750000000000001
0.33250000000000002
0.33750000000000002
0.34250000000000003
0.34750000000000003
0.35250000000000004
0.35750000000000004
0.36250000000000004
0.36749999999999994
0.37249999999999994
0.37749999999999995
0.38249999999999995
0.38749999999999996
0.39249999999999996
0.39749999999999996
0.40249999999999997
0.40749999999999997
0.41249999999999998
0.41749999999999998
0.42249999999999999
0.42749999999999999
0.4325
0.4375
0.4425
0.44749999999999995
0.45249999999999996
0.45749999999999996
0.46249999999999997
0.46749999999999997
0.47249999999999998
0.47749999999999998
0.48249999999999998
0.48749999999999999
0.49249999999999999
0.4975
0.5
0.5
0.5
0.5
0.5
0.5
0.5
0.5
0.5
0.5
0.5
0.5
0.5
0.5
0.5
0.5
0.5
0.5
0.5
0.5
0.5
0.5
0.5
0.5
0.5
0.50250000000000006
0.50750000000000006
0.51250000000000007
0.51749999999999985
0.52249999999999985
0.52749999999999986
0.53249999999999986
0.53749999999999987
0.54249999999999987
0.54749999999999988
0.55249999999999988
0.55749999999999988
0.56249999999999989
0.56749999999999989
0.5724999999999999
0.5774999999999999
0.58249999999999991
0.58749999999999991
0.59249999999999992
0.59749999999999992
0.60250000000000004
0.60749999999999993
0.61250000000000004
0.61749999999999994
0.62250000000000005
0.62749999999999995
0.63250000000000006
0.63749999999999996
0.64250000000000007
0.64749999999999996
0.65250000000000008
0.65749999999999997
0.66250000000000009
0.66749999999999998
0.67249999999999988
0.67749999999999988
0.68249999999999988
0.68749999999999989
0.69249999999999989
0.69750000000000001
0.7024999999999999
0.70750000000000002
0.71249999999999991
0.71750000000000003
0.72249999999999992
0.72750000000000004
0.73249999999999993
0.73750000000000004
0.74249999999999994
0.74750000000000005
0.75
0.75
0.75
0.75
0.75
0.75
0.75
0.75
0.75
0.75
0.75
0.75
0.75
0.75
0.75
0.75
0.75
0.75
0.75
0.75
0.75
0.75
0.75
0.75
0.75
0.75
0.75
0.75
0.75
0.75
0.75
0.75
0.75
0.75
0.75
0.75
0.75
0.75
0.75
0.75
0.75
0.75
0.75
0.75
0.75
0.75
0.75
0.75
0.75
0.75
0.75
0.75
0.75
0.75
0.75
0.75
0.75
0.75
0.75
0.75
0.75
0.75
0.75
0.75
0.75
0.75
0.75
0.75
0.25
0.25
0.25
0.25
0.25
0.25
0.25
0.25
0.25
0.25
0.25
0.25
0.25
0.25
0.25
0.25
0.25
0.25
0.25
0.25
0.25
0.25
0.25
0.25
0.25
0.25
0.25
0.25
0.25
0.25
0.25
0.25
0.25
0.25
0.25
0.25
0.25
0.25
0.25
0.25
0.25
0.25
0.25
0.25
0.25
0.25
0.25
0.25
0.25
0.25
0.25
0.25
0.25
0.25
0.25
0.25
0.25
0.25
0.25
0.25
0.25
0.25
0.25
0.25
0.25496031746031744
0.25992063492063494
0.26488095238095238
0.26984126984126983
0.27480158730158727
0.27976190476190477
0.28472222222222221
0.28968253968253965
0.2946428571428571
0.29960317460317465
0.30456349206349209
0.30952380952380953
0.31448412698412698
0.31944444444444448
0.32440476190476192
0.32936507936507936
0.3343253968253968
0.3392857142857143
0.34424603174603174
0.34920634920634919
0.35416666666666663
0.35912698412698418
0.36408730158730163
0.36904761904761907
0.37400793650793651
0.37896825396825395
0.3839285714285714
0.38888888888888884
0.39384920634920628
0.39880952380952384
0.40376984126984128
0.40873015873015872
0.41369047619047616
0.41865079365079366
0.4236111111111111
0.42857142857142855
0.43353174603174599
0.43849206349206349
0.44345238095238093
0.44841269841269837
0.45337301587301582
0.45833333333333337
0.46329365079365081
0.46825396825396826
0.4732142857142857
0.4781746031746032
0.48313492063492064
0.48809523809523808
0.49305555555555552
0.49801587301587302
0.5
0.5
0.5
0.5
0.5
0.5
0.5
0.5
0.5
0.5
0.5
0.5
0.5
0.5
0.5
0.5
0.5
0.5
0.5
0.5
0.5
0.5
0.5
0.5
0.5
0.50198412698412698
0.50694444444444442
0.51190476190476186
0.51686507936507931
0.52182539682539675
0.52678571428571419
0.53174603174603163
0.53670634920634919
0.54166666666666663
0.54662698412698407
0.55158730158730152
0.55654761904761896
0.5615079365079364
0.56646825396825384
0.57142857142857129
0.57638888888888895
0.58134920634920639
0.58630952380952384
0.59126984126984128
0.59623015873015872
0.60119047619047616
0.60615079365079361
0.61111111111111105
0.6160714285714286
0.62103174603174605
0.62599206349206349
0.63095238095238093
0.63591269841269837
0.64087301587301582
0.64583333333333326
0.6507936507936507
0.65575396825396826
0.6607142857142857
0.66567460317460314
0.67063492063492058
0.67559523809523803
0.68055555555555547
0.68551587301587291
0.69047619047619047
0.69543650793650802
0.70039682539682546
0.7053571428571429
0.71031746031746035
0.71527777777777779
0.72023809523809523
0.72519841269841268
0.73015873015873012
0.73511904761904767
0.74007936507936511
0.74503968253968256
0.75
0.75
0.75
0.75
0.75
0.75
0.75
0.75
0.75
0.75
0.75
0.75
0.75
0.75
0.75
0.75
0.75
0.75
0.75
0.75
0.75
0.75
0.75
0.75
0.75
0.75
0.75
0.75
0.75
0.75
0.75
0.75
0.75
0.75
0.75
0.75
0.75
0.75
0.75
0.75
0.75
0.75
0.75
0.75
0.75
0.75
0.75
0.75
0.75
0.75
0.75
0.75
0.75
0.75
0.75
0.75
0.75
0.75
0.75
0.75
0.75
0.75
0.75
0.75
0.75
0.75
0.75
0.25
0.25
0.25
0.25
0.25
0.25
0.25
0.25
0.25
0.25
0.25
0.25
0.25
0.25
0.25
0.25
0.25
0.25
0.25
0.25
0.25
0.25
0.25
0.25
0.25
0.25
0.25
0.25
0.25
0.25
0.25
0.25
0.25
0.25
0.25
0.25
0.25
0.25
0.25
0.25
0.25
0.25
0.25
0.25
0.25
0.25
0.25
0.25
0.25
0.25
0.25
0.25
0.25
0.25
0.25
0.25
0.25
0.25
0.25
0.25
0.25
0.25
0.25
0.25
0.25246062992125984
0.25738188976377951
0.26230314960629919
0.26722440944881887
0.2721456692913386
0.27706692913385828
0.28198818897637795
0.28690944881889763
0.2918307086614173
0.29675196850393698
0.30167322834645666
0.30659448818897633
0.31151574803149606
0.31643700787401574
0.32135826771653542
0.32627952755905509
0.33120078740157477
0.33612204724409445
0.34104330708661412
0.3459645669291338
0.35088582677165359
0.35580708661417326
0.36072834645669294
0.36564960629921262
0.37057086614173229
0.37549212598425197
0.38041338582677164
0.38533464566929132
0.39025590551181105
0.39517716535433073
0.4000984251968504
0.40501968503937008
0.40994094488188976
0.41486220472440943
0.41978346456692911
0.42470472440944879
0.42962598425196852
0.43454724409448819
0.43946850393700787
0.44438976377952755
0.44931102362204722
0.4542322834645669
0.45915354330708658
0.46407480314960625
0.46899606299212604
0.47391732283464572
0.47883858267716539
0.48375984251968507
0.48868110236220474
0.49360236220472442
0.4985236220472441
0.5
0.5
0.5
0.5
0.5
0.5
0.5
0.5
0.5
0.5
0.5
0.5
0.5
0.5
0.5
0.5
0.5
0.5
0.5
0.5
0.5
0.5
0.5
0.5
0.5
0.5014763779527559
0.50639763779527558
0.51131889763779526
0.51624015748031493
0.52116141732283461
0.52608267716535428
0.53100393700787396
0.53592519685039364
0.54084645669291331
0.54576771653543299
0.55068897637795267
0.55561023622047245
0.56053149606299213
0.56545275590551181
0.57037401574803148
0.57529527559055116
0.58021653543307083
0.58513779527559051
0.59005905511811019
0.59498031496062986
0.59990157480314954
0.60482283464566922
0.60974409448818889
0.61466535433070857
0.61958661417322825
0.62450787401574792
0.6294291338582676
0.6343503937007875
0.63927165354330717
0.64419291338582685
0.64911417322834652
0.6540354330708662
0.65895669291338588
0.66387795275590555
0.66879921259842523
0.67372047244094491
0.67864173228346458
0.68356299212598426
0.68848425196850394
0.69340551181102361
0.69832677165354329
0.70324803149606296
0.70816929133858264
0.71309055118110243
0.7180118110236221
0.72293307086614178
0.72785433070866146
0.73277559055118113
0.73769685039370081
0.74261811023622049
0.74753937007874016
0.75
0.75
0.75
0.75
0.75
0.75
0.75
0.75
0.75
0.75
0.75
0.75
0.75
0.75
0.75
0.75
0.75
0.75
0.75
0.75
0.75
0.75
0.75
0.75
0.75
0.75
0.75
0.75
0.75
0.75
0.75
0.75
0.75
0.75
0.75
0.75
0.75
0.75
0.75
0.75
0.75
0.75
0.75
0.75
0.75
0.75
0.75
0.75
0.75
0.75
0.75
0.75
0.75
0.75
0.75
0.75
0.75
0.75
0.75
0.75
0.75
0.75
0.75
0.75
0.75
0.25
0.25
0.25
0.25
0.25
0.25
0.25
0.25
0.25
0.25
0.25
0.25
0.25
0.25
0.25
0.25
0.25
0.25
0.25
0.25
0.25
0.25
0.25
0.25
0.25
0.25
0.25
0.25
0.25
0.25
0.25
0.25
0.25
0.25
0.25
0.25
0.25
0.25
0.25
0.25
0.25
0.25
0.25
0.25
0.25
0.25
0.25
0.25
0.25
0.25
0.25
0.25
0.25
0.25
0.25
0.25
0.25
0.25
0.25
0.25
0.25
0.25
0.25
0.25
0.25
0.2548828125
0.259765625
0.2646484375
0.26953125
0.2744140625
0.279296875
0.2841796875
0.2890625
0.2939453125
0.298828125
0.3037109375
0.30859375
0.3134765625
0.318359375
0.3232421875
0.328125
0.3330078125
0.337890625
0.3427734375
0.34765625
0.3525390625
0.357421875
0.3623046875
0.3671875
0.3720703125
0.376953125
0.3818359375
0.38671875
0.3916015625
0.396484375
0.4013671875
0.40625
0.4111328125
0.416015625
0.4208984375
0.42578125
0.4306640625
0.435546875
0.4404296875
0.4453125
0.4501953125
0.455078125
0.4599609375
0.46484375
0.4697265625
0.474609375
0.4794921875
0.484375
0.4892578125
0.494140625
0.4990234375
0.5
0.5
0.5
0.5
0.5
0.5
0.5
0.5
0.5
0.5
0.5
0.5
0.5
0.5
0.5
0.5
0.5
0.5
0.5
0.5
0.5
0.5
0.5
0.5
0.5
0.5009765625
0.505859375
0.5107421875
0.515625
0.5205078125
0.525390625
0.5302734375
0.53515625
0.5400390625
0.544921875
0.5498046875
0.5546875
0.5595703125
0.564453125
0.5693359375
0.57421875
0.5791015625
0.583984375
0.5888671875
0.59375
0.5986328125
0.603515625
0.6083984375
0.61328125
0.6181640625
0.623046875
0.6279296875
0.6328125
0.6376953125
0.642578125
0.6474609375
0.65234375
0.6572265625
0.662109375
0.6669921875
0.671875
0.6767578125
0.681640625
0.6865234375
0.69140625
0.6962890625
0.701171875
0.7060546875
0.7109375
0.7158203125
0.720703125
0.7255859375
0.73046875
0.7353515625
0.740234375
0.7451171875
0.75
0.75
0.75
0.75
0.75
0.75
0.75
0.75
0.75
0.75
0.75
0.75
0.75
0.75
0.75
0.75
0.75
0.75
0.75
0.75
0.75
0.75
0.75
0.75
0.75
0.75
0.75
0.75
0.75
0.75
0.75
0.75
0.75
0.75
0.75
0.75
0.75
0.75
0.75
0.75
0.75
0.75
0.75
0.75
0.75
0.75
0.75
0.75
0.75
0.75
0.75
0.75
0.75
0.75
0.75
0.75
0.75
0.75
0.75
0.75
0.75
0.75
0.75
0.75
0.25
0.25
0.25
0.25
0.25
0.25
0.25
0.25
0.25
0.25
0.25
0.25
0.25
0.25
0.25
0.25
0.25
0.25
0.25
0.25
0.25
0.25
0.25
0.25
0.25
0.25
0.25
0.25
0.25
0.25
0.25
0.25
0.25
0.25
0.25
0.25
0.25
0.25
0.25
0.25
0.25
0.25
0.25
0.25
0.25
0.25
0.25
0.25
0.25
0.25
0.25
0.25
0.25
0.25
0.25
0.25
0.25
0.25
0.25
0.25
0.25
0.25
0.25
0.25
0.25
0.25242248062015504
0.25726744186046513
0.26211240310077522
0.2669573643410853
0.27180232558139533
0.27664728682170542
0.2814922480620155
0.28633720930232559
0.29118217054263568
0.29602713178294576
0.30087209302325585
0.30571705426356593
0.31056201550387597
0.31540697674418605
0.32025193798449614
0.32509689922480622
0.32994186046511631
0.3347868217054264
0.33963178294573648
0.34447674418604657
0.34932170542635654
0.35416666666666663
0.35901162790697672
0.3638565891472868
0.36870155038759689
0.37354651162790697
0.37839147286821706
0.38323643410852715
0.38808139534883718
0.39292635658914726
0.39777131782945735
0.40261627906976744
0.40746124031007752
0.41230620155038761
0.41715116279069769
0.42199612403100778
0.42684108527131781
0.4316860465116279
0.43653100775193798
0.44137596899224807
0.44622093023255816
0.45106589147286824
0.45591085271317833
0.46075581395348841
0.46560077519379839
0.47044573643410847
0.47529069767441856
0.48013565891472865
0.48498062015503873
0.48982558139534882
0.49467054263565891
0.49951550387596899
0.5
0.5
0.5
0.5
0.5
0.5
0.5
0.5
0.5
0.5
0.5
0.5
0.5
0.5
0.5
0.5
0.5
0.5
0.5
0.5
0.5
0.5
0.5
0.5
0.5
0.5004844961240309
0.50532945736434098
0.51017441860465107
0.51501937984496116
0.51986434108527124
0.52470930232558133
0.52955426356589141
0.5343992248062015
0.53924418604651159
0.54408914728682167
0.54893410852713176
0.55377906976744184
0.55862403100775182
0.56346899224806191
0.56831395348837199
0.57315891472868208
0.57800387596899216
0.58284883720930225
0.58769379844961234
0.59253875968992242
0.59738372093023251
0.6022286821705426
0.60707364341085268
0.61191860465116277
0.61676356589147285
0.62160852713178294
0.62645348837209303
0.63129844961240311
0.63614341085271309
0.64098837209302317
0.64583333333333326
0.65067829457364335
0.65552325581395343
0.66036821705426352
0.6652131782945736
0.67005813953488369
0.67490310077519378
0.67974806201550386
0.68459302325581395
0.68943798449612403
0.69428294573643412
0.69912790697674421
0.70397286821705429
0.70881782945736438
0.71366279069767435
0.71850775193798444
0.72335271317829453
0.72819767441860461
0.7330426356589147
0.73788759689922478
0.74273255813953487
0.74757751937984496
0.75
0.75
0.75
0.75
0.75
0.75
0.75
0.75
0.75
0.75
0.75
0.75
0.75
0.75
0.75
0.75
0.75
0.75
0.75
0.75
0.75
0.75
0.75
0.75
0.75
0.75
0.75
0.75
0.75
0.75
0.75
0.75
0.75
0.75
0.75
0.75
0.75
0.75
0.75
0.75
0.75
0.75
0.75
0.75
0.75
0.75
0.75
0.75
0.75
0.75
0.75
0.75
0.75
0.75
0.75
0.75
0.75
0.75
0.75
0.75
0.75
0.75
0.25
0.25
0.25
0.25
0.25
0.25
0.25
0.25
0.25
0.25
0.25
0.25
0.25
0.25
0.25
0.25
0.25
0.25
0.25
0.25
0.25
0.25
0.25
0.25
0.25
0.25
0.25
0.25
0.25
0.25
0.25
0.25
0.25
0.25
0.25
0.25
0.25
0.25
0.25
0.25
0.25
0.25
0.25
0.25
0.25
0.25
0.25
0.25
0.25
0.25
0.25
0.25
0.25
0.25
0.25
0.25
0.25
0.25
0.25
0.25
0.25
0.25
0.25
0.25
0.25
0.25
0.25480769230769229
0.25961538461538458
0.26442307692307693
0.26923076923076922
0.27403846153846151
0.2788461538461538
0.28365384615384615
0.28846153846153844
0.29326923076923073
0.29807692307692302
0.30288461538461542
0.30769230769230771
0.3125
0.31730769230769229
0.32211538461538464
0.32692307692307693
0.33173076923076922
0.33653846153846151
0.34134615384615385
0.34615384615384615
0.35096153846153844
0.35576923076923073
0.36057692307692313
0.36538461538461542
0.37019230769230771
0.375
0.37980769230769229
0.38461538461538458
0.38942307692307687
0.39423076923076916
0.39903846153846156
0.40384615384615385
0.40865384615384615
0.41346153846153844
0.41826923076923078
0.42307692307692307
0.42788461538461536
0.43269230769230765
0.4375
0.44230769230769229
0.44711538461538458
0.45192307692307687
0.45673076923076927
0.46153846153846156
0.46634615384615385
0.47115384615384615
0.47596153846153849
0.48076923076923078
0.48557692307692307
0.49038461538461536
0.49519230769230771
0.5
0.5
0.5
0.5
0.5
0.5
0.5
0.5
0.5
0.5
0.5
0.5
0.5
0.5
0.5
0.5
0.5
0.5
0.5
0.5
0.5
0.5
0.5
0.5
0.5
0.5
0.5
0.50480769230769229
0.50961538461538458
0.51442307692307687
0.51923076923076916
0.52403846153846145
0.52884615384615374
0.53365384615384603
0.53846153846153844
0.54326923076923073
0.54807692307692302
0.55288461538461531
0.5576923076923076
0.56249999999999989
0.56730769230769218
0.57211538461538447
0.57692307692307698
0.58173076923076927
0.58653846153846156
0.59134615384615385
0.59615384615384615
0.60096153846153844
0.60576923076923073
0.61057692307692302
0.61538461538461542
0.62019230769230771
0.625
0.62980769230769229
0.63461538461538458
0.63942307692307687
0.64423076923076916
0.64903846153846145
0.65384615384615385
0.65865384615384615
0.66346153846153844
0.66826923076923073
0.67307692307692302
0.67788461538461531
0.6826923076923076
0.68749999999999989
0.6923076923076924
0.69711538461538469
0.70192307692307698
0.70673076923076927
0.71153846153846156
0.71634615384615385
0.72115384615384615
0.72596153846153844
0.73076923076923084
0.73557692307692313
0.74038461538461542
0.74519230769230771
0.75
0.75
0.75
0.75
0.75
0.75
0.75
0.75
0.75
0.75
0.75
0.75
0.75
0.75
0.75
0.75
0.75
0.75
0.75
0.75
0.75
0.75
0.75
0.75
0.75
0.75
0.75
0.75
0.75
0.75
0.75
0.75
0.75
0.75
0.75
0.75
0.75
0.75
0.75
0.75
0.75
0.75
0.75
0.75
0.75
0.75
0.75
0.75
0.75
0.75
0.75
0.75
0.75
0.75
0.75
0.75
0.75
0.75
0.75
0.75
0.75
0.25
0.25
0.25
0.25
0.25
0.25
0.25
0.25
0.25
0.25
0.25
0.25
0.25
0.25
0.25
0.25
0.25
0.25
0.25
0.25
0.25
0.25
0.25
0.25
0.25
0.25
0.25
0.25
0.25
0.25
0.25
0.25
0.25
0.25
0.25
0.25
0.25
0.25
0.25
0.25
0.25
0.25
0.25
0.25
0.25
0.25
0.25
0.25
0.25
0.25
0.25
0.25
0.25
0.25
0.25
0.25
0.25
0.25
0.25
0.25
0.25
0.25
0.25
0.25
0.25
0.25
0.25238549618320605
0.25715648854961831
0.26192748091603052
0.26669847328244273
0.27146946564885499
0.2762404580152672
0.28101145038167941
0.28578244274809161
0.29055343511450382
0.29532442748091603
0.30009541984732824
0.30486641221374045
0.30963740458015265
0.31440839694656486
0.31917938931297712
0.32395038167938933
0.32872137404580154
0.33349236641221369
0.3382633587786259
0.34303435114503816
0.34780534351145037
0.35257633587786258
0.35734732824427484
0.36211832061068705
0.36688931297709926
0.37166030534351147
0.37643129770992362
0.38120229007633588
0.38597328244274809
0.3907442748091603
0.3955152671755725
0.40028625954198471
0.40505725190839692
0.40982824427480918
0.41459923664122139
0.41937022900763354
0.42414122137404575
0.42891221374045796
0.43368320610687022
0.43845419847328243
0.44322519083969469
0.4479961832061069
0.45276717557251911
0.45753816793893132
0.46230916030534347
0.46708015267175573
0.47185114503816794
0.47662213740458015
0.48139312977099236
0.48616412213740456
0.49093511450381677
0.49570610687022904
0.5
0.5
0.5
0.5
0.5
0.5
0.5
0.5
0.5
0.5
0.5
0.5
0.5
0.5
0.5
0.5
0.5
0.5
0.5
0.5
0.5
0.5
0.5
0.5
0.5
0.5
0.5
0.50429389312977091
0.50906488549618323
0.51383587786259532
0.51860687022900764
0.52337786259541985
0.52814885496183195
0.53291984732824427
0.53769083969465636
0.54246183206106868
0.54723282442748089
0.5520038167938931
0.55677480916030531
0.56154580152671763
0.56631679389312972
0.57108778625954193
0.57585877862595414
0.58062977099236635
0.58540076335877866
0.59017175572519076
0.59494274809160308
0.59971374045801529
0.60448473282442738
0.6092557251908397
0.6140267175572518
0.61879770992366412
0.62356870229007622
0.62833969465648853
0.63311068702290074
0.63788167938931295
0.64265267175572516
0.64742366412213737
0.65219465648854957
0.65696564885496178
0.6617366412213741
0.6665076335877862
0.67127862595419852
0.67604961832061061
0.68082061068702293
0.68559160305343503
0.69036259541984724
0.69513358778625955
0.69990458015267176
0.70467557251908397
0.70944656488549618
0.7142175572519085
0.71898854961832059
0.72375954198473291
0.72853053435114501
0.73330152671755722
0.73807251908396942
0.74284351145038163
0.74761450381679395
0.75
0.75
0.75
0.75
0.75
0.75
0.75
0.75
0.75
0.75
0.75
0.75
0.75
0.75
0.75
0.75
0.75
0.75
0.75
0.75
0.75
0.75
0.75
0.75
0.75
0.75
0.75
0.75
0.75
0.75
0.75
0.75
0.75
0.75
0.75
0.75
0.75
0.75
0.75
0.75
0.75
0.75
0.75
0.75
0.75
0.75
0.75
0.75
0.75
0.75
0.75
0.75
0.75
0.75
0.75
0.75
0.75
0.75
0.75
0.25
0.25
0.25
0.25
0.25
0.25
0.25
0.25
0.25
0.25
0.25
0.25
0.25
0.25
0.25
0.25
0.25
0.25
0.25
0.25
0.25
0.25
0.25
0.25
0.25
0.25
0.25
0.25
0.25
0.25
0.25
0.25
0.25
0.25
0.25
0.25
0.25
0.25
0.25
0.25
0.25
0.25
0.25
0.25
0.25
0.25
0.25
0.25
0.25
0.25
0.25
0.25
0.25
0.25
0.25
0.25
0.25
0.25
0.25
0.25
0.25
0.25
0.25
0.25
0.25
0.25
0.25
0.25473484848484851
0.25946969696969696
0.26420454545454541
0.26893939393939392
0.27367424242424243
0.27840909090909088
0.28314393939393934
0.28787878787878785
0.29261363636363641
0.29734848484848486
0.30208333333333337
0.30681818181818182
0.31155303030303033
0.31628787878787878
0.32102272727272729
0.32575757575757575
0.33049242424242425
0.33522727272727271
0.33996212121212122
0.34469696969696967
0.34943181818181818
0.35416666666666663
0.35890151515151514
0.36363636363636359
0.36837121212121215
0.37310606060606066
0.37784090909090912
0.38257575757575757
0.38731060606060608
0.39204545454545459
0.39678030303030304
0.40151515151515149
0.40625
0.41098484848484851
0.41571969696969696
0.42045454545454541
0.42518939393939392
0.42992424242424243
0.43465909090909088
0.43939393939393934
0.44412878787878785
0.44886363636363635
0.45359848484848486
0.45833333333333337
0.46306818181818182
0.46780303030303028
0.47253787878787878
0.47727272727272729
0.48200757575757575
0.4867424242424242
0.49147727272727271
0.49621212121212122
0.5
0.5
0.5
0.5
0.5
0.5
0.5
0.5
0.5
0.5
0.5
0.5
0.5
0.5
0.5
0.5
0.5
0.5
0.5
0.5
0.5
0.5
0.5
0.5
0.5
0.5
0.5
0.50378787878787867
0.50852272727272718
0.51325757575757569
0.51799242424242431
0.52272727272727271
0.52746212121212122
0.53219696969696972
0.53693181818181823
0.54166666666666663
0.54640151515151514
0.55113636363636365
0.55587121212121215
0.56060606060606055
0.56534090909090906
0.57007575757575757
0.57481060606060608
0.57954545454545447
0.58428030303030298
0.58901515151515149
0.59375
0.5984848484848484
0.60321969696969691
0.60795454545454541
0.61268939393939392
0.61742424242424243
0.62215909090909083
0.62689393939393934
0.63162878787878785
0.63636363636363624
0.64109848484848475
0.64583333333333326
0.65056818181818177
0.65530303030303028
0.66003787878787867
0.66477272727272718
0.66950757575757569
0.67424242424242431
0.67897727272727271
0.68371212121212122
0.68844696969696972
0.69318181818181823
0.69791666666666674
0.70265151515151514
0.70738636363636365
0.71212121212121215
0.71685606060606066
0.72159090909090917
0.72632575757575757
0.73106060606060608
0.73579545454545459
0.74053030303030298
0.74526515151515149
0.75
0.75
0.75
0.75
0.75
0.75
0.75
0.75
0.75
0.75
0.75
0.75
0.75
0.75
0.75
0.75
0.75
0.75
0.75
0.75
0.75
0.75
0.75
0.75
0.75
0.75
0.75
0.75
0.75
0.75
0.75
0.75
0.75
0.75
0.75
0.75
0.75
0.75
0.75
0.75
0.75
0.75
0.75
0.75
0.75
0.75
0.75
0.75
0.75
0.75
0.75
0.75
0.75
0.75
0.75
0.75
0.75
0.75
0.25
0.25
0.25
0.25
0.25
0.25
0.25
0.25
0.25
0.25
0.25
0.25
0.25
0.25
0.25
0.25
0.25
0.25
0.25
0.25
0.25
0.25
0.25
0.25
0.25
0.25
0.25
0.25
0.25
0.25
0.25
0.25
0.25
0.25
0.25
0.25
0.25
0.25
0.25
0.25
0.25
0.25
0.25
0.25
0.25
0.25
0.25
0.25
0.25
0.25
0.25
0.25
0.25
0.25
0.25
0.25
0.25
0.25
0.25
0.25
0.25
0.25
0.25
0.25
0.25
0.25
0.25
0.25234962406015038
0.25704887218045114
0.2617481203007519
0.2664473684210526
0.27114661654135341
0.27584586466165412
0.28054511278195493
0.28524436090225563
0.28994360902255639
0.2946428571428571
0.29934210526315791
0.30404135338345861
0.30874060150375943
0.31343984962406013
0.31813909774436089
0.32283834586466165
0.32753759398496241
0.33223684210526316
0.33693609022556392
0.34163533834586463
0.34633458646616544
0.35103383458646614
0.35573308270676696
0.36043233082706766
0.36513157894736842
0.36983082706766912
0.37453007518796994
0.37922932330827064
0.3839285714285714
0.38862781954887216
0.39332706766917291
0.39802631578947367
0.40272556390977443
0.40742481203007519
0.41212406015037595
0.41682330827067665
0.42152255639097747
0.42622180451127817
0.43092105263157898
0.43562030075187963
0.44031954887218044
0.44501879699248115
0.44971804511278196
0.45441729323308266
0.45911654135338342
0.46381578947368418
0.46851503759398494
0.4732142857142857
0.47791353383458646
0.48261278195488722
0.48731203007518797
0.49201127819548868
0.49671052631578949
0.5
0.5
0.5
0.5
0.5
0.5
0.5
0.5
0.5
0.5
0.5
0.5
0.5
0.5
0.5
0.5
0.5
0.5
0.5
0.5
0.5
0.5
0.5
0.5
0.5
0.5
0.5
0.50328947368421051
0.50798872180451116
0.51268796992481203
0.51738721804511278
0.52208646616541354
0.52678571428571419
0.53148496240601495
0.53618421052631582
0.54088345864661658
0.54558270676691722
0.55028195488721798
0.55498120300751874
0.55968045112781961
0.56437969924812026
0.56907894736842102
0.57377819548872178
0.57847744360902253
0.58317669172932318
0.58787593984962405
0.59257518796992481
0.59727443609022557
0.60197368421052622
0.60667293233082709
0.61137218045112784
0.6160714285714286
0.62077067669172925
0.62546992481203001
0.63016917293233088
0.63486842105263164
0.63956766917293228
0.64426691729323304
0.6489661654135338
0.65366541353383467
0.65836466165413521
0.66306390977443608
0.66776315789473684
0.67246240601503759
0.67716165413533824
0.681860902255639
0.68656015037593987
0.69125939849624063
0.69595864661654128
0.70065789473684204
0.7053571428571429
0.71005639097744366
0.71475563909774431
0.71945488721804507
0.72415413533834583
0.7288533834586467
0.73355263157894735
0.7382518796992481
0.74295112781954886
0.74765037593984962
0.75
0.75
0.75
0.75
0.75
0.75
0.75
0.75
0.75
0.75
0.75
0.75
0.75
0.75
0.75
0.75
0.75
0.75
0.75
0.75
0.75
0.75
0.75
0.75
0.75
0.75
0.75
0.75
0.75
0.75
0.75
0.75
0.75
0.75
0.75
0.75
0.75
0.75
0.75
0.75
0.75
0.75
0.75
0.75
0.75
0.75
0.75
0.75
0.75
0.75
0.75
0.75
0.75
0.75
0.75
0.75
0.25
0.25
0.25
0.25
0.25
0.25
0.25
0.25
0.25
0.25
0.25
0.25
0.25
0.25
0.25
0.25
0.25
0.25
0.25
0.25
0.25
0.25
0.25
0.25
0.25
0.25
0.25
0.25
0.25
0.25
0.25
0.25
0.25
0.25
0.25
0.25
0.25
0.25
0.25
0.25
0.25
0.25
0.25
0.25
0.25
0.25
0.25
0.25
0.25
0.25
0.25
0.25
0.25
0.25
0.25
0.25
0.25
0.25
0.25
0.25
0.25
0.25
0.25
0.25
0.25
0.25
0.25
0.25
0.25466417910447764
0.25932835820895528
0.26399253731343281
0.26865671641791045
0.27332089552238803
0.27798507462686567
0.28264925373134331
0.28731343283582089
0.29197761194029848
0.29664179104477612
0.30130597014925375
0.30597014925373134
0.31063432835820892
0.31529850746268656
0.3199626865671642
0.32462686567164178
0.32929104477611942
0.33395522388059706
0.33861940298507459
0.34328358208955223
0.34794776119402987
0.35261194029850751
0.35727611940298509
0.36194029850746268
0.36660447761194026
0.3712686567164179
0.37593283582089554
0.38059701492537312
0.38526119402985071
0.38992537313432835
0.39458955223880599
0.39925373134328357
0.40391791044776121
0.40858208955223874
0.41324626865671643
0.41791044776119401
0.42257462686567165
0.42723880597014929
0.43190298507462682
0.43656716417910446
0.44123134328358204
0.44589552238805974
0.45055970149253732
0.45522388059701491
0.45988805970149249
0.46455223880597013
0.46921641791044777
0.47388059701492535
0.47854477611940294
0.48320895522388058
0.48787313432835822
0.4925373134328358
0.49720149253731344
0.5
0.5
0.5
0.5
0.5
0.5
0.5
0.5
0.5
0.5
0.5
0.5
0.5
0.5
0.5
0.5
0.5
0.5
0.5
0.5
0.5
0.5
0.5
0.5
0.5
0.5
0.5
0.50279850746268662
0.50746268656716409
0.51212686567164167
0.51679104477611937
0.52145522388059695
0.52611940298507465
0.53078358208955223
0.5354477611940297
0.5401119402985074
0.54477611940298498
0.54944029850746268
0.55410447761194026
0.55876865671641784
0.56343283582089554
0.56809701492537301
0.57276119402985071
0.57742537313432829
0.58208955223880587
0.58675373134328357
0.59141791044776115
0.59608208955223885
0.60074626865671643
0.60541044776119413
0.6100746268656716
0.61473880597014918
0.61940298507462688
0.62406716417910446
0.62873134328358216
0.63339552238805963
0.63805970149253721
0.64272388059701491
0.64738805970149249
0.65205223880597019
0.65671641791044777
0.66138059701492535
0.66604477611940305
0.67070895522388052
0.67537313432835822
0.6800373134328358
0.68470149253731338
0.68936567164179108
0.69402985074626866
0.69869402985074636
0.70335820895522394
0.70802238805970141
0.71268656716417911
0.71735074626865669
0.72201492537313439
0.72667910447761197
0.73134328358208944
0.73600746268656714
0.74067164179104472
0.74533582089552242
0.75
0.75
0.75
0.75
0.75
0.75
0.75
0.75
0.75
0.75
0.75
0.75
0.75
0.75
0.75
0.75
0.75
0.75
0.75
0.75
0.75
0.75
0.75
0.75
0.75
0.75
0.75
0.75
0.75
0.75
0.75
0.75
0.75
0.75
0.75
0.75
0.75
0.75
0.75
0.75
0.75
0.75
0.75
0.75
0.75
0.75
0.75
0.75
0.75
0.75
0.75
0.75
0.75
0.75
0.75
0.25
0.25
0.25
0.25
0.25
0.25
0.25
0.25
0.25
0.25
0.25
0.25
0.25
0.25
0.25
0.25
0.25
0.25
0.25
0.25
0.25
0.25
0.25
0.25
0.25
0.25
0.25
0.25
0.25
0.25
0.25
0.25
0.25
0.25
0.25
0.25
0.25
0.25
0.25
0.25
0.25
0.25
0.25
0.25
0.25
0.25
0.25
0.25
0.25
0.25
0.25
0.25
0.25
0.25
0.25
0.25
0.25
0.25
0.25
0.25
0.25
0.25
0.25
0.25
0.25
0.25
0.25
0.25
0.25231481481481477
0.25694444444444442
0.26157407407407407
0.26620370370370372
0.27083333333333331
0.27546296296296297
0.28009259259259262
0.28472222222222221
0.28935185185185186
0.29398148148148151
0.29861111111111105
0.3032407407407407
0.30787037037037035
0.3125
0.31712962962962965
0.32175925925925924
0.3263888888888889
0.33101851851851855
0.33564814814814814
0.34027777777777779
0.34490740740740744
0.34953703703703698
0.35416666666666663
0.35879629629629628
0.36342592592592593
0.36805555555555558
0.37268518518518517
0.37731481481481483
0.38194444444444442
0.38657407407407407
0.39120370370370372
0.39583333333333326
0.40046296296296291
0.40509259259259256
0.40972222222222221
0.41435185185185186
0.41898148148148151
0.4236111111111111
0.42824074074074076
0.43287037037037035
0.4375
0.44212962962962965
0.44675925925925919
0.45138888888888884
0.45601851851851849
0.46064814814814814
0.46527777777777779
0.46990740740740744
0.47453703703703703
0.47916666666666669
0.48379629629629628
0.48842592592592593
0.49305555555555552
0.49768518518518512
0.5
0.5
0.5
0.5
0.5
0.5
0.5
0.5
0.5
0.5
0.5
0.5
0.5
0.5
0.5
0.5
0.5
0.5
0.5
0.5
0.5
0.5
0.5
0.5
0.5
0.5
0.5
0.50231481481481477
0.50694444444444442
0.51157407407407396
0.51620370370370372
0.52083333333333326
0.52546296296296302
0.53009259259259256
0.5347222222222221
0.53935185185185186
0.5439814814814814
0.54861111111111105
0.5532407407407407
0.55787037037037035
0.56249999999999989
0.56712962962962965
0.57175925925925919
0.57638888888888895
0.58101851851851849
0.58564814814814803
0.59027777777777779
0.59490740740740733
0.59953703703703698
0.60416666666666663
0.60879629629629628
0.61342592592592582
0.61805555555555558
0.62268518518518512
0.62731481481481488
0.63194444444444442
0.63657407407407396
0.64120370370370372
0.64583333333333326
0.65046296296296302
0.65509259259259256
0.65972222222222221
0.66435185185185186
0.66898148148148151
0.67361111111111105
0.6782407407407407
0.68287037037037035
0.68749999999999989
0.69212962962962965
0.69675925925925919
0.70138888888888895
0.70601851851851849
0.71064814814814814
0.71527777777777779
0.71990740740740744
0.72453703703703698
0.72916666666666663
0.73379629629629628
0.73842592592592582
0.74305555555555558
0.74768518518518512
0.75
0.75
0.75
0.75
0.75
0.75
0.75
0.75
0.75
0.75
0.75
0.75
0.75
0.75
0.75
0.75
0.75
0.75
0.75
0.75
0.75
0.75
0.75
0.75
0.75
0.75
0.75
0.75
0.75
0.75
0.75
0.75
0.75
0.75
0.75
0.75
0.75
0.75
0.75
0.75
0.75
0.75
0.75
0.75
0.75
0.75
0.75
0.75
0.75
0.75
0.75
0.75
0.75
0.25
0.25
0.25
0.25
0.25
0.25
0.25
0.25
0.25
0.25
0.25
0.25
0.25
0.25
0.25
0.25
0.25
0.25
0.25
0.25
0.25
0.25
0.25
0.25
0.25
0.25
0.25
0.25
0.25
0.25
0.25
0.25
0.25
0.25
0.25
0.25
0.25
0.25
0.25
0.25
0.25
0.25
0.25
0.25
0.25
0.25
0.25
0.25
0.25
0.25
0.25
0.25
0.25
0.25
0.25
0.25
0.25
0.25
0.25
0.25
0.25
0.25
0.25
0.25
0.25
0.25
0.25
0.25
0.25
0.2545955882352941
0.2591911764705882
0.26378676470588236
0.26838235294117646
0.27297794117647056
0.27757352941176466
0.28216911764705888
0.28676470588235292
0.29136029411764708
0.29595588235294112
0.30055147058823534
0.30514705882352944
0.30974264705882354
0.31433823529411764
0.3189338235294118
0.3235294117647059
0.328125
0.3327205882352941
0.3373161764705882
0.34191176470588236
0.34650735294117646
0.35110294117647056
0.35569852941176466
0.36029411764705888
0.36488970588235292
0.36948529411764708
0.37408088235294112
0.37867647058823528
0.38327205882352944
0.38786764705882348
0.39246323529411764
0.3970588235294118
0.4016544117647059
0.40625
0.4108455882352941
0.4154411764705882
0.42003676470588236
0.42463235294117646
0.42922794117647056
0.43382352941176466
0.43841911764705888
0.44301470588235292
0.44761029411764708
0.45220588235294112
0.45680147058823528
0.46139705882352944
0.46599264705882348
0.47058823529411764
0.4751838235294118
0.4797794117647059
0.484375
0.4889705882352941
0.4935661764705882
0.49816176470588236
0.5
0.5
0.5
0.5
0.5
0.5
0.5
0.5
0.5
0.5
0.5
0.5
0.5
0.5
0.5
0.5
0.5
0.5
0.5
0.5
0.5
0.5
0.5
0.5
0.5
0.5
0.5
0.50183823529411764
0.5064338235294118
0.51102941176470584
0.515625
0.52022058823529405
0.5248161764705882
0.52941176470588225
0.53400735294117641
0.53860294117647056
0.54319852941176472
0.54779411764705876
0.55238970588235292
0.55698529411764697
0.56158088235294112
0.56617647058823517
0.57077205882352933
0.57536764705882359
0.57996323529411764
0.5845588235294118
0.58915441176470584
0.59375
0.59834558823529405
0.6029411764705882
0.60753676470588225
0.61213235294117641
0.61672794117647056
0.62132352941176472
0.62591911764705888
0.63051470588235292
0.63511029411764697
0.63970588235294112
0.64430147058823528
0.64889705882352933
0.65349264705882359
0.65808823529411764
0.6626838235294118
0.66727941176470584
0.671875
0.67647058823529405
0.6810661764705882
0.68566176470588225
0.69025735294117641
0.69485294117647067
0.69944852941176472
0.70404411764705888
0.70863970588235292
0.71323529411764708
0.71783088235294112
0.72242647058823528
0.72702205882352933
0.73161764705882359
0.73621323529411775
0.7408088235294118
0.74540441176470584
0.75
0.75
0.75
0.75
0.75
0.75
0.75
0.75
0.75
0.75
0.75
0.75
0.75
0.75
0.75
0.75
0.75
0.75
0.75
0.75
0.75
0.75
0.75
0.75
0.75
0.75
0.75
0.75
0.75
0.75
0.75
0.75
0.75
0.75
0.75
0.75
0.75
0.75
0.75
0.75
0.75
0.75
0.75
0.75
0.75
0.75
0.75
0.75
0.75
0.75
0.75
0.75
0.25
0.25
0.25
0.25
0.25
0.25
0.25
0.25
0.25
0.25
0.25
0.25
0.25
0.25
0.25
0.25
0.25
0.25
0.25
0.25
0.25
0.25
0.25
0.25
0.25
0.25
0.25
0.25
0.25
0.25
0.25
0.25
0.25
0.25
0.25
0.25
0.25
0.25
0.25
0.25
0.25
0.25
0.25
0.25
0.25
0.25
0.25
0.25
0.25
0.25
0.25
0.25
0.25
0.25
0.25
0.25
0.25
0.25
0.25
0.25
0.25
0.25
0.25
0.25
0.25
0.25
0.25
0.25
0.25
0.25228102189781026
0.25684306569343068
0.2614051094890511
0.26596715328467158
0.27052919708029199
0.27509124087591241
0.27965328467153283
0.28421532846715325
0.28877737226277372
0.29333941605839414
0.29790145985401456
0.30246350364963503
0.30702554744525551
0.31158759124087593
0.3161496350364964
0.32071167883211682
0.32527372262773724
0.32983576642335766
0.33439781021897808
0.33895985401459855
0.34352189781021897
0.34808394160583939
0.35264598540145986
0.35720802919708028
0.3617700729927007
0.36633211678832123
0.37089416058394165
0.37545620437956206
0.38001824817518248
0.3845802919708029
0.38914233576642332
0.39370437956204379
0.39826642335766421
0.40282846715328469
0.4073905109489051
0.41195255474452552
0.41651459854014594
0.42107664233576647
0.42563868613138689
0.43020072992700731
0.43476277372262773
0.43932481751824815
0.44388686131386862
0.44844890510948904
0.45301094890510951
0.45757299270072993
0.46213503649635035
0.46669708029197077
0.47125912408759119
0.4758211678832116
0.48038321167883213
0.48494525547445255
0.48950729927007297
0.49406934306569344
0.49863138686131386
0.5
0.5
0.5
0.5
0.5
0.5
0.5
0.5
0.5
0.5
0.5
0.5
0.5
0.5
0.5
0.5
0.5
0.5
0.5
0.5
0.5
0.5
0.5
0.5
0.5
0.5
0.5
0.50136861313868619
0.5059306569343065
0.51049270072992703
0.51505474452554734
0.51961678832116787
0.52417883211678828
0.5287408759124087
0.53330291970802912
0.53786496350364965
0.54242700729926996
0.54698905109489049
0.55155109489051102
0.55611313868613133
0.56067518248175185
0.56523722627737216
0.56979927007299269
0.57436131386861311
0.57892335766423353
0.58348540145985395
0.58804744525547448
0.59260948905109478
0.59717153284671531
0.60173357664233573
0.60629562043795615
0.61085766423357668
0.61541970802919699
0.61998175182481752
0.62454379562043794
0.62910583941605847
0.63366788321167877
0.6382299270072993
0.64279197080291961
0.64735401459854014
0.65191605839416056
0.65647810218978098
0.6610401459854014
0.66560218978102181
0.67016423357664234
0.67472627737226276
0.67928832116788329
0.6838503649635036
0.68841240875912413
0.69297445255474455
0.69753649635036497
0.70209854014598538
0.7066605839416058
0.71122262773722622
0.71578467153284675
0.72034671532846706
0.72490875912408759
0.72947080291970812
0.73403284671532842
0.73859489051094895
0.74315693430656937
0.74771897810218979
0.75
0.75
0.75
0.75
0.75
0.75
0.75
0.75
0.75
0.75
0.75
0.75
0.75
0.75
0.75
0.75
0.75
0.75
0.75
0.75
0.75
0.75
0.75
0.75
0.75
0.75
0.75
0.75
0.75
0.75
0.75
0.75
0.75
0.75
0.75
0.75
0.75
0.75
0.75
0.75
0.75
0.75
0.75
0.75
0.75
0.75
0.75
0.75
0.75
0.75
0.25
0.25
0.25
0.25
0.25
0.25
0.25
0.25
0.25
0.25
0.25
0.25
0.25
0.25
0.25
0.25
0.25
0.25
0.25
0.25
0.25
0.25
0.25
0.25
0.25
0.25
0.25
0.25
0.25
0.25
0.25
0.25
0.25
0.25
0.25
0.25
0.25
0.25
0.25
0.25
0.25
0.25
0.25
0.25
0.25
0.25
0.25
0.25
0.25
0.25
0.25
0.25
0.25
0.25
0.25
0.25
0.25
0.25
0.25
0.25
0.25
0.25
0.25
0.25
0.25
0.25
0.25
0.25
0.25
0.25
0.2545289855072464
0.25905797101449274
0.26358695652173914
0.26811594202898553
0.27264492753623193
0.27717391304347827
0.28170289855072461
0.28623188405797106
0.29076086956521735
0.29528985507246375
0.29981884057971014
0.30434782608695654
0.30887681159420288
0.31340579710144928
0.31793478260869568
0.32246376811594202
0.32699275362318841
0.33152173913043481
0.33605072463768115
0.34057971014492749
0.34510869565217395
0.34963768115942029
0.35416666666666663
0.35869565217391303
0.36322463768115942
0.36775362318840576
0.37228260869565216
0.37681159420289856
0.38134057971014496
0.38586956521739124
0.39039855072463769
0.39492753623188404
0.39945652173913038
0.40398550724637683
0.40851449275362317
0.41304347826086962
0.41757246376811591
0.42210144927536231
0.4266304347826087
0.43115942028985504
0.43568840579710144
0.44021739130434784
0.44474637681159424
0.44927536231884058
0.45380434782608692
0.45833333333333337
0.46286231884057971
0.46739130434782605
0.47192028985507251
0.47644927536231885
0.48097826086956519
0.48550724637681159
0.49003623188405798
0.49456521739130432
0.49909420289855072
0.5
0.5
0.5
0.5
0.5
0.5
0.5
0.5
0.5
0.5
0.5
0.5
0.5
0.5
0.5
0.5
0.5
0.5
0.5
0.5
0.5
0.5
0.5
0.5
0.5
0.5
0.5
0.50090579710144922
0.50543478260869568
0.50996376811594202
0.51449275362318847
0.5190217391304347
0.52355072463768104
0.52807971014492749
0.53260869565217384
0.53713768115942029
0.54166666666666663
0.54619565217391308
0.55072463768115931
0.55525362318840576
0.55978260869565211
0.56431159420289856
0.5688405797101449
0.57336956521739135
0.57789855072463769
0.58242753623188392
0.58695652173913038
0.59148550724637672
0.59601449275362317
0.60054347826086962
0.60507246376811596
0.60960144927536219
0.61413043478260865
0.61865942028985499
0.62318840579710144
0.62771739130434778
0.63224637681159424
0.63677536231884058
0.64130434782608692
0.64583333333333326
0.6503623188405796
0.65489130434782605
0.65942028985507251
0.66394927536231885
0.66847826086956519
0.67300724637681153
0.67753623188405787
0.68206521739130432
0.68659420289855067
0.69112318840579712
0.69565217391304346
0.70018115942028991
0.70471014492753614
0.70923913043478259
0.71376811594202894
0.71829710144927539
0.72282608695652173
0.72735507246376818
0.73188405797101452
0.73641304347826075
0.74094202898550721
0.74547101449275366
0.75
0.75
0.75
0.75
0.75
0.75
0.75
0.75
0.75
0.75
0.75
0.75
0.75
0.75
0.75
0.75
0.75
0.75
0.75
0.75
0.75
0.75
0.75
0.75
0.75
0.75
0.75
0.75
0.75
0.75
0.75
0.75
0.75
0.75
0.75
0.75
0.75
0.75
0.75
0.75
0.75
0.75
0.75
0.75
0.75
0.75
0.75
0.75
0.75
0.25
0.25
0.25
0.25
0.25
0.25
0.25
0.25
0.25
0.25
0.25
0.25
0.25
0.25
0.25
0.25
0.25
0.25
0.25
0.25
0.25
0.25
0.25
0.25
0.25
0.25
0.25
0.25
0.25
0.25
0.25
0.25
0.25
0.25
0.25
0.25
0.25
0.25
0.25
0.25
0.25
0.25
0.25
0.25
0.25
0.25
0.25
0.25
0.25
0.25
0.25
0.25
0.25
0.25
0.25
0.25
0.25
0.25
0.25
0.25
0.25
0.25
0.25
0.25
0.25
0.25
0.25
0.25
0.25
0.25
0.25224820143884891
0.25674460431654678
0.26124100719424459
0.2657374100719424
0.27023381294964033
0.27473021582733814
0.27922661870503601
0.28372302158273383
0.28821942446043164
0.29271582733812951
0.29721223021582732
0.30170863309352519
0.30620503597122301
0.31070143884892082
0.31519784172661869
0.3196942446043165
0.32419064748201443
0.32868705035971224
0.33318345323741005
0.33767985611510792
0.34217625899280574
0.34667266187050361
0.35116906474820142
0.35566546762589923
0.36016187050359716
0.36465827338129497
0.36915467625899284
0.37365107913669066
0.37814748201438841
0.38264388489208634
0.38714028776978415
0.39163669064748202
0.39613309352517984
0.40062949640287765
0.40512589928057552
0.40962230215827333
0.41411870503597126
0.41861510791366907
0.42311151079136694
0.42760791366906475
0.43210431654676257
0.43660071942446044
0.44109712230215825
0.44559352517985618
0.45008992805755399
0.4545863309352518
0.45908273381294962
0.46357913669064743
0.46807553956834536
0.47257194244604317
0.47706834532374098
0.48156474820143885
0.48606115107913667
0.49055755395683454
0.49505395683453235
0.49955035971223016
0.5
0.5
0.5
0.5
0.5
0.5
0.5
0.5
0.5
0.5
0.5
0.5
0.5
0.5
0.5
0.5
0.5
0.5
0.5
0.5
0.5
0.5
0.5
0.5
0.5
0.5
0.5
0.50044964028776973
0.50494604316546754
0.50944244604316535
0.51393884892086317
0.5184352517985612
0.52293165467625902
0.52742805755395683
0.53192446043165464
0.53642086330935246
0.54091726618705038
0.5454136690647482
0.54991007194244601
0.55440647482014382
0.55890287769784164
0.56339928057553956
0.56789568345323738
0.57239208633093519
0.576888489208633
0.58138489208633082
0.58588129496402874
0.59037769784172656
0.59487410071942448
0.59937050359712218
0.60386690647482011
0.60836330935251803
0.61285971223021585
0.61735611510791366
0.62185251798561147
0.62634892086330929
0.63084532374100721
0.63534172661870503
0.63983812949640284
0.64433453237410065
0.64883093525179847
0.65332733812949639
0.65782374100719421
0.66232014388489202
0.66681654676258983
0.67131294964028765
0.67580935251798557
0.6803057553956835
0.6848021582733812
0.68929856115107913
0.69379496402877694
0.69829136690647486
0.70278776978417268
0.70728417266187049
0.71178057553956831
0.71627697841726612
0.72077338129496404
0.72526978417266186
0.72976618705035967
0.73426258992805749
0.7387589928057553
0.74325539568345333
0.74775179856115104
0.75
0.75
0.75
0.75
0.75
0.75
0.75
0.75
0.75
0.75
0.75
0.75
0.75
0.75
0.75
0.75
0.75
0.75
0.75
0.75
0.75
0.75
0.75
0.75
0.75
0.75
0.75
0.75
0.75
0.75
0.75
0.75
0.75
0.75
0.75
0.75
0.75
0.75
0.75
0.75
0.75
0.75
0.75
0.75
0.75
0.75
0.75
0.25
0.25
0.25
0.25
0.25
0.25
0.25
0.25
0.25
0.25
0.25
0.25
0.25
0.25
0.25
0.25
0.25
0.25
0.25
0.25
0.25
0.25
0.25
0.25
0.25
0.25
0.25
0.25
0.25
0.25
0.25
0.25
0.25
0.25
0.25
0.25
0.25
0.25
0.25
0.25
0.25
0.25
0.25
0.25
0.25
0.25
0.25
0.25
0.25
0.25
0.25
0.25
0.25
0.25
0.25
0.25
0.25
0.25
0.25
0.25
0.25
0.25
0.25
0.25
0.25
0.25
0.25
0.25
0.25
0.25
0.25
0.2544642857142857
0.2589285714285714
0.26339285714285715
0.26785714285714285
0.27232142857142855
0.27678571428571425
0.28125
0.2857142857142857
0.2901785714285714
0.2946428571428571
0.2991071428571429
0.3035714285714286
0.3080357142857143
0.3125
0.3169642857142857
0.32142857142857145
0.32589285714285715
0.33035714285714285
0.33482142857142855
0.3392857142857143
0.34375
0.3482142857142857
0.3526785714285714
0.3571428571428571
0.3616071428571429
0.3660714285714286
0.3705357142857143
0.375
0.3794642857142857
0.3839285714285714
0.3883928571428571
0.39285714285714279
0.3973214285714286
0.4017857142857143
0.40625
0.4107142857142857
0.4151785714285714
0.41964285714285715
0.42410714285714285
0.42857142857142855
0.43303571428571425
0.4375
0.4419642857142857
0.4464285714285714
0.4508928571428571
0.4553571428571429
0.4598214285714286
0.4642857142857143
0.46875
0.4732142857142857
0.47767857142857145
0.48214285714285715
0.48660714285714285
0.49107142857142855
0.4955357142857143
0.5
0.5
0.5
0.5
0.5
0.5
0.5
0.5
0.5
0.5
0.5
0.5
0.5
0.5
0.5
0.5
0.5
0.5
0.5
0.5
0.5
0.5
0.5
0.5
0.5
0.5
0.5
0.5
0.5
0.5044642857142857
0.5089285714285714
0.5133928571428571
0.51785714285714279
0.52232142857142849
0.52678571428571419
0.53124999999999989
0.5357142857142857
0.5401785714285714
0.5446428571428571
0.54910714285714279
0.55357142857142849
0.55803571428571419
0.56249999999999989
0.56696428571428559
0.57142857142857129
0.57589285714285721
0.5803571428571429
0.5848214285714286
0.5892857142857143
0.59375
0.5982142857142857
0.6026785714285714
0.6071428571428571
0.61160714285714279
0.6160714285714286
0.6205357142857143
0.625
0.6294642857142857
0.6339285714285714
0.6383928571428571
0.64285714285714279
0.64732142857142849
0.65178571428571419
0.65625
0.6607142857142857
0.6651785714285714
0.6696428571428571
0.67410714285714279
0.67857142857142849
0.68303571428571419
0.68749999999999989
0.69196428571428581
0.69642857142857151
0.70089285714285721
0.7053571428571429
0.7098214285714286
0.7142857142857143
0.71875
0.7232142857142857
0.7276785714285714
0.73214285714285721
0.7366071428571429
0.7410714285714286
0.7455357142857143
0.75
0.75
0.75
0.75
0.75
0.75
0.75
0.75
0.75
0.75
0.75
0.75
0.75
0.75
0.75
0.75
0.75
0.75
0.75
0.75
0.75
0.75
0.75
0.75
0.75
0.75
0.75
0.75
0.75
0.75
0.75
0.75
0.75
0.75
0.75
0.75
0.75
0.75
0.75
0.75
0.75
0.75
0.75
0.75
0.75
0.75
0.25
0.25
0.25
0.25
0.25
0.25
0.25
0.25
0.25
0.25
0.25
0.25
0.25
0.25
0.25
0.25
0.25
0.25
0.25
0.25
0.25
0.25
0.25
0.25
0.25
0.25
0.25
0.25
0.25
0.25
0.25
0.25
0.25
0.25
0.25
0.25
0.25
0.25
0.25
0.25
0.25
0.25
0.25
0.25
0.25
0.25
0.25
0.25
0.25
0.25
0.25
0.25
0.25
0.25
0.25
0.25
0.25
0.25
0.25
0.25
0.25
0.25
0.25
0.25
0.25
0.25
0.25
0.25
0.25
0.25
0.25
0.25221631205673756
0.25664893617021273
0.2610815602836879
0.26551418439716312
0.26994680851063829
0.27437943262411346
0.27881205673758869
0.28324468085106386
0.28767730496453903
0.2921099290780142
0.29654255319148937
0.30097517730496448
0.30540780141843971
0.30984042553191488
0.31427304964539005
0.31870567375886527
0.32313829787234044
0.32757092198581561
0.33200354609929078
0.33643617021276595
0.34086879432624118
0.34530141843971635
0.34973404255319146
0.35416666666666663
0.35859929078014185
0.36303191489361702
0.36746453900709219
0.37189716312056736
0.37632978723404253
0.38076241134751776
0.38519503546099293
0.3896276595744681
0.39406028368794332
0.39849290780141844
0.40292553191489355
0.40735815602836878
0.41179078014184395
0.41622340425531912
0.42065602836879434
0.42508865248226951
0.42952127659574468
0.43395390070921991
0.43838652482269502
0.44281914893617014
0.44725177304964536
0.45168439716312053
0.4561170212765957
0.46054964539007093
0.4649822695035461
0.46941489361702127
0.47384751773049649
0.47828014184397161
0.48271276595744683
0.487145390070922
0.49157801418439712
0.49601063829787229
0.5
0.5
0.5
0.5
0.5
0.5
0.5
0.5
0.5
0.5
0.5
0.5
0.5
0.5
0.5
0.5
0.5
0.5
0.5
0.5
0.5
0.5
0.5
0.5
0.5
0.5
0.5
0.5
0.5
0.5039893617021276
0.50842198581560272
0.51285460992907805
0.51728723404255317
0.52171985815602839
0.52615248226950351
0.53058510638297873
0.53501773049645385
0.53945035460992896
0.54388297872340419
0.5483156028368793
0.55274822695035464
0.55718085106382975
0.56161347517730498
0.56604609929078009
0.57047872340425532
0.57491134751773043
0.57934397163120566
0.58377659574468077
0.58820921985815589
0.59264184397163122
0.59707446808510634
0.60150709219858156
0.60593971631205668
0.6103723404255319
0.61480496453900702
0.61923758865248235
0.62367021276595747
0.62810283687943269
0.63253546099290781
0.63696808510638292
0.64140070921985815
0.64583333333333326
0.65026595744680848
0.6546985815602836
0.65913120567375882
0.66356382978723394
0.66799645390070927
0.67242907801418439
0.67686170212765961
0.68129432624113473
0.68572695035460984
0.69015957446808507
0.69459219858156018
0.69902482269503552
0.70345744680851063
0.70789007092198586
0.71232269503546097
0.7167553191489362
0.72118794326241131
0.72562056737588665
0.73005319148936176
0.73448581560283688
0.7389184397163121
0.74335106382978722
0.74778368794326244
0.75
0.75
0.75
0.75
0.75
0.75
0.75
0.75
0.75
0.75
0.75
0.75
0.75
0.75
0.75
0.75
0.75
0.75
0.75
0.75
0.75
0.75
0.75
0.75
0.75
0.75
0.75
0.75
0.75
0.75
0.75
0.75
0.75
0.75
0.75
0.75
0.75
0.75
0.75
0.75
0.75
0.75
0.75
0.75
0.25
0.25
0.25
0.25
0.25
0.25
0.25
0.25
0.25
0.25
0.25
0.25
0.25
0.25
0.25
0.25
0.25
0.25
0.25
0.25
0.25
0.25
0.25
0.25
0.25
0.25
0.25
0.25
0.25
0.25
0.25
0.25
0.25
0.25
0.25
0.25
0.25
0.25
0.25
0.25
0.25
0.25
0.25
0.25
0.25
0.25
0.25
0.25
0.25
0.25
0.25
0.25
0.25
0.25
0.25
0.25
0.25
0.25
0.25
0.25
0.25
0.25
0.25
0.25
0.25
0.25
0.25
0.25
0.25
0.25
0.25
0.25
0.25440140845070425
0.25880281690140844
0.26320422535211263
0.26760563380281688
0.27200704225352113
0.27640845070422537
0.28080985915492962
0.28521126760563381
0.28961267605633806
0.29401408450704225
0.2984154929577465
0.30281690140845069
0.30721830985915494
0.31161971830985913
0.31602112676056338
0.32042253521126757
0.32482394366197181
0.32922535211267612
0.33362676056338031
0.3380281690140845
0.34242957746478875
0.346830985915493
0.35123239436619719
0.35563380281690138
0.36003521126760563
0.36443661971830987
0.36883802816901406
0.37323943661971826
0.3776408450704225
0.38204225352112675
0.386443661971831
0.39084507042253525
0.39524647887323944
0.39964788732394363
0.40404929577464788
0.40845070422535212
0.41285211267605632
0.41725352112676051
0.42165492957746475
0.426056338028169
0.43045774647887319
0.4348591549295775
0.43926056338028174
0.44366197183098594
0.44806338028169013
0.45246478873239437
0.45686619718309862
0.46126760563380281
0.465669014084507
0.47007042253521125
0.4744718309859155
0.47887323943661969
0.48327464788732388
0.48767605633802819
0.49207746478873238
0.49647887323943662
0.5
0.5
0.5
0.5
0.5
0.5
0.5
0.5
0.5
0.5
0.5
0.5
0.5
0.5
0.5
0.5
0.5
0.5
0.5
0.5
0.5
0.5
0.5
0.5
0.5
0.5
0.5
0.5
0.5
0.50352112676056338
0.50792253521126762
0.51232394366197187
0.51672535211267601
0.52112676056338025
0.5255281690140845
0.52992957746478875
0.53433098591549288
0.53873239436619713
0.54313380281690138
0.54753521126760563
0.55193661971830976
0.55633802816901401
0.56073943661971826
0.5651408450704225
0.56954225352112664
0.57394366197183089
0.57834507042253513
0.58274647887323938
0.58714788732394352
0.59154929577464777
0.59595070422535212
0.60035211267605637
0.60475352112676062
0.60915492957746475
0.613556338028169
0.61795774647887325
0.6223591549295775
0.62676056338028174
0.63116197183098588
0.63556338028169013
0.63996478873239437
0.64436619718309851
0.64876760563380276
0.653169014084507
0.65757042253521125
0.6619718309859155
0.66637323943661964
0.67077464788732388
0.67517605633802813
0.67957746478873227
0.68397887323943651
0.68838028169014076
0.69278169014084501
0.69718309859154926
0.70158450704225361
0.70598591549295775
0.710387323943662
0.71478873239436624
0.71919014084507049
0.72359154929577474
0.72799295774647887
0.73239436619718312
0.73679577464788737
0.74119718309859151
0.74559859154929575
0.75
0.75
0.75
0.75
0.75
0.75
0.75
0.75
0.75
0.75
0.75
0.75
0.75
0.75
0.75
0.75
0.75
0.75
0.75
0.75
0.75
0.75
0.75
0.75
0.75
0.75
0.75
0.75
0.75
0.75
0.75
0.75
0.75
0.75
0.75
0.75
0.75
0.75
0.75
0.75
0.75
0.75
0.75
0.25
0.25
0.25
0.25
0.25
0.25
0.25
0.25
0.25
0.25
0.25
0.25
0.25
0.25
0.25
0.25
0.25
0.25
0.25
0.25
0.25
0.25
0.25
0.25
0.25
0.25
0.25
0.25
0.25
0.25
0.25
0.25
0.25
0.25
0.25
0.25
0.25
0.25
0.25
0.25
0.25
0.25
0.25
0.25
0.25
0.25
0.25
0.25
0.25
0.25
0.25
0.25
0.25
0.25
0.25
0.25
0.25
0.25
0.25
0.25
0.25
0.25
0.25
0.25
0.25
0.25
0.25
0.25
0.25
0.25
0.25
0.25
0.25218531468531469
0.25655594405594406
0.26092657342657344
0.26529720279720281
0.26966783216783219
0.27403846153846151
0.27840909090909088
0.28277972027972026
0.28715034965034969
0.29152097902097907
0.29589160839160839
0.30026223776223776
0.30463286713286714
0.30900349650349646
0.31337412587412583
0.31774475524475526
0.32211538461538464
0.32648601398601401
0.33085664335664333
0.33522727272727271
0.33959790209790208
0.34396853146853146
0.34833916083916083
0.35270979020979021
0.35708041958041958
0.36145104895104896
0.36582167832167833
0.37019230769230771
0.37456293706293703
0.3789335664335664
0.38330419580419584
0.38767482517482521
0.39204545454545459
0.39641608391608391
0.40078671328671328
0.4051573426573426
0.40952797202797198
0.41389860139860135
0.41826923076923078
0.42263986013986016
0.42701048951048948
0.43138111888111885
0.43575174825174823
0.4401223776223776
0.44449300699300698
0.44886363636363635
0.45323426573426573
0.4576048951048951
0.46197552447552448
0.46634615384615385
0.47071678321678323
0.47508741258741255
0.47945804195804193
0.48382867132867136
0.48819930069930073
0.49256993006993011
0.49694055944055943
0.5
0.5
0.5
0.5
0.5
0.5
0.5
0.5
0.5
0.5
0.5
0.5
0.5
0.5
0.5
0.5
0.5
0.5
0.5
0.5
0.5
0.5
0.5
0.5
0.5
0.5
0.5
0.5
0.5
0.50305944055944041
0.50743006993006989
0.51180069930069927
0.51617132867132864
0.52054195804195802
0.52491258741258728
0.52928321678321677
0.53365384615384603
0.53802447552447552
0.5423951048951049
0.54676573426573416
0.55113636363636365
0.55550699300699291
0.5598776223776224
0.56424825174825166
0.56861888111888104
0.57298951048951052
0.57736013986013979
0.58173076923076927
0.58610139860139854
0.59047202797202791
0.59484265734265729
0.59921328671328666
0.60358391608391615
0.60795454545454541
0.61232517482517479
0.61669580419580416
0.62106643356643354
0.62543706293706292
0.62980769230769229
0.63417832167832155
0.63854895104895104
0.64291958041958042
0.64729020979020979
0.65166083916083917
0.65603146853146843
0.66040209790209792
0.66477272727272718
0.66914335664335667
0.67351398601398604
0.67788461538461531
0.68225524475524479
0.68662587412587406
0.69099650349650354
0.69536713286713281
0.6997377622377623
0.70410839160839167
0.70847902097902093
0.71284965034965042
0.71722027972027969
0.72159090909090917
0.72596153846153844
0.73033216783216781
0.7347027972027973
0.73907342657342656
0.74344405594405605
0.74781468531468531
0.75
0.75
0.75
0.75
0.75
0.75
0.75
0.75
0.75
0.75
0.75
0.75
0.75
0.75
0.75
0.75
0.75
0.75
0.75
0.75
0.75
0.75
0.75
0.75
0.75
0.75
0.75
0.75
0.75
0.75
0.75
0.75
0.75
0.75
0.75
0.75
0.75
0.75
0.75
0.75
0.75
0.25
0.25
0.25
0.25
0.25
0.25
0.25
0.25
0.25
0.25
0.25
0.25
0.25
0.25
0.25
0.25
0.25
0.25
0.25
0.25
0.25
0.25
0.25
0.25
0.25
0.25
0.25
0.25
0.25
0.25
0.25
0.25
0.25
0.25
0.25
0.25
0.25
0.25
0.25
0.25
0.25
0.25
0.25
0.25
0.25
0.25
0.25
0.25
0.25
0.25
0.25
0.25
0.25
0.25
0.25
0.25
0.25
0.25
0.25
0.25
0.25
0.25
0.25
0.25
0.25
0.25
0.25
0.25
0.25
0.25
0.25
0.25
0.25
0.25434027777777779
0.25868055555555552
0.26302083333333337
0.2673611111111111
0.2717013888888889
0.27604166666666663
0.28038194444444448
0.28472222222222221
0.2890625
0.29340277777777779
0.29774305555555552
0.30208333333333337
0.3064236111111111
0.3107638888888889
0.31510416666666663
0.31944444444444448
0.32378472222222221
0.328125
0.33246527777777779
0.33680555555555552
0.34114583333333337
0.3454861111111111
0.3498263888888889
0.35416666666666663
0.35850694444444448
0.36284722222222221
0.3671875
0.37152777777777779
0.37586805555555552
0.38020833333333337
0.3845486111111111
0.38888888888888884
0.39322916666666663
0.39756944444444448
0.40190972222222221
0.40625
0.41059027777777779
0.41493055555555552
0.41927083333333337
0.4236111111111111
0.42795138888888884
0.43229166666666663
0.43663194444444448
0.44097222222222221
0.4453125
0.44965277777777779
0.45399305555555552
0.45833333333333337
0.4626736111111111
0.46701388888888884
0.47135416666666663
0.47569444444444448
0.48003472222222221
0.484375
0.48871527777777779
0.49305555555555552
0.49739583333333337
0.5
0.5
0.5
0.5
0.5
0.5
0.5
0.5
0.5
0.5
0.5
0.5
0.5
0.5
0.5
0.5
0.5
0.5
0.5
0.5
0.5
0.5
0.5
0.5
0.5
0.5
0.5
0.5
0.5
0.50260416666666663
0.50694444444444442
0.51128472222222221
0.515625
0.51996527777777768
0.52430555555555547
0.52864583333333326
0.53298611111111105
0.53732638888888895
0.54166666666666663
0.54600694444444442
0.55034722222222221
0.5546875
0.55902777777777768
0.56336805555555547
0.56770833333333326
0.57204861111111105
0.57638888888888895
0.58072916666666663
0.58506944444444442
0.58940972222222221
0.59375
0.59809027777777768
0.60243055555555547
0.60677083333333326
0.61111111111111105
0.61545138888888895
0.61979166666666674
0.62413194444444442
0.62847222222222221
0.6328125
0.63715277777777768
0.64149305555555547
0.64583333333333326
0.65017361111111105
0.65451388888888895
0.65885416666666674
0.66319444444444442
0.66753472222222221
0.671875
0.67621527777777768
0.68055555555555547
0.68489583333333326
0.68923611111111105
0.69357638888888895
0.69791666666666674
0.70225694444444442
0.70659722222222221
0.7109375
0.71527777777777779
0.71961805555555558
0.72395833333333326
0.72829861111111105
0.73263888888888895
0.73697916666666674
0.74131944444444442
0.74565972222222221
0.75
0.75
0.75
0.75
0.75
0.75
0.75
0.75
0.75
0.75
0.75
0.75
0.75
0.75
0.75
0.75
0.75
0.75
0.75
0.75
0.75
0.75
0.75
0.75
0.75
0.75
0.75
0.75
0.75
0.75
0.75
0.75
0.75
0.75
0.75
0.75
0.75
0.75
0.75
0.75
0.25
0.25
0.25
0.25
0.25
0.25
0.25
0.25
0.25
0.25
0.25
0.25
0.25
0.25
0.25
0.25
0.25
0.25
0.25
0.25
0.25
0.25
0.25
0.25
0.25
0.25
0.25
0.25
0.25
0.25
0.25
0.25
0.25
0.25
0.25
0.25
0.25
0.25
0.25
0.25
0.25
0.25
0.25
0.25
0.25
0.25
0.25
0.25
0.25
0.25
0.25
0.25
0.25
0.25
0.25
0.25
0.25
0.25
0.25
0.25
0.25
0.25
0.25
0.25
0.25
0.25
0.25
0.25
0.25
0.25
0.25
0.25
0.25
0.25215517241379309
0.25646551724137934
0.26077586206896552
0.26508620689655177
0.2693965517241379
0.27370689655172409
0.27801724137931033
0.28232758620689657
0.28663793103448276
0.29094827586206895
0.29525862068965519
0.29956896551724144
0.30387931034482757
0.30818965517241376
0.3125
0.31681034482758619
0.32112068965517243
0.32543103448275862
0.32974137931034486
0.33405172413793105
0.33836206896551724
0.34267241379310343
0.34698275862068961
0.35129310344827586
0.3556034482758621
0.35991379310344829
0.36422413793103448
0.36853448275862072
0.37284482758620685
0.37715517241379304
0.38146551724137928
0.38577586206896552
0.39008620689655171
0.3943965517241379
0.39870689655172414
0.40301724137931039
0.40732758620689652
0.41163793103448276
0.41594827586206895
0.42025862068965514
0.42456896551724138
0.42887931034482762
0.43318965517241381
0.4375
0.44181034482758619
0.44612068965517238
0.45043103448275856
0.45474137931034481
0.45905172413793105
0.46336206896551724
0.46767241379310343
0.47198275862068967
0.4762931034482758
0.48060344827586204
0.48491379310344829
0.48922413793103448
0.49353448275862066
0.49784482758620691
0.5
0.5
0.5
0.5
0.5
0.5
0.5
0.5
0.5
0.5
0.5
0.5
0.5
0.5
0.5
0.5
0.5
0.5
0.5
0.5
0.5
0.5
0.5
0.5
0.5
0.5
0.5
0.5
0.5
0.50215517241379304
0.50646551724137923
0.51077586206896552
0.51508620689655171
0.5193965517241379
0.52370689655172409
0.52801724137931039
0.53232758620689657
0.53663793103448276
0.54094827586206895
0.54525862068965503
0.54956896551724133
0.55387931034482751
0.5581896551724137
0.56249999999999989
0.56681034482758619
0.57112068965517238
0.57543103448275856
0.57974137931034475
0.58405172413793105
0.58836206896551724
0.59267241379310343
0.59698275862068972
0.60129310344827591
0.6056034482758621
0.60991379310344829
0.61422413793103436
0.61853448275862055
0.62284482758620685
0.62715517241379304
0.63146551724137923
0.63577586206896552
0.64008620689655171
0.6443965517241379
0.64870689655172409
0.65301724137931028
0.65732758620689657
0.66163793103448276
0.66594827586206895
0.67025862068965525
0.67456896551724144
0.67887931034482762
0.6831896551724137
0.68749999999999989
0.69181034482758619
0.69612068965517238
0.70043103448275856
0.70474137931034475
0.70905172413793105
0.71336206896551724
0.71767241379310343
0.72198275862068972
0.72629310344827591
0.7306034482758621
0.73491379310344829
0.73922413793103448
0.74353448275862077
0.74784482758620696
0.75
0.75
0.75
0.75
0.75
0.75
0.75
0.75
0.75
0.75
0.75
0.75
0.75
0.75
0.75
0.75
0.75
0.75
0.75
0.75
0.75
0.75
0.75
0.75
0.75
0.75
0.75
0.75
0.75
0.75
0.75
0.75
0.75
0.75
0.75
0.75
0.75
0.75
0.25
0.25
0.25
0.25
0.25
0.25
0.25
0.25
0.25
0.25
0.25
0.25
0.25
0.25
0.25
0.25
0.25
0.25
0.25
0.25
0.25
0.25
0.25
0.25
0.25
0.25
0.25
0.25
0.25
0.25
0.25
0.25
0.25
0.25
0.25
0.25
0.25
0.25
0.25
0.25
0.25
0.25
0.25
0.25
0.25
0.25
0.25
0.25
0.25
0.25
0.25
0.25
0.25
0.25
0.25
0.25
0.25
0.25
0.25
0.25
0.25
0.25
0.25
0.25
0.25
0.25
0.25
0.25
0.25
0.25
0.25
0.25
0.25
0.25
0.25428082191780821
0.25856164383561647
0.26284246575342463
0.26712328767123289
0.2714041095890411
0.27568493150684936
0.27996575342465752
0.28424657534246578
0.28852739726027399
0.2928082191780822
0.2970890410958904
0.30136986301369861
0.30565068493150688
0.30993150684931509
0.31421232876712324
0.3184931506849315
0.32277397260273977
0.32705479452054798
0.33133561643835613
0.33561643835616439
0.3398972602739726
0.34417808219178087
0.34845890410958902
0.35273972602739723
0.35702054794520549
0.36130136986301375
0.36558219178082191
0.36986301369863012
0.37414383561643838
0.37842465753424659
0.3827054794520548
0.38698630136986301
0.39126712328767121
0.39554794520547948
0.39982876712328763
0.40410958904109584
0.4083904109589041
0.41267123287671237
0.41695205479452052
0.42123287671232879
0.42551369863013699
0.4297945205479452
0.43407534246575341
0.43835616438356162
0.44263698630136983
0.44691780821917809
0.45119863013698625
0.45547945205479451
0.45976027397260277
0.46404109589041098
0.46832191780821913
0.4726027397260274
0.47688356164383561
0.48116438356164382
0.48544520547945202
0.48972602739726023
0.4940068493150685
0.49828767123287676
0.5
0.5
0.5
0.5
0.5
0.5
0.5
0.5
0.5
0.5
0.5
0.5
0.5
0.5
0.5
0.5
0.5
0.5
0.5
0.5
0.5
0.5
0.5
0.5
0.5
0.5
0.5
0.5
0.5
0.50171232876712324
0.50599315068493145
0.51027397260273966
0.51455479452054798
0.51883561643835618
0.52311643835616439
0.52739726027397249
0.5316780821917807
0.53595890410958902
0.54023972602739723
0.54452054794520544
0.54880136986301364
0.55308219178082196
0.55736301369863017
0.56164383561643827
0.56592465753424648
0.57020547945205469
0.57448630136986301
0.57876712328767121
0.58304794520547942
0.58732876712328763
0.59160958904109595
0.59589041095890405
0.60017123287671226
0.60445205479452047
0.60873287671232879
0.61301369863013699
0.6172945205479452
0.62157534246575341
0.62585616438356162
0.63013698630136972
0.63441780821917804
0.63869863013698625
0.64297945205479445
0.64726027397260277
0.65154109589041098
0.65582191780821919
0.6601027397260274
0.6643835616438355
0.6686643835616437
0.67294520547945202
0.67722602739726023
0.68150684931506844
0.68578767123287676
0.69006849315068497
0.69434931506849318
0.69863013698630128
0.7029109589041096
0.7071917808219178
0.71147260273972601
0.71575342465753422
0.72003424657534243
0.72431506849315075
0.72859589041095896
0.73287671232876705
0.73715753424657526
0.74143835616438358
0.74571917808219179
0.75
0.75
0.75
0.75
0.75
0.75
0.75
0.75
0.75
0.75
0.75
0.75
0.75
0.75
0.75
0.75
0.75
0.75
0.75
0.75
0.75
0.75
0.75
0.75
0.75
0.75
0.75
0.75
0.75
0.75
0.75
0.75
0.75
0.75
0.75
0.75
0.75
0.25
0.25
0.25
0.25
0.25
0.25
0.25
0.25
0.25
0.25
0.25
0.25
0.25
0.25
0.25
0.25
0.25
0.25
0.25
0.25
0.25
0.25
0.25
0.25
0.25
0.25
0.25
0.25
0.25
0.25
0.25
0.25
0.25
0.25
0.25
0.25
0.25
0.25
0.25
0.25
0.25
0.25
0.25
0.25
0.25
0.25
0.25
0.25
0.25
0.25
0.25
0.25
0.25
0.25
0.25
0.25
0.25
0.25
0.25
0.25
0.25
0.25
0.25
0.25
0.25
0.25
0.25
0.25
0.25
0.25
0.25
0.25
0.25
0.25
0.25212585034013607
0.25637755102040816
0.2606292517006803
0.26488095238095238
0.26913265306122452
0.27338435374149661
0.27763605442176875
0.28188775510204078
0.28613945578231292
0.29039115646258501
0.2946428571428571
0.29889455782312924
0.30314625850340138
0.30739795918367346
0.31164965986394555
0.31590136054421769
0.32015306122448983
0.32440476190476192
0.328656462585034
0.33290816326530615
0.33715986394557829
0.34141156462585037
0.3456632653061224
0.34991496598639454
0.35416666666666663
0.35841836734693877
0.36267006802721086
0.366921768707483
0.37117346938775508
0.37542517006802723
0.37967687074829931
0.3839285714285714
0.38818027210884354
0.39243197278911568
0.39668367346938777
0.40093537414965985
0.40518707482993199
0.40943877551020402
0.41369047619047616
0.41794217687074831
0.42219387755102039
0.42644557823129248
0.43069727891156462
0.43494897959183676
0.43920068027210885
0.44345238095238093
0.44770408163265307
0.45195578231292521
0.4562074829931973
0.46045918367346939
0.46471088435374153
0.46896258503401356
0.4732142857142857
0.47746598639455778
0.48171768707482987
0.48596938775510201
0.49022108843537415
0.49447278911564624
0.49872448979591832
0.5
0.5
0.5
0.5
0.5
0.5
0.5
0.5
0.5
0.5
0.5
0.5
0.5
0.5
0.5
0.5
0.5
0.5
0.5
0.5
0.5
0.5
0.5
0.5
0.5
0.5
0.5
0.5
0.5
0.50127551020408156
0.50552721088435359
0.50977891156462574
0.51403061224489788
0.51828231292517002
0.52253401360544205
0.52678571428571419
0.53103741496598633
0.53528911564625847
0.5395408163265305
0.54379251700680264
0.54804421768707479
0.55229591836734693
0.55654761904761896
0.5607993197278911
0.56505102040816324
0.56930272108843538
0.57355442176870741
0.57780612244897955
0.58205782312925169
0.58630952380952384
0.59056122448979587
0.59481292517006801
0.59906462585034015
0.60331632653061229
0.60756802721088432
0.61181972789115646
0.6160714285714286
0.62032312925170074
0.62457482993197289
0.62882653061224481
0.63307823129251695
0.63732993197278898
0.64158163265306112
0.64583333333333326
0.6500850340136054
0.65433673469387754
0.65858843537414957
0.66284013605442171
0.66709183673469385
0.67134353741496589
0.67559523809523803
0.67984693877551017
0.68409863945578231
0.68835034013605445
0.69260204081632648
0.69685374149659862
0.70110544217687076
0.7053571428571429
0.70960884353741505
0.71386054421768708
0.71811224489795922
0.72236394557823136
0.72661564625850339
0.73086734693877553
0.73511904761904767
0.73937074829931981
0.74362244897959195
0.74787414965986398
0.75
0.75
0.75
0.75
0.75
0.75
0.75
0.75
0.75
0.75
0.75
0.75
0.75
0.75
0.75
0.75
0.75
0.75
0.75
0.75
0.75
0.75
0.75
0.75
0.75
0.75
0.75
0.75
0.75
0.75
0.75
0.75
0.75
0.75
0.75
0.25
0.25
0.25
0.25
0.25
0.25
0.25
0.25
0.25
0.25
0.25
0.25
0.25
0.25
0.25
0.25
0.25
0.25
0.25
0.25
0.25
0.25
0.25
0.25
0.25
0.25
0.25
0.25
0.25
0.25
0.25
0.25
0.25
0.25
0.25
0.25
0.25
0.25
0.25
0.25
0.25
0.25
0.25
0.25
0.25
0.25
0.25
0.25
0.25
0.25
0.25
0.25
0.25
0.25
0.25
0.25
0.25
0.25
0.25
0.25
0.25
0.25
0.25
0.25
0.25
0.25
0.25
0.25
0.25
0.25
0.25
0.25
0.25
0.25
0.25
0.25422297297297303
0.25844594594594594
0.26266891891891891
0.26689189189189189
0.27111486486486486
0.27533783783783783
0.2795608108108108
0.28378378378378377
0.2880067567567568
0.29222972972972971
0.29645270270270274
0.30067567567567566
0.30489864864864863
0.30912162162162166
0.31334459459459457
0.31756756756756754
0.32179054054054057
0.32601351351351349
0.33023648648648651
0.33445945945945943
0.33868243243243246
0.34290540540540543
0.34712837837837834
0.35135135135135137
0.35557432432432434
0.35979729729729726
0.36402027027027029
0.3682432432432432
0.37246621621621623
0.3766891891891892
0.38091216216216217
0.38513513513513514
0.38935810810810811
0.39358108108108103
0.39780405405405406
0.40202702702702697
0.40625
0.41047297297297303
0.41469594594594594
0.41891891891891891
0.42314189189189189
0.42736486486486486
0.43158783783783783
0.43581081081081074
0.44003378378378377
0.4442567567567568
0.44847972972972971
0.45270270270270274
0.45692567567567566
0.46114864864864863
0.4653716216216216
0.46959459459459457
0.47381756756756754
0.47804054054054057
0.48226351351351349
0.48648648648648651
0.49070945945945943
0.49493243243243246
0.49915540540540543
0.5
0.5
0.5
0.5
0.5
0.5
0.5
0.5
0.5
0.5
0.5
0.5
0.5
0.5
0.5
0.5
0.5
0.5
0.5
0.5
0.5
0.5
0.5
0.5
0.5
0.5
0.5
0.5
0.5
0.50084459459459452
0.50506756756756754
0.50929054054054057
0.51351351351351349
0.5177364864864864
0.52195945945945943
0.52618243243243235
0.53040540540540537
0.5346283783783784
0.5388513513513512
0.54307432432432423
0.54729729729729726
0.55152027027027029
0.5557432432432432
0.55996621621621623
0.56418918918918914
0.56841216216216206
0.57263513513513509
0.57685810810810811
0.58108108108108114
0.58530405405405395
0.58952702702702697
0.59375
0.59797297297297303
0.60219594594594594
0.60641891891891886
0.61064189189189189
0.6148648648648648
0.61908783783783783
0.62331081081081086
0.62753378378378366
0.63175675675675669
0.63597972972972971
0.64020270270270263
0.64442567567567566
0.64864864864864868
0.65287162162162149
0.65709459459459452
0.66131756756756754
0.66554054054054057
0.6697635135135136
0.6739864864864864
0.67820945945945943
0.68243243243243246
0.68665540540540537
0.6908783783783784
0.69510135135135132
0.69932432432432434
0.70354729729729726
0.70777027027027029
0.71199324324324331
0.71621621621621623
0.72043918918918914
0.72466216216216217
0.72888513513513509
0.73310810810810811
0.73733108108108114
0.74155405405405395
0.74577702702702697
0.75
0.75
0.75
0.75
0.75
0.75
0.75
0.75
0.75
0.75
0.75
0.75
0.75
0.75
0.75
0.75
0.75
0.75
0.75
0.75
0.75
0.75
0.75
0.75
0.75
0.75
0.75
0.75
0.75
0.75
0.75
0.75
0.75
0.75
0.25
0.25
0.25
0.25
0.25
0.25
0.25
0.25
0.25
0.25
0.25
0.25
0.25
0.25
0.25
0.25
0.25
0.25
0.25
0.25
0.25
0.25
0.25
0.25
0.25
0.25
0.25
0.25
0.25
0.25
0.25
0.25
0.25
0.25
0.25
0.25
0.25
0.25
0.25
0.25
0.25
0.25
0.25
0.25
0.25
0.25
0.25
0.25
0.25
0.25
0.25
0.25
0.25
0.25
0.25
0.25
0.25
0.25
0.25
0.25
0.25
0.25
0.25
0.25
0.25
0.25
0.25
0.25
0.25
0.25
0.25
0.25
0.25
0.25
0.25
0.25209731543624164
0.25629194630872487
0.26048657718120805
0.26468120805369127
0.2688758389261745
0.27307046979865773
0.27726510067114096
0.28145973154362414
0.28565436241610737
0.2898489932885906
0.29404362416107377
0.29823825503355705
0.30243288590604028
0.30662751677852351
0.31082214765100674
0.31501677852348997
0.31921140939597314
0.32340604026845637
0.3276006711409396
0.33179530201342278
0.33598993288590601
0.34018456375838924
0.34437919463087246
0.34857382550335575
0.35276845637583898
0.35696308724832215
0.36115771812080538
0.36535234899328861
0.36954697986577179
0.37374161073825501
0.37793624161073824
0.38213087248322142
0.3863255033557047
0.39052013422818788
0.39471476510067116
0.39890939597315439
0.40310402684563762
0.40729865771812079
0.41149328859060402
0.41568791946308725
0.41988255033557043
0.42407718120805371
0.42827181208053688
0.43246644295302011
0.43666107382550334
0.44085570469798652
0.4450503355704698
0.44924496644295303
0.45343959731543626
0.45763422818791943
0.46182885906040272
0.46602348993288589
0.47021812080536912
0.47441275167785235
0.47860738255033553
0.48280201342281875
0.48699664429530198
0.49119127516778527
0.49538590604026844
0.49958053691275173
0.5
0.5
0.5
0.5
0.5
0.5
0.5
0.5
0.5
0.5
0.5
0.5
0.5
0.5
0.5
0.5
0.5
0.5
0.5
0.5
0.5
0.5
0.5
0.5
0.5
0.5
0.5
0.5
0.5
0.50041946308724827
0.50461409395973156
0.50880872483221473
0.51300335570469802
0.51719798657718108
0.52139261744966436
0.52558724832214754
0.52978187919463082
0.53397651006711411
0.53817114093959728
0.54236577181208057
0.54656040268456374
0.55075503355704702
0.55494966442953009
0.55914429530201337
0.56333892617449655
0.56753355704697983
0.571728187919463
0.57592281879194629
0.58011744966442946
0.58431208053691275
0.58850671140939603
0.5927013422818791
0.59689597315436238
0.60109060402684555
0.60528523489932884
0.60947986577181201
0.6136744966442953
0.61786912751677847
0.62206375838926176
0.62625838926174482
0.63045302013422821
0.63464765100671139
0.63884228187919456
0.64303691275167785
0.64723154362416102
0.65142617449664431
0.65562080536912748
0.65981543624161076
0.66401006711409383
0.66820469798657722
0.67239932885906029
0.67659395973154357
0.68078859060402686
0.68498322147651003
0.68917785234899331
0.69337248322147649
0.69756711409395977
0.70176174496644295
0.70595637583892623
0.7101510067114094
0.71434563758389258
0.71854026845637575
0.72273489932885904
0.72692953020134232
0.7311241610738255
0.73531879194630878
0.73951342281879195
0.74370805369127524
0.74790268456375841
0.75
0.75
0.75
0.75
0.75
0.75
0.75
0.75
0.75
0.75
0.75
0.75
0.75
0.75
0.75
0.75
0.75
0.75
0.75
0.75
0.75
0.75
0.75
0.75
0.75
0.75
0.75
0.75
0.75
0.75
0.75
0.75
0.25
0.25
0.25
0.25
0.25
0.25
0.25
0.25
0.25
0.25
0.25
0.25
0.25
0.25
0.25
0.25
0.25
0.25
0.25
0.25
0.25
0.25
0.25
0.25
0.25
0.25
0.25
0.25
0.25
0.25
0.25
0.25
0.25
0.25
0.25
0.25
0.25
0.25
0.25
0.25
0.25
0.25
0.25
0.25
0.25
0.25
0.25
0.25
0.25
0.25
0.25
0.25
0.25
0.25
0.25
0.25
0.25
0.25
0.25
0.25
0.25
0.25
0.25
0.25
0.25
0.25
0.25
0.25
0.25
0.25
0.25
0.25
0.25
0.25
0.25
0.25
0.25416666666666671
0.2583333333333333
0.26250000000000001
0.26666666666666661
0.27083333333333331
0.27500000000000002
0.27916666666666667
0.28333333333333333
0.28750000000000003
0.29166666666666663
0.29583333333333334
0.29999999999999999
0.3041666666666667
0.30833333333333335
0.3125
0.31666666666666665
0.3208333333333333
0.32500000000000001
0.32916666666666672
0.33333333333333331
0.33750000000000002
0.34166666666666662
0.34583333333333333
0.35000000000000003
0.35416666666666663
0.35833333333333334
0.36250000000000004
0.36666666666666664
0.37083333333333335
0.375
0.37916666666666665
0.38333333333333336
0.38749999999999996
0.39166666666666666
0.39583333333333326
0.40000000000000002
0.40416666666666667
0.40833333333333333
0.41249999999999998
0.41666666666666669
0.42083333333333328
0.42500000000000004
0.42916666666666664
0.43333333333333335
0.4375
0.44166666666666665
0.4458333333333333
0.44999999999999996
0.45416666666666666
0.45833333333333337
0.46249999999999997
0.46666666666666667
0.47083333333333333
0.47499999999999998
0.47916666666666669
0.48333333333333328
0.48749999999999999
0.4916666666666667
0.49583333333333335
0.5
0.5
0.5
0.5
0.5
0.5
0.5
0.5
0.5
0.5
0.5
0.5
0.5
0.5
0.5
0.5
0.5
0.5
0.5
0.5
0.5
0.5
0.5
0.5
0.5
0.5
0.5
0.5
0.5
0.5
0.5
0.50416666666666665
0.5083333333333333
0.51250000000000007
0.51666666666666661
0.52083333333333326
0.52499999999999991
0.52916666666666667
0.53333333333333333
0.53749999999999987
0.54166666666666663
0.54583333333333328
0.54999999999999993
0.5541666666666667
0.55833333333333335
0.56249999999999989
0.56666666666666665
0.5708333333333333
0.57499999999999996
0.57916666666666661
0.58333333333333337
0.58749999999999991
0.59166666666666656
0.59583333333333333
0.59999999999999998
0.60416666666666663
0.60833333333333339
0.61250000000000004
0.61666666666666659
0.62083333333333324
0.625
0.62916666666666665
0.6333333333333333
0.63749999999999996
0.64166666666666661
0.64583333333333326
0.65000000000000002
0.65416666666666667
0.65833333333333321
0.66250000000000009
0.66666666666666663
0.67083333333333328
0.67499999999999993
0.6791666666666667
0.68333333333333335
0.68749999999999989
0.69166666666666665
0.6958333333333333
0.69999999999999996
0.70416666666666672
0.70833333333333337
0.71249999999999991
0.71666666666666679
0.72083333333333333
0.72499999999999998
0.72916666666666663
0.73333333333333339
0.73750000000000004
0.74166666666666659
0.74583333333333335
0.75
0.75
0.75
0.75
0.75
0.75
0.75
0.75
0.75
0.75
0.75
0.75
0.75
0.75
0.75
0.75
0.75
0.75
0.75
0.75
0.75
0.75
0.75
0.75
0.75
0.75
0.75
0.75
0.75
0.75
0.75
0.25
0.25
0.25
0.25
0.25
0.25
0.25
0.25
0.25
0.25
0.25
0.25
0.25
0.25
0.25
0.25
0.25
0.25
0.25
0.25
0.25
0.25
0.25
0.25
0.25
0.25
0.25
0.25
0.25
0.25
0.25
0.25
0.25
0.25
0.25
0.25
0.25
0.25
0.25
0.25
0.25
0.25
0.25
0.25
0.25
0.25
0.25
0.25
0.25
0.25
0.25
0.25
0.25
0.25
0.25
0.25
0.25
0.25
0.25
0.25
0.25
0.25
0.25
0.25
0.25
0.25
0.25
0.25
0.25
0.25
0.25
0.25
0.25
0.25
0.25
0.25
0.25206953642384106
0.25620860927152322
0.26034768211920528
0.26448675496688745
0.26862582781456956
0.27276490066225162
0.27690397350993379
0.2810430463576159
0.28518211920529801
0.28932119205298013
0.29346026490066224
0.29759933774834435
0.30173841059602646
0.30587748344370863
0.31001655629139074
0.3141556291390728
0.31829470198675497
0.32243377483443714
0.32657284768211919
0.33071192052980131
0.33485099337748347
0.33899006622516553
0.3431291390728477
0.34726821192052981
0.35140728476821192
0.35554635761589404
0.35968543046357615
0.36382450331125832
0.36796357615894038
0.37210264900662249
0.37624172185430466
0.38038079470198671
0.38451986754966883
0.38865894039735099
0.39279801324503305
0.39693708609271522
0.40107615894039739
0.4052152317880795
0.40935430463576156
0.41349337748344372
0.41763245033112584
0.42177152317880795
0.42591059602649006
0.43004966887417218
0.43418874172185429
0.4383278145695364
0.44246688741721851
0.44660596026490068
0.45074503311258274
0.45488410596026491
0.45902317880794707
0.46316225165562908
0.46730132450331124
0.47144039735099341
0.47557947019867547
0.47971854304635764
0.48385761589403975
0.48799668874172181
0.49213576158940397
0.49627483443708609
0.5
0.5
0.5
0.5
0.5
0.5
0.5
0.5
0.5
0.5
0.5
0.5
0.5
0.5
0.5
0.5
0.5
0.5
0.5
0.5
0.5
0.5
0.5
0.5
0.5
0.5
0.5
0.5
0.5
0.5
0.5
0.50372516556291391
0.50786423841059591
0.51200331125827803
0.51614238410596025
0.52028145695364236
0.52442052980132448
0.52855960264900659
0.53269867549668859
0.53683774834437081
0.54097682119205293
0.54511589403973504
0.54925496688741715
0.55339403973509937
0.55753311258278149
0.56167218543046349
0.5658112582781456
0.56995033112582771
0.57408940397350994
0.57822847682119205
0.58236754966887416
0.58650662251655628
0.59064569536423828
0.5947847682119205
0.59892384105960261
0.60306291390728473
0.60720198675496695
0.61134105960264906
0.61548013245033106
0.61961920529801318
0.62375827814569529
0.6278973509933774
0.63203642384105962
0.63617549668874174
0.64031456953642385
0.64445364238410585
0.64859271523178808
0.65273178807947019
0.6568708609271523
0.66100993377483441
0.66514900662251653
0.66928807947019853
0.67342715231788075
0.67756622516556286
0.68170529801324498
0.6858443708609272
0.68998344370860931
0.69412251655629142
0.69826158940397343
0.70240066225165565
0.70653973509933776
0.71067880794701987
0.71481788079470199
0.7189569536423841
0.7230960264900661
0.72723509933774833
0.73137417218543044
0.73551324503311255
0.73965231788079477
0.74379139072847689
0.747930463576159
0.75
0.75
0.75
0.75
0.75
0.75
0.75
0.75
0.75
0.75
0.75
0.75
0.75
0.75
0.75
0.75
0.75
0.75
0.75
0.75
0.75
0.75
0.75
0.75
0.75
0.75
0.75
0.75
0.75
0.25
0.25
0.25
0.25
0.25
0.25
0.25
0.25
0.25
0.25
0.25
0.25
0.25
0.25
0.25
0.25
0.25
0.25
0.25
0.25
0.25
0.25
0.25
0.25
0.25
0.25
0.25
0.25
0.25
0.25
0.25
0.25
0.25
0.25
0.25
0.25
0.25
0.25
0.25
0.25
0.25
0.25
0.25
0.25
0.25
0.25
0.25
0.25
0.25
0.25
0.25
0.25
0.25
0.25
0.25
0.25
0.25
0.25
0.25
0.25
0.25
0.25
0.25
0.25
0.25
0.25
0.25
0.25
0.25
0.25
0.25
0.25
0.25
0.25
0.25
0.25
0.25
0.25411184210526316
0.25822368421052633
0.26233552631578949
0.2664473684210526
0.27055921052631582
0.27467105263157898
0.27878289473684209
0.28289473684210531
0.28700657894736842
0.29111842105263158
0.29523026315789469
0.29934210526315791
0.30345394736842102
0.30756578947368418
0.3116776315789474
0.31578947368421051
0.31990131578947367
0.32401315789473684
0.328125
0.33223684210526316
0.33634868421052633
0.34046052631578949
0.3445723684210526
0.34868421052631582
0.35279605263157898
0.35690789473684209
0.36101973684210531
0.36513157894736842
0.36924342105263158
0.37335526315789469
0.37746710526315791
0.38157894736842102
0.38569078947368418
0.38980263157894735
0.39391447368421051
0.39802631578947367
0.40213815789473684
0.40625
0.41036184210526316
0.41447368421052633
0.41858552631578949
0.4226973684210526
0.42680921052631582
0.43092105263157898
0.43503289473684209
0.43914473684210531
0.44325657894736842
0.44736842105263153
0.45148026315789469
0.45559210526315791
0.45970394736842102
0.46381578947368418
0.46792763157894735
0.47203947368421051
0.47615131578947367
0.48026315789473684
0.484375
0.48848684210526316
0.49259868421052633
0.49671052631578949
0.5
0.5
0.5
0.5
0.5
0.5
0.5
0.5
0.5
0.5
0.5
0.5
0.5
0.5
0.5
0.5
0.5
0.5
0.5
0.5
0.5
0.5
0.5
0.5
0.5
0.5
0.5
0.5
0.5
0.5
0.5
0.50328947368421051
0.50740131578947367
0.51151315789473684
0.515625
0.51973684210526305
0.52384868421052622
0.52796052631578938
0.53207236842105265
0.53618421052631582
0.54029605263157887
0.54440789473684204
0.5485197368421052
0.55263157894736836
0.55674342105263164
0.56085526315789469
0.56496710526315785
0.56907894736842102
0.57319078947368418
0.57730263157894723
0.58141447368421051
0.58552631578947367
0.58963815789473684
0.59375
0.59786184210526305
0.60197368421052622
0.60608552631578938
0.61019736842105265
0.61430921052631582
0.61842105263157898
0.62253289473684204
0.6266447368421052
0.63075657894736836
0.63486842105263164
0.63898026315789469
0.64309210526315785
0.64720394736842102
0.65131578947368418
0.65542763157894735
0.65953947368421062
0.66365131578947367
0.66776315789473684
0.671875
0.67598684210526305
0.68009868421052622
0.68421052631578938
0.68832236842105265
0.69243421052631582
0.69654605263157898
0.70065789473684204
0.7047697368421052
0.70888157894736836
0.71299342105263164
0.7171052631578948
0.72121710526315796
0.72532894736842102
0.72944078947368418
0.73355263157894735
0.73766447368421062
0.74177631578947367
0.74588815789473684
0.75
0.75
0.75
0.75
0.75
0.75
0.75
0.75
0.75
0.75
0.75
0.75
0.75
0.75
0.75
0.75
0.75
0.75
0.75
0.75
0.75
0.75
0.75
0.75
0.75
0.75
0.75
0.75
0.25
0.25
0.25
0.25
0.25
0.25
0.25
0.25
0.25
0.25
0.25
0.25
0.25
0.25
0.25
0.25
0.25
0.25
0.25
0.25
0.25
0.25
0.25
0.25
0.25
0.25
0.25
0.25
0.25
0.25
0.25
0.25
0.25
0.25
0.25
0.25
0.25
0.25
0.25
0.25
0.25
0.25
0.25
0.25
0.25
0.25
0.25
0.25
0.25
0.25
0.25
0.25
0.25
0.25
0.25
0.25
0.25
0.25
0.25
0.25
0.25
0.25
0.25
0.25
0.25
0.25
0.25
0.25
0.25
0.25
0.25
0.25
0.25
0.25
0.25
0.25
0.25
0.25204248366013071
0.25612745098039214
0.26021241830065361
0.26429738562091504
0.26838235294117646
0.27246732026143788
0.27655228758169931
0.28063725490196079
0.28472222222222221
0.28880718954248363
0.29289215686274506
0.29697712418300648
0.30106209150326801
0.30514705882352944
0.30923202614379086
0.31331699346405228
0.31740196078431371
0.32148692810457519
0.32557189542483661
0.32965686274509803
0.33374183006535946
0.33782679738562088
0.34191176470588236
0.34599673202614378
0.35008169934640521
0.35416666666666663
0.35825163398692816
0.36233660130718959
0.36642156862745101
0.37050653594771243
0.37459150326797386
0.37867647058823528
0.3827614379084967
0.38684640522875813
0.39093137254901955
0.39501633986928097
0.39910130718954251
0.40318627450980393
0.40727124183006536
0.41135620915032678
0.4154411764705882
0.41952614379084968
0.4236111111111111
0.42769607843137253
0.43178104575163395
0.43586601307189543
0.43995098039215685
0.44403594771241828
0.4481209150326797
0.45220588235294112
0.45629084967320266
0.46037581699346408
0.46446078431372551
0.46854575163398693
0.47263071895424835
0.47671568627450983
0.48080065359477125
0.48488562091503268
0.4889705882352941
0.49305555555555552
0.497140522875817
0.5
0.5
0.5
0.5
0.5
0.5
0.5
0.5
0.5
0.5
0.5
0.5
0.5
0.5
0.5
0.5
0.5
0.5
0.5
0.5
0.5
0.5
0.5
0.5
0.5
0.5
0.5
0.5
0.5
0.5
0.5
0.502859477124183
0.50694444444444442
0.51102941176470584
0.51511437908496727
0.51919934640522869
0.52328431372549011
0.52736928104575154
0.53145424836601296
0.53553921568627449
0.53962418300653592
0.54370915032679734
0.54779411764705876
0.55187908496732019
0.55596405228758161
0.56004901960784303
0.56413398692810446
0.56821895424836588
0.57230392156862731
0.57638888888888895
0.58047385620915037
0.5845588235294118
0.58864379084967322
0.59272875816993464
0.59681372549019607
0.60089869281045749
0.60498366013071891
0.60906862745098034
0.61315359477124176
0.6172385620915033
0.62132352941176472
0.62540849673202614
0.62949346405228757
0.63357843137254899
0.63766339869281041
0.64174836601307184
0.64583333333333326
0.64991830065359468
0.65400326797385622
0.65808823529411764
0.66217320261437906
0.66625816993464049
0.67034313725490191
0.67442810457516333
0.67851307189542476
0.68259803921568618
0.6866830065359476
0.69076797385620914
0.69485294117647067
0.6989379084967321
0.70302287581699352
0.70710784313725494
0.71119281045751637
0.71527777777777779
0.71936274509803921
0.72344771241830064
0.72753267973856206
0.73161764705882359
0.73570261437908502
0.73978758169934644
0.74387254901960786
0.74795751633986929
0.75
0.75
0.75
0.75
0.75
0.75
0.75
0.75
0.75
0.75
0.75
0.75
0.75
0.75
0.75
0.75
0.75
0.75
0.75
0.75
0.75
0.75
0.75
0.75
0.75
0.75
0.25
0.25
0.25
0.25
0.25
0.25
0.25
0.25
0.25
0.25
0.25
0.25
0.25
0.25
0.25
0.25
0.25
0.25
0.25
0.25
0.25
0.25
0.25
0.25
0.25
0.25
0.25
0.25
0.25
0.25
0.25
0.25
0.25
0.25
0.25
0.25
0.25
0.25
0.25
0.25
0.25
0.25
0.25
0.25
0.25
0.25
0.25
0.25
0.25
0.25
0.25
0.25
0.25
0.25
0.25
0.25
0.25
0.25
0.25
0.25
0.25
0.25
0.25
0.25
0.25
0.25
0.25
0.25
0.25
0.25
0.25
0.25
0.25
0.25
0.25
0.25
0.25
0.25
0.25405844155844154
0.25811688311688313
0.26217532467532467
0.26623376623376627
0.27029220779220775
0.27435064935064934
0.27840909090909088
0.28246753246753248
0.28652597402597402
0.29058441558441561
0.2946428571428571
0.29870129870129869
0.30275974025974023
0.30681818181818182
0.31087662337662336
0.31493506493506496
0.3189935064935065
0.32305194805194809
0.32711038961038963
0.33116883116883122
0.33522727272727271
0.3392857142857143
0.34334415584415584
0.34740259740259744
0.35146103896103897
0.35551948051948046
0.35957792207792205
0.36363636363636359
0.36769480519480519
0.37175324675324672
0.37581168831168832
0.3798701298701298
0.3839285714285714
0.38798701298701299
0.39204545454545459
0.39610389610389607
0.40016233766233766
0.4042207792207792
0.4082792207792208
0.41233766233766234
0.41639610389610393
0.42045454545454541
0.42451298701298701
0.42857142857142855
0.43262987012987014
0.43668831168831168
0.44074675324675328
0.44480519480519476
0.44886363636363635
0.45292207792207795
0.45698051948051954
0.46103896103896103
0.46509740259740256
0.46915584415584416
0.4732142857142857
0.47727272727272729
0.48133116883116878
0.48538961038961037
0.48944805194805191
0.4935064935064935
0.49756493506493504
0.5
0.5
0.5
0.5
0.5
0.5
0.5
0.5
0.5
0.5
0.5
0.5
0.5
0.5
0.5
0.5
0.5
0.5
0.5
0.5
0.5
0.5
0.5
0.5
0.5
0.5
0.5
0.5
0.5
0.5
0.5
0.50243506493506496
0.50649350649350655
0.51055194805194792
0.51461038961038952
0.51866883116883111
0.52272727272727271
0.52678571428571419
0.53084415584415579
0.53490259740259738
0.53896103896103897
0.54301948051948046
0.54707792207792205
0.55113636363636365
0.55519480519480513
0.55925324675324672
0.56331168831168832
0.56737012987012991
0.57142857142857129
0.57548701298701288
0.57954545454545447
0.58360389610389607
0.58766233766233755
0.59172077922077915
0.59577922077922074
0.59983766233766234
0.60389610389610382
0.60795454545454541
0.61201298701298701
0.6160714285714286
0.62012987012987009
0.62418831168831168
0.62824675324675328
0.63230519480519487
0.63636363636363624
0.64042207792207795
0.64448051948051943
0.64853896103896091
0.65259740259740251
0.6566558441558441
0.6607142857142857
0.66477272727272718
0.66883116883116878
0.67288961038961037
0.67694805194805197
0.68100649350649345
0.68506493506493504
0.68912337662337664
0.69318181818181823
0.69724025974025972
0.70129870129870131
0.7053571428571429
0.7094155844155845
0.71347402597402598
0.71753246753246747
0.72159090909090917
0.72564935064935066
0.72970779220779214
0.73376623376623373
0.73782467532467533
0.74188311688311692
0.74594155844155841
0.75
0.75
0.75
0.75
0.75
0.75
0.75
0.75
0.75
0.75
0.75
0.75
0.75
0.75
0.75
0.75
0.75
0.75
0.75
0.75
0.75
0.75
0.75
0.75
0.75
0.25
0.25
0.25
0.25
0.25
0.25
0.25
0.25
0.25
0.25
0.25
0.25
0.25
0.25
0.25
0.25
0.25
0.25
0.25
0.25
0.25
0.25
0.25
0.25
0.25
0.25
0.25
0.25
0.25
0.25
0.25
0.25
0.25
0.25
0.25
0.25
0.25
0.25
0.25
0.25
0.25
0.25
0.25
0.25
0.25
0.25
0.25
0.25
0.25
0.25
0.25
0.25
0.25
0.25
0.25
0.25
0.25
0.25
0.25
0.25
0.25
0.25
0.25
0.25
0.25
0.25
0.25
0.25
0.25
0.25
0.25
0.25
0.25
0.25
0.25
0.25
0.25
0.25
0.25201612903225801
0.25604838709677419
0.26008064516129031
0.26411290322580644
0.26814516129032262
0.27217741935483875
0.27620967741935487
0.28024193548387094
0.28427419354838707
0.28830645161290325
0.29233870967741937
0.2963709677419355
0.30040322580645162
0.30443548387096769
0.30846774193548387
0.3125
0.31653225806451613
0.32056451612903225
0.32459677419354838
0.32862903225806456
0.33266129032258063
0.33669354838709675
0.34072580645161288
0.344758064516129
0.34879032258064518
0.35282258064516131
0.35685483870967744
0.36088709677419351
0.36491935483870963
0.36895161290322581
0.37298387096774194
0.37701612903225806
0.38104838709677424
0.38508064516129037
0.38911290322580638
0.39314516129032256
0.39717741935483869
0.40120967741935487
0.405241935483871
0.40927419354838712
0.41330645161290319
0.41733870967741932
0.4213709677419355
0.42540322580645162
0.42943548387096775
0.43346774193548387
0.4375
0.44153225806451613
0.44556451612903225
0.44959677419354838
0.4536290322580645
0.45766129032258063
0.46169354838709675
0.46572580645161293
0.469758064516129
0.47379032258064513
0.47782258064516125
0.48185483870967738
0.48588709677419356
0.48991935483870969
0.49395161290322587
0.49798387096774188
0.5
0.5
0.5
0.5
0.5
0.5
0.5
0.5
0.5
0.5
0.5
0.5
0.5
0.5
0.5
0.5
0.5
0.5
0.5
0.5
0.5
0.5
0.5
0.5
0.5
0.5
0.5
0.5
0.5
0.5
0.5
0.50201612903225801
0.50604838709677413
0.51008064516129037
0.51411290322580638
0.51814516129032262
0.52217741935483863
0.52620967741935476
0.530241935483871
0.53427419354838701
0.53830645161290325
0.54233870967741926
0.54637096774193539
0.55040322580645162
0.55443548387096764
0.55846774193548387
0.56249999999999989
0.56653225806451613
0.57056451612903225
0.57459677419354827
0.5786290322580645
0.58266129032258052
0.58669354838709675
0.59072580645161288
0.594758064516129
0.59879032258064513
0.60282258064516125
0.60685483870967738
0.61088709677419351
0.61491935483870974
0.61895161290322576
0.62298387096774199
0.62701612903225801
0.63104838709677413
0.63508064516129026
0.63911290322580638
0.64314516129032262
0.64717741935483863
0.65120967741935487
0.655241935483871
0.65927419354838701
0.66330645161290325
0.66733870967741926
0.6713709677419355
0.67540322580645151
0.67943548387096775
0.68346774193548387
0.68749999999999989
0.69153225806451613
0.69556451612903225
0.69959677419354849
0.7036290322580645
0.70766129032258074
0.71169354838709675
0.71572580645161288
0.719758064516129
0.72379032258064513
0.72782258064516137
0.73185483870967738
0.73588709677419362
0.73991935483870974
0.74395161290322576
0.74798387096774199
0.75
0.75
0.75
0.75
0.75
0.75
0.75
0.75
0.75
0.75
0.75
0.75
0.75
0.75
0.75
0.75
0.75
0.75
0.75
0.75
0.75
0.75
0.75
0.25
0.25
0.25
0.25
0.25
0.25
0.25
0.25
0.25
0.25
0.25
0.25
0.25
0.25
0.25
0.25
0.25
0.25
0.25
0.25
0.25
0.25
0.25
0.25
0.25
0.25
0.25
0.25
0.25
0.25
0.25
0.25
0.25
0.25
0.25
0.25
0.25
0.25
0.25
0.25
0.25
0.25
0.25
0.25
0.25
0.25
0.25
0.25
0.25
0.25
0.25
0.25
0.25
0.25
0.25
0.25
0.25
0.25
0.25
0.25
0.25
0.25
0.25
0.25
0.25
0.25
0.25
0.25
0.25
0.25
0.25
0.25
0.25
0.25
0.25
0.25
0.25
0.25
0.25
0.25400641025641024
0.25801282051282048
0.26201923076923078
0.26602564102564102
0.27003205128205127
0.27403846153846151
0.27804487179487175
0.28205128205128205
0.28605769230769229
0.29006410256410253
0.29407051282051277
0.29807692307692302
0.30208333333333337
0.30608974358974361
0.31009615384615385
0.3141025641025641
0.31810897435897434
0.32211538461538464
0.32612179487179488
0.33012820512820512
0.33413461538461536
0.33814102564102566
0.3421474358974359
0.34615384615384615
0.35016025641025639
0.35416666666666663
0.35817307692307698
0.36217948717948723
0.36618589743589747
0.37019230769230771
0.37419871794871795
0.37820512820512819
0.38221153846153844
0.38621794871794868
0.39022435897435892
0.39423076923076916
0.39823717948717952
0.40224358974358976
0.40625
0.41025641025641024
0.41426282051282048
0.41826923076923078
0.42227564102564102
0.42628205128205127
0.43028846153846151
0.43429487179487175
0.43830128205128205
0.44230769230769229
0.44631410256410253
0.45032051282051277
0.45432692307692302
0.45833333333333337
0.46233974358974361
0.46634615384615385
0.4703525641025641
0.47435897435897434
0.47836538461538464
0.48237179487179488
0.48637820512820512
0.49038461538461536
0.49439102564102566
0.4983974358974359
0.5
0.5
0.5
0.5
0.5
0.5
0.5
0.5
0.5
0.5
0.5
0.5
0.5
0.5
0.5
0.5
0.5
0.5
0.5
0.5
0.5
0.5
0.5
0.5
0.5
0.5
0.5
0.5
0.5
0.5
0.5
0.5016025641025641
0.50560897435897434
0.50961538461538458
0.51362179487179482
0.51762820512820507
0.52163461538461531
0.52564102564102555
0.52964743589743579
0.53365384615384603
0.53766025641025639
0.54166666666666663
0.54567307692307687
0.54967948717948711
0.55368589743589736
0.5576923076923076
0.56169871794871784
0.56570512820512808
0.56971153846153832
0.57371794871794857
0.57772435897435903
0.58173076923076927
0.58573717948717952
0.58974358974358976
0.59375
0.59775641025641024
0.60176282051282048
0.60576923076923073
0.60977564102564097
0.61378205128205132
0.61778846153846156
0.62179487179487181
0.62580128205128205
0.62980769230769229
0.63381410256410253
0.63782051282051277
0.64182692307692302
0.64583333333333326
0.6498397435897435
0.65384615384615385
0.6578525641025641
0.66185897435897434
0.66586538461538458
0.66987179487179482
0.67387820512820507
0.67788461538461531
0.68189102564102555
0.68589743589743579
0.68990384615384603
0.6939102564102565
0.69791666666666674
0.70192307692307698
0.70592948717948723
0.70993589743589747
0.71394230769230771
0.71794871794871795
0.72195512820512819
0.72596153846153844
0.72996794871794868
0.73397435897435903
0.73798076923076927
0.74198717948717952
0.74599358974358976
0.75
0.75
0.75
0.75
0.75
0.75
0.75
0.75
0.75
0.75
0.75
0.75
0.75
0.75
0.75
0.75
0.75
0.75
0.75
0.75
0.75
0.75
0.25
0.25
0.25
0.25
0.25
0.25
0.25
0.25
0.25
0.25
0.25
0.25
0.25
0.25
0.25
0.25
0.25
0.25
0.25
0.25
0.25
0.25
0.25
0.25
0.25
0.25
0.25
0.25
0.25
0.25
0.25
0.25
0.25
0.25
0.25
0.25
0.25
0.25
0.25
0.25
0.25
0.25
0.25
0.25
0.25
0.25
0.25
0.25
0.25
0.25
0.25
0.25
0.25
0.25
0.25
0.25
0.25
0.25
0.25
0.25
0.25
0.25
0.25
0.25
0.25
0.25
0.25
0.25
0.25
0.25
0.25
0.25
0.25
0.25
0.25
0.25
0.25
0.25
0.25
0.25199044585987262
0.25597133757961782
0.25995222929936307
0.26393312101910826
0.26791401273885351
0.27189490445859871
0.27587579617834396
0.27985668789808915
0.2838375796178344
0.2878184713375796
0.29179936305732485
0.29578025477707004
0.29976114649681529
0.30374203821656048
0.30772292993630573
0.31170382165605093
0.31568471337579618
0.31966560509554137
0.32364649681528662
0.32762738853503182
0.33160828025477707
0.33558917197452226
0.33957006369426751
0.3435509554140127
0.34753184713375795
0.35151273885350315
0.3554936305732484
0.35947452229299359
0.36345541401273884
0.36743630573248404
0.37141719745222929
0.37539808917197448
0.37937898089171973
0.38335987261146492
0.38734076433121012
0.39132165605095537
0.39530254777070062
0.39928343949044581
0.40326433121019101
0.40724522292993637
0.41122611464968156
0.41520700636942676
0.41918789808917201
0.42316878980891726
0.42714968152866245
0.43113057324840764
0.43511146496815289
0.43909235668789814
0.44307324840764334
0.44705414012738853
0.45103503184713378
0.45501592356687903
0.45899681528662423
0.46297770700636942
0.46695859872611467
0.47093949044585992
0.47492038216560511
0.47890127388535031
0.48288216560509556
0.48686305732484081
0.490843949044586
0.4948248407643312
0.49880573248407645
0.5
0.5
0.5
0.5
0.5
0.5
0.5
0.5
0.5
0.5
0.5
0.5
0.5
0.5
0.5
0.5
0.5
0.5
0.5
0.5
0.5
0.5
0.5
0.5
0.5
0.5
0.5
0.5
0.5
0.5
0.5
0.50119426751592355
0.50517515923566869
0.50915605095541394
0.51313694267515919
0.51711783439490444
0.52109872611464958
0.52507961783439483
0.52906050955414008
0.53304140127388533
0.53702229299363047
0.54100318471337572
0.54498407643312097
0.54896496815286622
0.55294585987261136
0.55692675159235661
0.56090764331210186
0.56488853503184711
0.56886942675159224
0.57285031847133749
0.57683121019108274
0.58081210191082799
0.58479299363057313
0.58877388535031838
0.59275477707006363
0.59673566878980888
0.60071656050955413
0.60469745222929927
0.60867834394904452
0.61265923566878977
0.61664012738853491
0.62062101910828016
0.62460191082802541
0.62858280254777066
0.63256369426751591
0.63654458598726105
0.6405254777070063
0.64450636942675155
0.64848726114649669
0.65246815286624193
0.65644904458598718
0.66042993630573243
0.66441082802547768
0.66839171974522282
0.67237261146496807
0.67635350318471332
0.68033439490445846
0.68431528662420371
0.68829617834394896
0.69227707006369421
0.69625796178343946
0.70023885350318471
0.70421974522292985
0.7082006369426751
0.71218152866242035
0.71616242038216549
0.72014331210191074
0.72412420382165599
0.72810509554140124
0.73208598726114649
0.73606687898089163
0.74004777070063688
0.74402866242038213
0.74800955414012726
0.75
0.75
0.75
0.75
0.75
0.75
0.75
0.75
0.75
0.75
0.75
0.75
0.75
0.75
0.75
0.75
0.75
0.75
0.75
0.75
0.25
0.25
0.25
0.25
0.25
0.25
0.25
0.25
0.25
0.25
0.25
0.25
0.25
0.25
0.25
0.25
0.25
0.25
0.25
0.25
0.25
0.25
0.25
0.25
0.25
0.25
0.25
0.25
0.25
0.25
0.25
0.25
0.25
0.25
0.25
0.25
0.25
0.25
0.25
0.25
0.25
0.25
0.25
0.25
0.25
0.25
0.25
0.25
0.25
0.25
0.25
0.25
0.25
0.25
0.25
0.25
0.25
0.25
0.25
0.25
0.25
0.25
0.25
0.25
0.25
0.25
0.25
0.25
0.25
0.25
0.25
0.25
0.25
0.25
0.25
0.25
0.25
0.25
0.25
0.25
0.25395569620253167
0.25791139240506328
0.26186708860759494
0.26582278481012661
0.26977848101265822
0.27373417721518989
0.27768987341772156
0.28164556962025322
0.28560126582278478
0.28955696202531644
0.29351265822784811
0.29746835443037972
0.30142405063291139
0.30537974683544306
0.30933544303797467
0.31329113924050633
0.317246835443038
0.32120253164556967
0.32515822784810122
0.32911392405063289
0.33306962025316456
0.33702531645569617
0.34098101265822783
0.3449367088607595
0.34889240506329111
0.35284810126582278
0.35680379746835444
0.36075949367088606
0.36471518987341772
0.36867088607594939
0.37262658227848106
0.37658227848101267
0.38053797468354433
0.384493670886076
0.38844936708860756
0.39240506329113922
0.39636075949367089
0.4003164556962025
0.40427215189873417
0.40822784810126583
0.4121835443037975
0.41613924050632911
0.42009493670886078
0.42405063291139244
0.428006329113924
0.43196202531645567
0.43591772151898733
0.43987341772151894
0.44382911392405061
0.44778481012658228
0.45174050632911394
0.45569620253164556
0.45965189873417722
0.46360759493670889
0.46756329113924044
0.47151898734177211
0.47547468354430378
0.47943037974683544
0.48338607594936711
0.48734177215189878
0.49129746835443033
0.495253164556962
0.49920886075949367
0.5
0.5
0.5
0.5
0.5
0.5
0.5
0.5
0.5
0.5
0.5
0.5
0.5
0.5
0.5
0.5
0.5
0.5
0.5
0.5
0.5
0.5
0.5
0.5
0.5
0.5
0.5
0.5
0.5
0.5
0.5
0.50079113924050633
0.50474683544303789
0.50870253164556956
0.51265822784810122
0.51661392405063289
0.52056962025316456
0.52452531645569622
0.52848101265822789
0.53243670886075944
0.53639240506329111
0.54034810126582278
0.54430379746835444
0.54825949367088611
0.55221518987341778
0.55617088607594922
0.56012658227848089
0.56408227848101256
0.56803797468354422
0.57199367088607589
0.57594936708860756
0.57990506329113922
0.58386075949367078
0.58781645569620244
0.59177215189873411
0.59572784810126578
0.59968354430379744
0.60363924050632911
0.60759493670886067
0.61155063291139233
0.615506329113924
0.61946202531645567
0.62341772151898733
0.627373417721519
0.63132911392405067
0.63528481012658222
0.63924050632911389
0.64319620253164556
0.64715189873417722
0.65110759493670889
0.65506329113924056
0.659018987341772
0.66297468354430378
0.66693037974683533
0.67088607594936711
0.67484177215189867
0.67879746835443044
0.682753164556962
0.68670886075949356
0.69066455696202533
0.69462025316455689
0.69857594936708867
0.70253164556962022
0.706487341772152
0.71044303797468356
0.71439873417721511
0.71835443037974678
0.72231012658227844
0.72626582278481011
0.73022151898734178
0.73417721518987344
0.738132911392405
0.74208860759493667
0.74604430379746833
0.75
0.75
0.75
0.75
0.75
0.75
0.75
0.75
0.75
0.75
0.75
0.75
0.75
0.75
0.75
0.75
0.75
0.75
0.75
0.25
0.25
0.25
0.25
0.25
0.25
0.25
0.25
0.25
0.25
0.25
0.25
0.25
0.25
0.25
0.25
0.25
0.25
0.25
0.25
0.25
0.25
0.25
0.25
0.25
0.25
0.25
0.25
0.25
0.25
0.25
0.25
0.25
0.25
0.25
0.25
0.25
0.25
0.25
0.25
0.25
0.25
0.25
0.25
0.25
0.25
0.25
0.25
0.25
0.25
0.25
0.25
0.25
0.25
0.25
0.25
0.25
0.25
0.25
0.25
0.25
0.25
0.25
0.25
0.25
0.25
0.25
0.25
0.25
0.25
0.25
0.25
0.25
0.25
0.25
0.25
0.25
0.25
0.25
0.25
0.25196540880503143
0.25589622641509435
0.25982704402515722
0.26375786163522014
0.267688679245283
0.27161949685534592
0.27555031446540879
0.27948113207547171
0.28341194968553457
0.28734276729559749
0.29127358490566035
0.29520440251572327
0.29913522012578614
0.30306603773584906
0.30699685534591192
0.31092767295597484
0.31485849056603771
0.31878930817610063
0.32272012578616349
0.32665094339622641
0.33058176100628928
0.3345125786163522
0.33844339622641506
0.34237421383647798
0.34630503144654085
0.35023584905660377
0.35416666666666663
0.35809748427672955
0.36202830188679241
0.36595911949685533
0.3698899371069182
0.37382075471698112
0.37775157232704398
0.3816823899371069
0.38561320754716977
0.38954402515723263
0.39347484276729555
0.39740566037735847
0.40133647798742134
0.4052672955974842
0.40919811320754718
0.4131289308176101
0.41705974842767302
0.42099056603773588
0.42492138364779874
0.42885220125786166
0.43278301886792458
0.43671383647798745
0.44064465408805031
0.44457547169811323
0.44850628930817615
0.45243710691823902
0.45636792452830188
0.4602987421383648
0.46422955974842772
0.46816037735849059
0.47209119496855345
0.47602201257861637
0.47995283018867929
0.48388364779874216
0.48781446540880502
0.49174528301886794
0.49567610062893086
0.49960691823899372
0.5
0.5
0.5
0.5
0.5
0.5
0.5
0.5
0.5
0.5
0.5
0.5
0.5
0.5
0.5
0.5
0.5
0.5
0.5
0.5
0.5
0.5
0.5
0.5
0.5
0.5
0.5
0.5
0.5
0.5
0.5
0.50039308176100628
0.50432389937106914
0.508254716981132
0.51218553459119487
0.51611635220125784
0.52004716981132071
0.52397798742138357
0.52790880503144644
0.53183962264150941
0.53577044025157228
0.53970125786163514
0.54363207547169801
0.54756289308176098
0.55149371069182385
0.55542452830188671
0.55935534591194958
0.56328616352201255
0.56721698113207542
0.57114779874213828
0.57507861635220114
0.57900943396226412
0.58294025157232698
0.58687106918238985
0.59080188679245271
0.59473270440251569
0.59866352201257855
0.60259433962264142
0.60652515723270439
0.61045597484276726
0.61438679245283012
0.61831761006289299
0.62224842767295585
0.62617924528301883
0.63011006289308169
0.63404088050314455
0.63797169811320753
0.64190251572327039
0.64583333333333326
0.64976415094339612
0.65369496855345899
0.65762578616352196
0.66155660377358483
0.66548742138364769
0.66941823899371067
0.67334905660377353
0.6772798742138364
0.68121069182389926
0.68514150943396213
0.6890723270440251
0.69300314465408797
0.69693396226415083
0.70086477987421381
0.70479559748427667
0.70872641509433953
0.71265723270440251
0.71658805031446537
0.72051886792452824
0.7244496855345911
0.72838050314465397
0.73231132075471694
0.73624213836477981
0.74017295597484267
0.74410377358490565
0.74803459119496851
0.75
0.75
0.75
0.75
0.75
0.75
0.75
0.75
0.75
0.75
0.75
0.75
0.75
0.75
0.75
0.75
0.75
0.25
0.25
0.25
0.25
0.25
0.25
0.25
0.25
0.25
0.25
0.25
0.25
0.25
0.25
0.25
0.25
0.25
0.25
0.25
0.25
0.25
0.25
0.25
0.25
0.25
0.25
0.25
0.25
0.25
0.25
0.25
0.25
0.25
0.25
0.25
0.25
0.25
0.25
0.25
0.25
0.25
0.25
0.25
0.25
0.25
0.25
0.25
0.25
0.25
0.25
0.25
0.25
0.25
0.25
0.25
0.25
0.25
0.25
0.25
0.25
0.25
0.25
0.25
0.25
0.25
0.25
0.25
0.25
0.25
0.25
0.25
0.25
0.25
0.25
0.25
0.25
0.25
0.25
0.25
0.25
0.25
0.25390625
0.2578125
0.26171875
0.265625
0.26953125
0.2734375
0.27734375
0.28125
0.28515625
0.2890625
0.29296875
0.296875
0.30078125
0.3046875
0.30859375
0.3125
0.31640625
0.3203125
0.32421875
0.328125
0.33203125
0.3359375
0.33984375
0.34375
0.34765625
0.3515625
0.35546875
0.359375
0.36328125
0.3671875
0.37109375
0.375
0.37890625
0.3828125
0.38671875
0.390625
0.39453125
0.3984375
0.40234375
0.40625
0.41015625
0.4140625
0.41796875
0.421875
0.42578125
0.4296875
0.43359375
0.4375
0.44140625
0.4453125
0.44921875
0.453125
0.45703125
0.4609375
0.46484375
0.46875
0.47265625
0.4765625
0.48046875
0.484375
0.48828125
0.4921875
0.49609375
0.5
0.5
0.5
0.5
0.5
0.5
0.5
0.5
0.5
0.5
0.5
0.5
0.5
0.5
0.5
0.5
0.5
0.5
0.5
0.5
0.5
0.5
0.5
0.5
0.5
0.5
0.5
0.5
0.5
0.5
0.5
0.5
0.5
0.50390624999999989
0.5078125
0.51171874999999989
0.515625
0.51953125
0.52343749999999989
0.52734375
0.53124999999999989
0.53515625
0.5390625
0.54296874999999989
0.546875
0.55078124999999989
0.5546875
0.55859375
0.56249999999999989
0.56640625
0.57031249999999989
0.57421875
0.578125
0.58203124999999989
0.5859375
0.58984374999999989
0.59375
0.59765625
0.6015625
0.60546875
0.60937499999999989
0.61328125
0.6171875
0.62109375
0.625
0.62890624999999989
0.6328125
0.63671875
0.640625
0.64453125
0.64843749999999989
0.65234375
0.65625
0.66015625
0.6640625
0.66796874999999989
0.671875
0.67578125
0.6796875
0.68359375
0.68749999999999989
0.69140625
0.6953125
0.69921875
0.703125
0.70703125
0.7109375
0.71484375
0.71875
0.72265625
0.7265625
0.73046875
0.734375
0.73828125
0.7421875
0.74609375
0.75
0.75
0.75
0.75
0.75
0.75
0.75
0.75
0.75
0.75
0.75
0.75
0.75
0.75
0.75
0.75
0.25
0.25
0.25
0.25
0.25
0.25
0.25
0.25
0.25
0.25
0.25
0.25
0.25
0.25
0.25
0.25
0.25
0.25
0.25
0.25
0.25
0.25
0.25
0.25
0.25
0.25
0.25
0.25
0.25
0.25
0.25
0.25
0.25
0.25
0.25
0.25
0.25
0.25
0.25
0.25
0.25
0.25
0.25
0.25
0.25
0.25
0.25
0.25
0.25
0.25
0.25
0.25
0.25
0.25
0.25
0.25
0.25
0.25
0.25
0.25
0.25
0.25
0.25
0.25
0.25
0.25
0.25
0.25
0.25
0.25
0.25
0.25
0.25
0.25
0.25
0.25
0.25
0.25
0.25
0.25
0.25
0.25194099378881984
0.25582298136645959
0.25970496894409933
0.26358695652173914
0.26746894409937888
0.27135093167701863
0.27523291925465843
0.27911490683229817
0.28299689440993792
0.28687888198757761
0.29076086956521735
0.2946428571428571
0.2985248447204969
0.30240683229813664
0.30628881987577639
0.31017080745341619
0.31405279503105593
0.31793478260869568
0.32181677018633542
0.32569875776397511
0.32958074534161486
0.33346273291925466
0.3373447204968944
0.34122670807453415
0.34510869565217395
0.34899068322981369
0.35287267080745344
0.35675465838509318
0.36063664596273287
0.36451863354037262
0.36840062111801242
0.37228260869565216
0.37616459627329191
0.38004658385093171
0.3839285714285714
0.3878105590062112
0.39169254658385094
0.39557453416149069
0.39945652173913038
0.40333850931677018
0.40722049689440992
0.41110248447204967
0.41498447204968947
0.41886645962732916
0.42274844720496896
0.4266304347826087
0.43051242236024845
0.43439440993788814
0.43827639751552794
0.44215838509316768
0.44604037267080743
0.44992236024844723
0.45380434782608692
0.45768633540372672
0.46156832298136646
0.46545031055900621
0.46933229813664601
0.4732142857142857
0.47709627329192544
0.48097826086956519
0.48486024844720499
0.48874223602484468
0.49262422360248448
0.49650621118012422
0.5
0.5
0.5
0.5
0.5
0.5
0.5
0.5
0.5
0.5
0.5
0.5
0.5
0.5
0.5
0.5
0.5
0.5
0.5
0.5
0.5
0.5
0.5
0.5
0.5
0.5
0.5
0.5
0.5
0.5
0.5
0.5
0.5
0.50349378881987583
0.50737577639751552
0.51125776397515521
0.51513975155279501
0.5190217391304347
0.5229037267080745
0.52678571428571419
0.53066770186335399
0.53454968944099368
0.53843167701863359
0.54231366459627328
0.54619565217391308
0.55007763975155277
0.55395962732919246
0.55784161490683226
0.56172360248447195
0.56560559006211175
0.56948757763975144
0.57336956521739135
0.57725155279503104
0.58113354037267084
0.58501552795031053
0.58889751552795022
0.59277950310559002
0.59666149068322971
0.60054347826086962
0.60442546583850931
0.60830745341614911
0.6121894409937888
0.6160714285714286
0.61995341614906829
0.62383540372670798
0.62771739130434778
0.63159937888198747
0.63548136645962727
0.63936335403726696
0.64324534161490687
0.64712732919254656
0.65100931677018636
0.65489130434782605
0.65877329192546574
0.66265527950310554
0.66653726708074523
0.67041925465838514
0.67430124223602483
0.67818322981366463
0.68206521739130432
0.68594720496894412
0.68982919254658381
0.69371118012422373
0.69759316770186341
0.7014751552795031
0.7053571428571429
0.70923913043478259
0.71312111801242239
0.71700310559006208
0.72088509316770188
0.72476708074534157
0.72864906832298137
0.73253105590062106
0.73641304347826075
0.74029503105590067
0.74417701863354035
0.74805900621118016
0.75
0.75
0.75
0.75
0.75
0.75
0.75
0.75
0.75
0.75
0.75
0.75
0.75
0.75
0.25
0.25
0.25
0.25
0.25
0.25
0.25
0.25
0.25
0.25
0.25
0.25
0.25
0.25
0.25
0.25
0.25
0.25
0.25
0.25
0.25
0.25
0.25
0.25
0.25
0.25
0.25
0.25
0.25
0.25
0.25
0.25
0.25
0.25
0.25
0.25
0.25
0.25
0.25
0.25
0.25
0.25
0.25
0.25
0.25
0.25
0.25
0.25
0.25
0.25
0.25
0.25
0.25
0.25
0.25
0.25
0.25
0.25
0.25
0.25
0.25
0.25
0.25
0.25
0.25
0.25
0.25
0.25
0.25
0.25
0.25
0.25
0.25
0.25
0.25
0.25
0.25
0.25
0.25
0.25
0.25
0.25
0.25385802469135804
0.25771604938271608
0.26157407407407407
0.26543209876543211
0.26929012345679015
0.2731481481481482
0.27700617283950613
0.28086419753086422
0.28472222222222221
0.28858024691358031
0.29243827160493824
0.29629629629629628
0.30015432098765432
0.30401234567901236
0.30787037037037035
0.31172839506172839
0.31558641975308643
0.31944444444444448
0.32330246913580246
0.3271604938271605
0.33101851851851855
0.33487654320987659
0.33873456790123457
0.34259259259259256
0.34645061728395066
0.35030864197530864
0.35416666666666663
0.35802469135802467
0.36188271604938271
0.36574074074074076
0.36959876543209874
0.37345679012345678
0.37731481481481483
0.38117283950617287
0.38503086419753085
0.38888888888888884
0.39274691358024694
0.39660493827160492
0.40046296296296291
0.40432098765432101
0.40817901234567899
0.41203703703703709
0.41589506172839502
0.41975308641975306
0.4236111111111111
0.42746913580246915
0.43132716049382713
0.43518518518518517
0.43904320987654322
0.44290123456790126
0.44675925925925919
0.45061728395061729
0.45447530864197527
0.45833333333333337
0.46219135802469136
0.46604938271604934
0.46990740740740744
0.47376543209876543
0.47762345679012341
0.48148148148148145
0.4853395061728395
0.48919753086419754
0.49305555555555552
0.49691358024691357
0.5
0.5
0.5
0.5
0.5
0.5
0.5
0.5
0.5
0.5
0.5
0.5
0.5
0.5
0.5
0.5
0.5
0.5
0.5
0.5
0.5
0.5
0.5
0.5
0.5
0.5
0.5
0.5
0.5
0.5
0.5
0.5
0.5
0.50308641975308643
0.50694444444444442
0.51080246913580252
0.5146604938271605
0.51851851851851838
0.52237654320987648
0.52623456790123446
0.53009259259259256
0.53395061728395055
0.53780864197530864
0.54166666666666663
0.54552469135802473
0.5493827160493826
0.5532407407407407
0.55709876543209869
0.56095679012345678
0.56481481481481477
0.56867283950617287
0.57253086419753085
0.57638888888888895
0.58024691358024683
0.58410493827160481
0.58796296296296291
0.5918209876543209
0.59567901234567899
0.59953703703703698
0.60339506172839508
0.60725308641975317
0.61111111111111105
0.61496913580246904
0.61882716049382713
0.62268518518518512
0.62654320987654322
0.6304012345679012
0.6342592592592593
0.63811728395061729
0.64197530864197527
0.64583333333333326
0.64969135802469125
0.65354938271604934
0.65740740740740744
0.66126543209876543
0.66512345679012341
0.66898148148148151
0.67283950617283939
0.67669753086419748
0.68055555555555547
0.68441358024691357
0.68827160493827155
0.69212962962962965
0.69598765432098775
0.69984567901234573
0.70370370370370361
0.70756172839506171
0.71141975308641969
0.71527777777777779
0.71913580246913578
0.72299382716049387
0.72685185185185186
0.73070987654320996
0.73456790123456783
0.73842592592592582
0.74228395061728392
0.74614197530864201
0.75
0.75
0.75
0.75
0.75
0.75
0.75
0.75
0.75
0.75
0.75
0.75
0.75
0.25
0.25
0.25
0.25
0.25
0.25
0.25
0.25
0.25
0.25
0.25
0.25
0.25
0.25
0.25
0.25
0.25
0.25
0.25
0.25
0.25
0.25
0.25
0.25
0.25
0.25
0.25
0.25
0.25
0.25
0.25
0.25
0.25
0.25
0.25
0.25
0.25
0.25
0.25
0.25
0.25
0.25
0.25
0.25
0.25
0.25
0.25
0.25
0.25
0.25
0.25
0.25
0.25
0.25
0.25
0.25
0.25
0.25
0.25
0.25
0.25
0.25
0.25
0.25
0.25
0.25
0.25
0.25
0.25
0.25
0.25
0.25
0.25
0.25
0.25
0.25
0.25
0.25
0.25
0.25
0.25
0.25
0.25191717791411039
0.25575153374233128
0.25958588957055218
0.26342024539877301
0.26725460122699385
0.27108895705521474
0.27492331288343558
0.27875766871165641
0.28259202453987731
0.28642638036809814
0.29026073619631898
0.29409509202453987
0.29792944785276076
0.30176380368098155
0.30559815950920249
0.30943251533742333
0.31326687116564417
0.31710122699386506
0.3209355828220859
0.32476993865030673
0.32860429447852763
0.33243865030674846
0.3362730061349693
0.34010736196319014
0.34394171779141103
0.34777607361963192
0.3516104294478527
0.35544478527607365
0.35927914110429449
0.36311349693251532
0.36694785276073622
0.37078220858895705
0.37461656441717789
0.37845092024539878
0.38228527607361962
0.38611963190184045
0.3899539877300614
0.39378834355828218
0.39762269938650308
0.40145705521472397
0.40529141104294475
0.40912576687116564
0.41296012269938653
0.41679447852760737
0.42062883435582821
0.4244631901840491
0.42829754601226994
0.43213190184049077
0.43596625766871161
0.43980061349693256
0.44363496932515334
0.44746932515337423
0.45130368098159512
0.4551380368098159
0.4589723926380368
0.46280674846625769
0.46664110429447853
0.47047546012269936
0.47430981595092025
0.47814417177914109
0.48197852760736193
0.48581288343558282
0.48964723926380371
0.49348159509202449
0.49731595092024539
0.5
0.5
0.5
0.5
0.5
0.5
0.5
0.5
0.5
0.5
0.5
0.5
0.5
0.5
0.5
0.5
0.5
0.5
0.5
0.5
0.5
0.5
0.5
0.5
0.5
0.5
0.5
0.5
0.5
0.5
0.5
0.5
0.5
0.50268404907975461
0.50651840490797539
0.51035276073619629
0.51418711656441707
0.51802147239263796
0.52185582822085896
0.52569018404907975
0.52952453987730064
0.53335889570552142
0.53719325153374231
0.54102760736196309
0.54486196319018398
0.54869631901840488
0.55253067484662577
0.55636503067484655
0.56019938650306744
0.56403374233128822
0.56786809815950912
0.57170245398773012
0.5755368098159509
0.57937116564417179
0.58320552147239257
0.58703987730061347
0.59087423312883425
0.59470858895705525
0.59854294478527614
0.60237730061349692
0.60621165644171771
0.6100460122699386
0.61388036809815949
0.61771472392638027
0.62154907975460127
0.62538343558282206
0.62921779141104295
0.63305214723926373
0.63688650306748462
0.6407208588957054
0.64455521472392641
0.64838957055214719
0.65222392638036808
0.65605828220858897
0.65989263803680975
0.66372699386503053
0.66756134969325154
0.67139570552147243
0.67523006134969321
0.6790644171779141
0.68289877300613488
0.68673312883435578
0.69056748466257678
0.69440184049079756
0.69823619631901845
0.70207055214723924
0.70590490797546013
0.70973926380368091
0.7135736196319018
0.7174079754601228
0.72124233128834359
0.72507668711656437
0.72891104294478526
0.73274539877300615
0.73657975460122693
0.74041411042944794
0.74424846625766872
0.74808282208588961
0.75
0.75
0.75
0.75
0.75
0.75
0.75
0.75
0.75
0.75
0.75
0.25
0.25
0.25
0.25
0.25
0.25
0.25
0.25
0.25
0.25
0.25
0.25
0.25
0.25
0.25
0.25
0.25
0.25
0.25
0.25
0.25
0.25
0.25
0.25
0.25
0.25
0.25
0.25
0.25
0.25
0.25
0.25
0.25
0.25
0.25
0.25
0.25
0.25
0.25
0.25
0.25
0.25
0.25
0.25
0.25
0.25
0.25
0.25
0.25
0.25
0.25
0.25
0.25
0.25
0.25
0.25
0.25
0.25
0.25
0.25
0.25
0.25
0.25
0.25
0.25
0.25
0.25
0.25
0.25
0.25
0.25
0.25
0.25
0.25
0.25
0.25
0.25
0.25
0.25
0.25
0.25
0.25
0.25
0.25381097560975607
0.2576219512195122
0.26143292682926833
0.2652439024390244
0.26905487804878048
0.27286585365853661
0.27667682926829273
0.28048780487804881
0.28429878048780488
0.28810975609756101
0.29192073170731703
0.29573170731707316
0.29954268292682923
0.30335365853658536
0.30716463414634143
0.31097560975609756
0.31478658536585363
0.31859756097560976
0.32240853658536583
0.32621951219512196
0.33003048780487804
0.33384146341463417
0.33765243902439024
0.34146341463414637
0.34527439024390244
0.34908536585365857
0.35289634146341464
0.35670731707317077
0.36051829268292684
0.36432926829268297
0.36814024390243899
0.37195121951219512
0.37576219512195119
0.37957317073170727
0.38338414634146339
0.38719512195121952
0.3910060975609756
0.39481707317073167
0.3986280487804878
0.40243902439024393
0.40625
0.41006097560975607
0.4138719512195122
0.41768292682926833
0.4214939024390244
0.42530487804878048
0.42911585365853661
0.43292682926829273
0.43673780487804881
0.44054878048780488
0.44435975609756101
0.44817073170731703
0.4519817073170731
0.45579268292682923
0.45960365853658536
0.46341463414634143
0.4672256097560975
0.47103658536585363
0.47484756097560976
0.47865853658536583
0.48246951219512191
0.48628048780487804
0.49009146341463417
0.49390243902439024
0.49771341463414631
0.5
0.5
0.5
0.5
0.5
0.5
0.5
0.5
0.5
0.5
0.5
0.5
0.5
0.5
0.5
0.5
0.5
0.5
0.5
0.5
0.5
0.5
0.5
0.5
0.5
0.5
0.5
0.5
0.5
0.5
0.5
0.5
0.5
0.50228658536585369
0.50609756097560976
0.50990853658536583
0.51371951219512202
0.51753048780487798
0.52134146341463405
0.52515243902439013
0.5289634146341462
0.53277439024390238
0.53658536585365846
0.54039634146341453
0.5442073170731706
0.54801829268292679
0.55182926829268286
0.55564024390243894
0.55945121951219501
0.56326219512195119
0.56707317073170727
0.57088414634146334
0.57469512195121941
0.5785060975609756
0.58231707317073167
0.58612804878048774
0.58993902439024382
0.59375
0.59756097560975607
0.60137195121951215
0.60518292682926833
0.6089939024390244
0.61280487804878048
0.61661585365853655
0.62042682926829262
0.62423780487804881
0.62804878048780488
0.63185975609756095
0.63567073170731714
0.63948170731707321
0.64329268292682928
0.64710365853658536
0.65091463414634143
0.65472560975609762
0.65853658536585369
0.66234756097560976
0.66615853658536595
0.66996951219512202
0.67378048780487798
0.67759146341463405
0.68140243902439013
0.6852134146341462
0.68902439024390238
0.69283536585365846
0.69664634146341453
0.70045731707317072
0.70426829268292679
0.70807926829268286
0.71189024390243905
0.71570121951219512
0.71951219512195119
0.72332317073170727
0.72713414634146334
0.73094512195121952
0.7347560975609756
0.73856707317073167
0.74237804878048785
0.74618902439024393
0.75
0.75
0.75
0.75
0.75
0.75
0.75
0.75
0.75
0.75
0.25
0.25
0.25
0.25
0.25
0.25
0.25
0.25
0.25
0.25
0.25
0.25
0.25
0.25
0.25
0.25
0.25
0.25
0.25
0.25
0.25
0.25
0.25
0.25
0.25
0.25
0.25
0.25
0.25
0.25
0.25
0.25
0.25
0.25
0.25
0.25
0.25
0.25
0.25
0.25
0.25
0.25
0.25
0.25
0.25
0.25
0.25
0.25
0.25
0.25
0.25
0.25
0.25
0.25
0.25
0.25
0.25
0.25
0.25
0.25
0.25
0.25
0.25
0.25
0.25
0.25
0.25
0.25
0.25
0.25
0.25
0.25
0.25
0.25
0.25
0.25
0.25
0.25
0.25
0.25
0.25
0.25
0.25
0.25189393939393939
0.25568181818181812
0.25946969696969696
0.2632575757575758
0.26704545454545453
0.27083333333333331
0.27462121212121215
0.27840909090909088
0.28219696969696972
0.28598484848484851
0.28977272727272724
0.29356060606060608
0.29734848484848486
0.30113636363636365
0.30492424242424243
0.30871212121212122
0.3125
0.31628787878787878
0.32007575757575757
0.32386363636363635
0.32765151515151514
0.33143939393939392
0.33522727272727271
0.33901515151515155
0.34280303030303028
0.34659090909090906
0.3503787878787879
0.35416666666666663
0.35795454545454547
0.36174242424242425
0.36553030303030298
0.36931818181818182
0.37310606060606066
0.37689393939393934
0.38068181818181818
0.38446969696969702
0.38825757575757575
0.39204545454545459
0.39583333333333326
0.3996212121212121
0.40340909090909094
0.40719696969696967
0.41098484848484851
0.41477272727272729
0.41856060606060602
0.42234848484848486
0.42613636363636365
0.42992424242424243
0.43371212121212122
0.4375
0.44128787878787878
0.44507575757575757
0.44886363636363635
0.45265151515151514
0.45643939393939392
0.46022727272727271
0.46401515151515149
0.46780303030303028
0.47159090909090906
0.47537878787878785
0.47916666666666669
0.48295454545454541
0.4867424242424242
0.49053030303030304
0.49431818181818177
0.49810606060606061
0.5
0.5
0.5
0.5
0.5
0.5
0.5
0.5
0.5
0.5
0.5
0.5
0.5
0.5
0.5
0.5
0.5
0.5
0.5
0.5
0.5
0.5
0.5
0.5
0.5
0.5
0.5
0.5
0.5
0.5
0.5
0.5
0.5
0.50189393939393934
0.50568181818181812
0.50946969696969702
0.51325757575757569
0.51704545454545447
0.52083333333333326
0.52462121212121204
0.52840909090909094
0.53219696969696972
0.5359848484848484
0.53977272727272718
0.54356060606060597
0.54734848484848486
0.55113636363636365
0.55492424242424243
0.5587121212121211
0.56249999999999989
0.56628787878787878
0.57007575757575757
0.57386363636363635
0.57765151515151503
0.58143939393939381
0.58522727272727271
0.58901515151515149
0.59280303030303028
0.59659090909090917
0.60037878787878785
0.60416666666666663
0.60795454545454541
0.6117424242424242
0.61553030303030298
0.61931818181818188
0.62310606060606055
0.62689393939393934
0.63068181818181812
0.63446969696969702
0.6382575757575758
0.64204545454545459
0.64583333333333326
0.64962121212121204
0.65340909090909083
0.65719696969696972
0.66098484848484851
0.66477272727272718
0.66856060606060597
0.67234848484848486
0.67613636363636365
0.67992424242424243
0.68371212121212122
0.68749999999999989
0.69128787878787878
0.69507575757575757
0.69886363636363635
0.70265151515151514
0.70643939393939403
0.71022727272727271
0.71401515151515149
0.71780303030303028
0.72159090909090917
0.72537878787878796
0.72916666666666663
0.73295454545454541
0.7367424242424242
0.74053030303030298
0.74431818181818188
0.74810606060606066
0.75
0.75
0.75
0.75
0.75
0.75
0.75
0.75
0.25
0.25
0.25
0.25
0.25
0.25
0.25
0.25
0.25
0.25
0.25
0.25
0.25
0.25
0.25
0.25
0.25
0.25
0.25
0.25
0.25
0.25
0.25
0.25
0.25
0.25
0.25
0.25
0.25
0.25
0.25
0.25
0.25
0.25
0.25
0.25
0.25
0.25
0.25
0.25
0.25
0.25
0.25
0.25
0.25
0.25
0.25
0.25
0.25
0.25
0.25
0.25
0.25
0.25
0.25
0.25
0.25
0.25
0.25
0.25
0.25
0.25
0.25
0.25
0.25
0.25
0.25
0.25
0.25
0.25
0.25
0.25
0.25
0.25
0.25
0.25
0.25
0.25
0.25
0.25
0.25
0.25
0.25
0.25
0.25376506024096385
0.25753012048192775
0.2612951807228916
0.26506024096385539
0.26882530120481929
0.27259036144578314
0.27635542168674698
0.28012048192771088
0.28388554216867468
0.28765060240963852
0.29141566265060243
0.29518072289156627
0.29894578313253012
0.30271084337349402
0.30647590361445787
0.31024096385542166
0.31400602409638556
0.31777108433734941
0.32153614457831325
0.32530120481927716
0.32906626506024095
0.33283132530120479
0.33659638554216864
0.34036144578313254
0.34412650602409639
0.34789156626506024
0.35165662650602414
0.35542168674698793
0.35918674698795178
0.36295180722891568
0.36671686746987953
0.37048192771084332
0.37424698795180722
0.37801204819277107
0.38177710843373491
0.38554216867469882
0.38930722891566261
0.39307228915662651
0.39683734939759041
0.4006024096385542
0.40436746987951805
0.40813253012048195
0.4118975903614458
0.41566265060240959
0.41942771084337349
0.42319277108433734
0.42695783132530118
0.43072289156626509
0.43448795180722888
0.43825301204819278
0.44201807228915668
0.44578313253012047
0.44954819277108432
0.45331325301204822
0.45707831325301207
0.46084337349397586
0.46460843373493976
0.46837349397590361
0.47213855421686746
0.47590361445783136
0.47966867469879515
0.48343373493975905
0.48719879518072284
0.49096385542168675
0.49472891566265059
0.49849397590361444
0.5
0.5
0.5
0.5
0.5
0.5
0.5
0.5
0.5
0.5
0.5
0.5
0.5
0.5
0.5
0.5
0.5
0.5
0.5
0.5
0.5
0.5
0.5
0.5
0.5
0.5
0.5
0.5
0.5
0.5
0.5
0.5
0.5
0.50150602409638545
0.50527108433734935
0.50903614457831325
0.51280120481927705
0.51656626506024095
0.52033132530120485
0.52409638554216864
0.52786144578313254
0.53162650602409645
0.53539156626506013
0.53915662650602403
0.54292168674698793
0.54668674698795172
0.55045180722891562
0.55421686746987953
0.55798192771084332
0.56174698795180722
0.56551204819277112
0.56927710843373491
0.57304216867469882
0.57680722891566272
0.5805722891566264
0.5843373493975903
0.5881024096385542
0.59186746987951799
0.5956325301204819
0.59939759036144569
0.60316265060240959
0.60692771084337349
0.61069277108433728
0.61445783132530118
0.61822289156626509
0.62198795180722888
0.62575301204819267
0.62951807228915668
0.63328313253012036
0.63704819277108427
0.64081325301204817
0.64457831325301196
0.64834337349397586
0.65210843373493976
0.65587349397590355
0.65963855421686746
0.66340361445783136
0.66716867469879504
0.67093373493975905
0.67469879518072284
0.67846385542168663
0.68222891566265054
0.68599397590361444
0.68975903614457823
0.69352409638554213
0.69728915662650603
0.70105421686746983
0.70481927710843373
0.70858433734939763
0.71234939759036142
0.71611445783132532
0.71987951807228923
0.72364457831325302
0.72740963855421681
0.73117469879518082
0.7349397590361445
0.7387048192771084
0.74246987951807231
0.7462349397590361
0.75
0.75
0.75
0.75
0.75
0.75
0.75
0.25
0.25
0.25
0.25
0.25
0.25
0.25
0.25
0.25
0.25
0.25
0.25
0.25
0.25
0.25
0.25
0.25
0.25
0.25
0.25
0.25
0.25
0.25
0.25
0.25
0.25
0.25
0.25
0.25
0.25
0.25
0.25
0.25
0.25
0.25
0.25
0.25
0.25
0.25
0.25
0.25
0.25
0.25
0.25
0.25
0.25
0.25
0.25
0.25
0.25
0.25
0.25
0.25
0.25
0.25
0.25
0.25
0.25
0.25
0.25
0.25
0.25
0.25
0.25
0.25
0.25
0.25
0.25
0.25
0.25
0.25
0.25
0.25
0.25
0.25
0.25
0.25
0.25
0.25
0.25
0.25
0.25
0.25
0.25
0.25187125748502992
0.25561377245508982
0.25935628742514966
0.26309880239520955
0.2668413173652695
0.27058383233532934
0.27432634730538924
0.27806886227544908
0.28181137724550898
0.28555389221556882
0.28929640718562877
0.29303892215568866
0.2967814371257485
0.3005239520958084
0.30426646706586824
0.30800898203592814
0.31175149700598798
0.31549401197604787
0.31923652694610782
0.32297904191616766
0.32672155688622756
0.3304640718562874
0.3342065868263473
0.33794910179640725
0.34169161676646709
0.34543413173652698
0.34917664670658682
0.35291916167664672
0.35666167664670656
0.36040419161676646
0.36414670658682635
0.36788922155688619
0.37163173652694614
0.37537425149700598
0.37911676646706588
0.38285928143712572
0.38660179640718562
0.39034431137724557
0.39408682634730541
0.39782934131736525
0.40157185628742509
0.40531437125748504
0.40905688622754488
0.41279940119760478
0.41654191616766467
0.42028443113772451
0.42402694610778446
0.4277694610778443
0.4315119760479042
0.43525449101796404
0.43899700598802394
0.44273952095808389
0.44648203592814373
0.45022455089820357
0.45396706586826341
0.45770958083832336
0.4614520958083832
0.4651946107784431
0.46893712574850299
0.47267964071856283
0.47642215568862278
0.48016467065868262
0.48390718562874252
0.48764970059880242
0.49139221556886226
0.49513473053892221
0.49887724550898205
0.5
0.5
0.5
0.5
0.5
0.5
0.5
0.5
0.5
0.5
0.5
0.5
0.5
0.5
0.5
0.5
0.5
0.5
0.5
0.5
0.5
0.5
0.5
0.5
0.5
0.5
0.5
0.5
0.5
0.5
0.5
0.5
0.5
0.50112275449101795
0.50486526946107779
0.50860778443113763
0.51235029940119758
0.51609281437125742
0.51983532934131726
0.52357784431137722
0.52732035928143706
0.5310628742514969
0.53480538922155674
0.5385479041916168
0.54229041916167664
0.54603293413173648
0.54977544910179643
0.55351796407185627
0.55726047904191611
0.56100299401197595
0.5647455089820359
0.56848802395209574
0.57223053892215558
0.57597305389221554
0.57971556886227538
0.58345808383233522
0.58720059880239506
0.59094311377245512
0.59468562874251496
0.5984281437125748
0.60217065868263475
0.60591317365269459
0.60965568862275443
0.61339820359281438
0.61714071856287422
0.62088323353293406
0.6246257485029939
0.62836826347305386
0.6321107784431137
0.63585329341317354
0.6395958083832336
0.64333832335329344
0.64708083832335328
0.65082335329341312
0.65456586826347307
0.65830838323353291
0.66205089820359275
0.6657934131736527
0.66953592814371254
0.67327844311377238
0.67702095808383222
0.68076347305389229
0.68450598802395213
0.68824850299401197
0.69199101796407192
0.69573353293413176
0.6994760479041916
0.70321856287425144
0.70696107784431139
0.71070359281437123
0.71444610778443107
0.71818862275449113
0.72193113772455098
0.72567365269461082
0.72941616766467066
0.73315868263473061
0.73690119760479045
0.74064371257485029
0.74438622754491024
0.74812874251497008
0.75
0.75
0.75
0.75
0.75
0.25
0.25
0.25
0.25
0.25
0.25
0.25
0.25
0.25
0.25
0.25
0.25
0.25
0.25
0.25
0.25
0.25
0.25
0.25
0.25
0.25
0.25
0.25
0.25
0.25
0.25
0.25
0.25
0.25
0.25
0.25
0.25
0.25
0.25
0.25
0.25
0.25
0.25
0.25
0.25
0.25
0.25
0.25
0.25
0.25
0.25
0.25
0.25
0.25
0.25
0.25
0.25
0.25
0.25
0.25
0.25
0.25
0.25
0.25
0.25
0.25
0.25
0.25
0.25
0.25
0.25
0.25
0.25
0.25
0.25
0.25
0.25
0.25
0.25
0.25
0.25
0.25
0.25
0.25
0.25
0.25
0.25
0.25
0.25
0.25
0.25372023809523808
0.25744047619047616
0.2611607142857143
0.26488095238095238
0.26860119047619047
0.27232142857142855
0.27604166666666663
0.27976190476190477
0.2834821428571429
0.28720238095238093
0.29092261904761907
0.2946428571428571
0.29836309523809523
0.30208333333333337
0.30580357142857145
0.30952380952380953
0.31324404761904762
0.3169642857142857
0.32068452380952384
0.32440476190476192
0.328125
0.33184523809523808
0.33556547619047616
0.3392857142857143
0.34300595238095238
0.34672619047619047
0.35044642857142855
0.35416666666666663
0.35788690476190477
0.3616071428571429
0.36532738095238093
0.36904761904761907
0.3727678571428571
0.37648809523809523
0.38020833333333337
0.3839285714285714
0.38764880952380953
0.39136904761904756
0.3950892857142857
0.39880952380952384
0.40252976190476192
0.40625
0.40997023809523808
0.41369047619047616
0.4174107142857143
0.42113095238095238
0.42485119047619047
0.42857142857142855
0.43229166666666663
0.43601190476190477
0.4397321428571429
0.44345238095238093
0.44717261904761907
0.4508928571428571
0.45461309523809523
0.45833333333333337
0.4620535714285714
0.46577380952380953
0.46949404761904756
0.4732142857142857
0.47693452380952384
0.48065476190476192
0.484375
0.48809523809523808
0.49181547619047616
0.4955357142857143
0.49925595238095238
0.5
0.5
0.5
0.5
0.5
0.5
0.5
0.5
0.5
0.5
0.5
0.5
0.5
0.5
0.5
0.5
0.5
0.5
0.5
0.5
0.5
0.5
0.5
0.5
0.5
0.5
0.5
0.5
0.5
0.5
0.5
0.5
0.5
0.50074404761904767
0.5044642857142857
0.50818452380952384
0.51190476190476186
0.515625
0.51934523809523803
0.52306547619047616
0.52678571428571419
0.53050595238095233
0.53422619047619035
0.5379464285714286
0.54166666666666663
0.54538690476190477
0.54910714285714279
0.55282738095238093
0.55654761904761896
0.5602678571428571
0.56398809523809512
0.56770833333333326
0.57142857142857129
0.57514880952380953
0.57886904761904767
0.5825892857142857
0.58630952380952384
0.59002976190476186
0.59375
0.59747023809523803
0.60119047619047616
0.60491071428571419
0.60863095238095233
0.61235119047619035
0.6160714285714286
0.61979166666666674
0.62351190476190477
0.62723214285714279
0.63095238095238093
0.63467261904761907
0.6383928571428571
0.64211309523809512
0.64583333333333326
0.6495535714285714
0.65327380952380953
0.65699404761904767
0.6607142857142857
0.66443452380952384
0.66815476190476186
0.671875
0.67559523809523803
0.67931547619047616
0.68303571428571419
0.68675595238095233
0.69047619047619047
0.6941964285714286
0.69791666666666674
0.70163690476190477
0.7053571428571429
0.70907738095238093
0.71279761904761907
0.7165178571428571
0.72023809523809523
0.72395833333333326
0.7276785714285714
0.73139880952380953
0.73511904761904767
0.73883928571428581
0.74255952380952384
0.74627976190476186
0.75
0.75
0.75
0.75
0.25
0.25
0.25
0.25
0.25
0.25
0.25
0.25
0.25
0.25
0.25
0.25
0.25
0.25
0.25
0.25
0.25
0.25
0.25
0.25
0.25
0.25
0.25
0.25
0.25
0.25
0.25
0.25
0.25
0.25
0.25
0.25
0.25
0.25
0.25
0.25
0.25
0.25
0.25
0.25
0.25
0.25
0.25
0.25
0.25
0.25
0.25
0.25
0.25
0.25
0.25
0.25
0.25
0.25
0.25
0.25
0.25
0.25
0.25
0.25
0.25
0.25
0.25
0.25
0.25
0.25
0.25
0.25
0.25
0.25
0.25
0.25
0.25
0.25
0.25
0.25
0.25
0.25
0.25
0.25
0.25
0.25
0.25
0.25
0.25
0.25184911242603553
0.25554733727810652
0.25924556213017746
0.26294378698224852
0.26664201183431957
0.27034023668639057
0.27403846153846151
0.27773668639053256
0.28143491124260356
0.2851331360946745
0.28883136094674555
0.2925295857988166
0.2962278106508876
0.29992603550295854
0.3036242603550296
0.30732248520710059
0.31102071005917165
0.31471893491124259
0.31841715976331364
0.32211538461538464
0.32581360946745558
0.32951183431952663
0.33321005917159763
0.33690828402366868
0.34060650887573962
0.34430473372781067
0.34800295857988167
0.35170118343195267
0.35539940828402367
0.35909763313609466
0.36279585798816572
0.36649408284023666
0.37019230769230771
0.37389053254437871
0.3775887573964497
0.38128698224852065
0.3849852071005917
0.38868343195266275
0.39238165680473375
0.39607988165680474
0.39977810650887574
0.40347633136094674
0.40717455621301768
0.41087278106508873
0.41457100591715978
0.41826923076923078
0.42196745562130178
0.42566568047337278
0.42936390532544377
0.43306213017751483
0.43676035502958577
0.44045857988165682
0.44415680473372782
0.44785502958579881
0.45155325443786981
0.45525147928994081
0.45894970414201186
0.4626479289940828
0.46634615384615385
0.47004437869822485
0.47374260355029585
0.47744082840236685
0.48113905325443784
0.4848372781065089
0.48853550295857984
0.49223372781065089
0.49593195266272189
0.49963017751479288
0.5
0.5
0.5
0.5
0.5
0.5
0.5
0.5
0.5
0.5
0.5
0.5
0.5
0.5
0.5
0.5
0.5
0.5
0.5
0.5
0.5
0.5
0.5
0.5
0.5
0.5
0.5
0.5
0.5
0.5
0.5
0.5
0.5
0.50036982248520712
0.50406804733727817
0.507766272189349
0.51146449704142005
0.5151627218934911
0.51886094674556205
0.5225591715976331
0.52625739644970415
0.5299556213017752
0.53365384615384603
0.53735207100591709
0.54105029585798814
0.54474852071005908
0.54844674556213013
0.55214497041420119
0.55584319526627224
0.55954142011834318
0.56323964497041412
0.56693786982248517
0.57063609467455612
0.57433431952662717
0.57803254437869822
0.58173076923076927
0.58542899408284022
0.58912721893491116
0.59282544378698221
0.59652366863905315
0.6002218934911242
0.60392011834319526
0.60761834319526631
0.61131656804733736
0.61501479289940819
0.61871301775147924
0.62241124260355019
0.62610946745562124
0.62980769230769229
0.63350591715976334
0.6372041420118344
0.64090236686390534
0.64460059171597628
0.64829881656804722
0.65199704142011827
0.65569526627218933
0.65939349112426038
0.66309171597633143
0.66678994082840237
0.67048816568047331
0.67418639053254426
0.67788461538461531
0.68158284023668636
0.68528106508875741
0.68897928994082847
0.69267751479289941
0.69637573964497035
0.7000739644970414
0.70377218934911245
0.7074704142011834
0.71116863905325445
0.7148668639053255
0.71856508875739644
0.72226331360946749
0.72596153846153844
0.72965976331360949
0.73335798816568043
0.73705621301775148
0.74075443786982254
0.74445266272189348
0.74815088757396453
0.75
0.75
0.25
0.25
0.25
0.25
0.25
0.25
0.25
0.25
0.25
0.25
0.25
0.25
0.25
0.25
0.25
0.25
0.25
0.25
0.25
0.25
0.25
0.25
0.25
0.25
0.25
0.25
0.25
0.25
0.25
0.25
0.25
0.25
0.25
0.25
0.25
0.25
0.25
0.25
0.25
0.25
0.25
0.25
0.25
0.25
0.25
0.25
0.25
0.25
0.25
0.25
0.25
0.25
0.25
0.25
0.25
0.25
0.25
0.25
0.25
0.25
0.25
0.25
0.25
0.25
0.25
0.25
0.25
0.25
0.25
0.25
0.25
0.25
0.25
0.25
0.25
0.25
0.25
0.25
0.25
0.25
0.25
0.25
0.25
0.25
0.25
0.25
0.25367647058823528
0.25735294117647056
0.2610294117647059
0.26470588235294118
0.26838235294117646
0.27205882352941174
0.27573529411764702
0.27941176470588236
0.28308823529411764
0.28676470588235292
0.2904411764705882
0.29411764705882348
0.29779411764705876
0.30147058823529416
0.30514705882352944
0.30882352941176472
0.3125
0.31617647058823528
0.31985294117647062
0.3235294117647059
0.32720588235294118
0.33088235294117646
0.33455882352941174
0.33823529411764708
0.34191176470588236
0.34558823529411764
0.34926470588235292
0.3529411764705882
0.35661764705882348
0.36029411764705888
0.36397058823529416
0.36764705882352944
0.37132352941176472
0.375
0.37867647058823528
0.38235294117647056
0.38602941176470584
0.38970588235294112
0.39338235294117641
0.3970588235294118
0.40073529411764708
0.40441176470588236
0.40808823529411764
0.41176470588235292
0.4154411764705882
0.41911764705882354
0.42279411764705882
0.4264705882352941
0.43014705882352938
0.43382352941176466
0.4375
0.44117647058823528
0.44485294117647056
0.44852941176470584
0.45220588235294112
0.45588235294117652
0.4595588235294118
0.46323529411764708
0.46691176470588236
0.47058823529411764
0.47426470588235292
0.47794117647058826
0.48161764705882354
0.48529411764705882
0.4889705882352941
0.49264705882352938
0.49632352941176472
0.5
0.5
0.5
0.5
0.5
0.5
0.5
0.5
0.5
0.5
0.5
0.5
0.5
0.5
0.5
0.5
0.5
0.5
0.5
0.5
0.5
0.5
0.5
0.5
0.5
0.5
0.5
0.5
0.5
0.5
0.5
0.5
0.5
0.5
0.5
0.50367647058823528
0.50735294117647056
0.51102941176470584
0.51470588235294112
0.51838235294117641
0.52205882352941169
0.52573529411764697
0.52941176470588225
0.53308823529411753
0.53676470588235292
0.5404411764705882
0.54411764705882348
0.54779411764705876
0.55147058823529405
0.55514705882352933
0.55882352941176461
0.56249999999999989
0.56617647058823517
0.56985294117647045
0.57352941176470573
0.57720588235294124
0.58088235294117652
0.5845588235294118
0.58823529411764708
0.59191176470588236
0.59558823529411764
0.59926470588235292
0.6029411764705882
0.60661764705882348
0.61029411764705876
0.61397058823529416
0.61764705882352944
0.62132352941176472
0.625
0.62867647058823528
0.63235294117647056
0.63602941176470584
0.63970588235294112
0.64338235294117641
0.64705882352941169
0.65073529411764697
0.65441176470588236
0.65808823529411764
0.66176470588235292
0.6654411764705882
0.66911764705882348
0.67279411764705876
0.67647058823529405
0.68014705882352933
0.68382352941176461
0.68749999999999989
0.69117647058823528
0.69485294117647067
0.69852941176470595
0.70220588235294124
0.70588235294117652
0.7095588235294118
0.71323529411764708
0.71691176470588236
0.72058823529411764
0.72426470588235292
0.7279411764705882
0.73161764705882359
0.73529411764705888
0.73897058823529416
0.74264705882352944
0.74632352941176472
0.75
0.25
0.25
0.25
0.25
0.25
0.25
0.25
0.25
0.25
0.25
0.25
0.25
0.25
0.25
0.25
0.25
0.25
0.25
0.25
0.25
0.25
0.25
0.25
0.25
0.25
0.25
0.25
0.25
0.25
0.25
0.25
0.25
0.25
0.25
0.25
0.25
0.25
0.25
0.25
0.25
0.25
0.25
0.25
0.25
0.25
0.25
0.25
0.25
0.25
0.25
0.25
0.25
0.25
0.25
0.25
0.25
0.25
0.25
0.25
0.25
0.25
0.25
0.25
0.25
0.25
0.25
0.25
0.25
0.25
0.25
0.25
0.25
0.25
0.25
0.25
0.25
0.25
0.25
0.25
0.25
0.25
0.25
0.25
0.25
0.25
0.25
0.25182748538011696
0.25548245614035092
0.25913742690058478
0.26279239766081874
0.2664473684210526
0.27010233918128657
0.27375730994152048
0.27741228070175439
0.2810672514619883
0.28472222222222221
0.28837719298245612
0.29203216374269009
0.29568713450292394
0.29934210526315791
0.30299707602339176
0.30665204678362573
0.31030701754385964
0.31396198830409361
0.31761695906432746
0.32127192982456143
0.32492690058479529
0.32858187134502925
0.33223684210526316
0.33589181286549707
0.33954678362573099
0.3432017543859649
0.34685672514619881
0.35051169590643277
0.35416666666666663
0.3578216374269006
0.36147660818713445
0.36513157894736842
0.36878654970760233
0.3724415204678363
0.37609649122807015
0.37975146198830412
0.38340643274853797
0.38706140350877194
0.39071637426900585
0.39437134502923976
0.39802631578947367
0.40168128654970758
0.40533625730994149
0.40899122807017541
0.41264619883040932
0.41630116959064328
0.41995614035087714
0.4236111111111111
0.42726608187134496
0.43092105263157898
0.43457602339181284
0.4382309941520468
0.44188596491228066
0.44554093567251463
0.44919590643274854
0.45285087719298245
0.45650584795321636
0.46016081871345027
0.46381578947368418
0.46747076023391809
0.471125730994152
0.47478070175438597
0.47843567251461983
0.48209064327485379
0.48574561403508765
0.48940058479532167
0.49305555555555552
0.49671052631578949
0.5
0.5
0.5
0.5
0.5
0.5
0.5
0.5
0.5
0.5
0.5
0.5
0.5
0.5
0.5
0.5
0.5
0.5
0.5
0.5
0.5
0.5
0.5
0.5
0.5
0.5
0.5
0.5
0.5
0.5
0.5
0.5
0.5
0.5
0.5
0.50328947368421051
0.50694444444444442
0.51059941520467833
0.51425438596491224
0.51790935672514626
0.52156432748538006
0.52521929824561397
0.52887426900584789
0.53252923976608191
0.53618421052631582
0.53983918128654962
0.54349415204678353
0.54714912280701755
0.55080409356725146
0.55445906432748537
0.55811403508771917
0.5617690058479532
0.56542397660818711
0.56907894736842102
0.57273391812865493
0.57638888888888895
0.58004385964912275
0.58369883040935666
0.58735380116959057
0.59100877192982459
0.59466374269005851
0.59831871345029231
0.60197368421052622
0.60562865497076024
0.60928362573099415
0.61293859649122806
0.61659356725146197
0.62024853801169599
0.62390350877192979
0.6275584795321637
0.63121345029239762
0.63486842105263164
0.63852339181286544
0.64217836257309935
0.64583333333333326
0.64948830409356728
0.65314327485380119
0.6567982456140351
0.6604532163742689
0.66410818713450293
0.66776315789473684
0.67141812865497075
0.67507309941520455
0.67872807017543857
0.68238304093567248
0.68603801169590639
0.6896929824561403
0.69334795321637432
0.69700292397660824
0.70065789473684204
0.70431286549707595
0.70796783625730997
0.71162280701754388
0.71527777777777779
0.7189327485380117
0.72258771929824572
0.72624269005847952
0.72989766081871343
0.73355263157894735
0.73720760233918137
0.74086257309941517
0.74451754385964908
0.25
0.25
0.25
0.25
0.25
0.25
0.25
0.25
0.25
0.25
0.25
0.25
0.25
0.25
0.25
0.25
0.25
0.25
0.25
0.25
0.25
0.25
0.25
0.25
0.25
0.25
0.25
0.25
0.25
0.25
0.25
0.25
0.25
0.25
0.25
0.25
0.25
0.25
0.25
0.25
0.25
0.25
0.25
0.25
0.25
0.25
0.25
0.25
0.25
0.25
0.25
0.25
0.25
0.25
0.25
0.25
0.25
0.25
0.25
0.25
0.25
0.25
0.25
0.25
0.25
0.25
0.25
0.25
0.25
0.25
0.25
0.25
0.25
0.25
0.25
0.25
0.25
0.25
0.25
0.25
0.25
0.25
0.25
0.25
0.25
0.25
0.25
0.25363372093023256
0.25726744186046513
0.26090116279069769
0.26453488372093026
0.26816860465116282
0.27180232558139533
0.2754360465116279
0.27906976744186046
0.28270348837209303
0.28633720930232559
0.28997093023255816
0.29360465116279072
0.29723837209302328
0.30087209302325585
0.30450581395348841
0.30813953488372098
0.31177325581395343
0.31540697674418605
0.31904069767441856
0.32267441860465118
0.32630813953488369
0.32994186046511631
0.33357558139534882
0.33720930232558144
0.34084302325581395
0.34447674418604657
0.34811046511627902
0.35174418604651159
0.35537790697674415
0.35901162790697672
0.36264534883720928
0.36627906976744184
0.36991279069767441
0.37354651162790697
0.37718023255813954
0.3808139534883721
0.38444767441860467
0.38808139534883718
0.39171511627906974
0.39534883720930231
0.39898255813953487
0.40261627906976744
0.40625
0.40988372093023256
0.41351744186046513
0.41715116279069769
0.42078488372093026
0.42441860465116282
0.42805232558139528
0.4316860465116279
0.43531976744186041
0.43895348837209303
0.44258720930232553
0.44622093023255816
0.44985465116279066
0.45348837209302328
0.45712209302325579
0.46075581395348841
0.46438953488372092
0.46802325581395343
0.47165697674418605
0.47529069767441856
0.47892441860465118
0.48255813953488369
0.48619186046511631
0.48982558139534882
0.49345930232558144
0.49709302325581395
0.5
0.5
0.5
0.5
0.5
0.5
0.5
0.5
0.5
0.5
0.5
0.5
0.5
0.5
0.5
0.5
0.5
0.5
0.5
0.5
0.5
0.5
0.5
0.5
0.5
0.5
0.5
0.5
0.5
0.5
0.5
0.5
0.5
0.5
0.5
0.50290697674418594
0.50654069767441856
0.51017441860465107
0.51380813953488369
0.5174418604651162
0.52107558139534882
0.52470930232558133
0.52834302325581395
0.53197674418604646
0.53561046511627908
0.53924418604651159
0.54287790697674421
0.54651162790697672
0.55014534883720934
0.55377906976744184
0.55741279069767435
0.56104651162790686
0.56468023255813948
0.56831395348837199
0.57194767441860461
0.57558139534883712
0.57921511627906974
0.58284883720930225
0.58648255813953487
0.59011627906976738
0.59375
0.59738372093023251
0.60101744186046513
0.60465116279069764
0.60828488372093026
0.61191860465116277
0.61555232558139539
0.6191860465116279
0.62281976744186052
0.62645348837209303
0.63008720930232565
0.63372093023255804
0.63735465116279055
0.64098837209302317
0.64462209302325579
0.6482558139534883
0.65188953488372081
0.65552325581395343
0.65915697674418605
0.66279069767441856
0.66642441860465107
0.67005813953488369
0.67369186046511631
0.67732558139534882
0.68095930232558133
0.68459302325581395
0.68822674418604657
0.69186046511627908
0.6954941860465117
0.69912790697674421
0.70276162790697683
0.70639534883720934
0.71002906976744196
0.71366279069767435
0.71729651162790686
0.72093023255813948
0.7245639534883721
0.72819767441860461
0.73183139534883712
0.73546511627906974
0.73909883720930236
0.25
0.25
0.25
0.25
0.25
0.25
0.25
0.25
0.25
0.25
0.25
0.25
0.25
0.25
0.25
0.25
0.25
0.25
0.25
0.25
0.25
0.25
0.25
0.25
0.25
0.25
0.25
0.25
0.25
0.25
0.25
0.25
0.25
0.25
0.25
0.25
0.25
0.25
0.25
0.25
0.25
0.25
0.25
0.25
0.25
0.25
0.25
0.25
0.25
0.25
0.25
0.25
0.25
0.25
0.25
0.25
0.25
0.25
0.25
0.25
0.25
0.25
0.25
0.25
0.25
0.25
0.25
0.25
0.25
0.25
0.25
0.25
0.25
0.25
0.25
0.25
0.25
0.25
0.25
0.25
0.25
0.25
0.25
0.25
0.25
0.25
0.25
0.25180635838150289
0.25541907514450868
0.25903179190751446
0.26264450867052019
0.26625722543352603
0.26986994219653176
0.27348265895953761
0.27709537572254334
0.28070809248554912
0.28432080924855485
0.28793352601156069
0.29154624277456653
0.29515895953757226
0.29877167630057805
0.30238439306358378
0.30599710982658962
0.30960982658959535
0.31322254335260119
0.31683526011560692
0.32044797687861271
0.32406069364161849
0.32767341040462428
0.33128612716763006
0.33489884393063585
0.33851156069364158
0.34212427745664742
0.34573699421965315
0.34934971098265899
0.35296242774566472
0.35657514450867051
0.36018786127167635
0.36380057803468208
0.36741329479768792
0.37102601156069365
0.37463872832369943
0.37825144508670516
0.381864161849711
0.38547687861271673
0.38908959537572252
0.3927023121387283
0.39631502890173409
0.39992774566473988
0.40354046242774566
0.40715317919075145
0.41076589595375723
0.41437861271676296
0.4179913294797688
0.42160404624277453
0.42521676300578037
0.42882947976878616
0.43244219653179189
0.43605491329479773
0.43966763005780346
0.4432803468208093
0.44689306358381498
0.45050578034682082
0.45411849710982655
0.45773121387283239
0.46134393063583812
0.4649566473988439
0.46856936416184969
0.47218208092485547
0.47579479768786126
0.47940751445086704
0.48302023121387283
0.48663294797687862
0.49024566473988435
0.49385838150289019
0.49747109826589597
0.5
0.5
0.5
0.5
0.5
0.5
0.5
0.5
0.5
0.5
0.5
0.5
0.5
0.5
0.5
0.5
0.5
0.5
0.5
0.5
0.5
0.5
0.5
0.5
0.5
0.5
0.5
0.5
0.5
0.5
0.5
0.5
0.5
0.5
0.5
0.50252890173410403
0.5061416184971097
0.50975433526011549
0.51336705202312138
0.51697976878612717
0.52059248554913296
0.52420520231213863
0.52781791907514441
0.53143063583815031
0.5350433526011561
0.53865606936416177
0.54226878612716756
0.54588150289017334
0.54949421965317924
0.55310693641618491
0.5567196531791907
0.56033236994219648
0.56394508670520227
0.56755780346820794
0.57117052023121384
0.57478323699421963
0.57839595375722541
0.5820086705202312
0.58562138728323687
0.58923410404624277
0.59284682080924855
0.59645953757225434
0.60007225433526001
0.60368497109826591
0.6072976878612717
0.61091040462427748
0.61452312138728316
0.61813583815028894
0.62174855491329484
0.62536127167630062
0.6289739884393063
0.63258670520231208
0.63619942196531787
0.63981213872832376
0.64342485549132933
0.64703757225433522
0.65065028901734101
0.6542630057803468
0.65787572254335269
0.66148843930635826
0.66510115606936415
0.66871387283236994
0.67232658959537572
0.6759393063583814
0.67955202312138718
0.68316473988439308
0.68677745664739887
0.69039017341040454
0.69400289017341033
0.69761560693641622
0.70122832369942201
0.70484104046242768
0.70845375722543347
0.71206647398843925
0.71567919075144515
0.71929190751445093
0.72290462427745661
0.72651734104046239
0.73013005780346818
0.73374277456647408
0.25
0.25
0.25
0.25
0.25
0.25
0.25
0.25
0.25
0.25
0.25
0.25
0.25
0.25
0.25
0.25
0.25
0.25
0.25
0.25
0.25
0.25
0.25
0.25
0.25
0.25
0.25
0.25
0.25
0.25
0.25
0.25
0.25
0.25
0.25
0.25
0.25
0.25
0.25
0.25
0.25
0.25
0.25
0.25
0.25
0.25
0.25
0.25
0.25
0.25
0.25
0.25
0.25
0.25
0.25
0.25
0.25
0.25
0.25
0.25
0.25
0.25
0.25
0.25
0.25
0.25
0.25
0.25
0.25
0.25
0.25
0.25
0.25
0.25
0.25
0.25
0.25
0.25
0.25
0.25
0.25
0.25
0.25
0.25
0.25
0.25
0.25
0.25
0.25359195402298851
0.25718390804597702
0.26077586206896552
0.26436781609195403
0.26795977011494254
0.27155172413793099
0.27514367816091956
0.27873563218390807
0.28232758620689657
0.28591954022988508
0.28951149425287354
0.2931034482758621
0.29669540229885055
0.30028735632183912
0.30387931034482757
0.30747126436781608
0.31106321839080464
0.31465517241379309
0.31824712643678166
0.32183908045977011
0.32543103448275862
0.32902298850574707
0.33261494252873564
0.3362068965517242
0.33979885057471265
0.34339080459770116
0.34698275862068961
0.35057471264367818
0.35416666666666663
0.35775862068965519
0.36135057471264365
0.36494252873563215
0.36853448275862072
0.37212643678160917
0.37571839080459768
0.37931034482758619
0.3829022988505747
0.3864942528735632
0.39008620689655171
0.39367816091954022
0.39727011494252873
0.40086206896551724
0.40445402298850575
0.40804597701149425
0.41163793103448276
0.41522988505747127
0.41882183908045972
0.42241379310344829
0.4260057471264368
0.4295977011494253
0.43318965517241381
0.43678160919540227
0.44037356321839083
0.44396551724137928
0.44755747126436785
0.45114942528735635
0.45474137931034481
0.45833333333333337
0.46192528735632182
0.46551724137931039
0.46910919540229878
0.47270114942528735
0.4762931034482758
0.47988505747126436
0.48347701149425293
0.48706896551724133
0.49066091954022989
0.49425287356321834
0.49784482758620691
0.5
0.5
0.5
0.5
0.5
0.5
0.5
0.5
0.5
0.5
0.5
0.5
0.5
0.5
0.5
0.5
0.5
0.5
0.5
0.5
0.5
0.5
0.5
0.5
0.5
0.5
0.5
0.5
0.5
0.5
0.5
0.5
0.5
0.5
0.5
0.50215517241379304
0.50574712643678155
0.50933908045977017
0.51293103448275856
0.51652298850574707
0.52011494252873558
0.52370689655172409
0.52729885057471271
0.5308908045977011
0.53448275862068961
0.53807471264367812
0.54166666666666663
0.54525862068965503
0.54885057471264365
0.55244252873563215
0.55603448275862066
0.55962643678160917
0.56321839080459757
0.56681034482758619
0.5704022988505747
0.5739942528735632
0.5775862068965516
0.58117816091954011
0.58477011494252873
0.58836206896551724
0.59195402298850575
0.59554597701149414
0.59913793103448265
0.60272988505747127
0.60632183908045978
0.60991379310344829
0.61350574712643668
0.61709770114942519
0.62068965517241381
0.62428160919540232
0.62787356321839072
0.63146551724137923
0.63505747126436773
0.63864942528735635
0.64224137931034486
0.64583333333333326
0.64942528735632177
0.65301724137931028
0.6566091954022989
0.66020114942528729
0.6637931034482758
0.66738505747126431
0.67097701149425282
0.67456896551724144
0.67816091954022983
0.68175287356321834
0.68534482758620685
0.68893678160919547
0.69252873563218387
0.69612068965517238
0.69971264367816088
0.70330459770114939
0.70689655172413801
0.71048850574712641
0.71408045977011492
0.71767241379310343
0.72126436781609193
0.72485632183908055
0.72844827586206895
0.25
0.25
0.25
0.25
0.25
0.25
0.25
0.25
0.25
0.25
0.25
0.25
0.25
0.25
0.25
0.25
0.25
0.25
0.25
0.25
0.25
0.25
0.25
0.25
0.25
0.25
0.25
0.25
0.25
0.25
0.25
0.25
0.25
0.25
0.25
0.25
0.25
0.25
0.25
0.25
0.25
0.25
0.25
0.25
0.25
0.25
0.25
0.25
0.25
0.25
0.25
0.25
0.25
0.25
0.25
0.25
0.25
0.25
0.25
0.25
0.25
0.25
0.25
0.25
0.25
0.25
0.25
0.25
0.25
0.25
0.25
0.25
0.25
0.25
0.25
0.25
0.25
0.25
0.25
0.25
0.25
0.25
0.25
0.25
0.25
0.25
0.25
0.25
0.25178571428571428
0.25535714285714284
0.2589285714285714
0.26250000000000001
0.26607142857142857
0.26964285714285718
0.27321428571428574
0.27678571428571425
0.28035714285714286
0.28392857142857142
0.28750000000000003
0.29107142857142859
0.2946428571428571
0.29821428571428577
0.30178571428571427
0.30535714285714283
0.30892857142857144
0.3125
0.31607142857142861
0.31964285714285712
0.32321428571428568
0.32678571428571429
0.33035714285714285
0.33392857142857141
0.33750000000000002
0.34107142857142858
0.34464285714285714
0.3482142857142857
0.35178571428571426
0.35535714285714287
0.35892857142857143
0.36250000000000004
0.3660714285714286
0.36964285714285711
0.37321428571428572
0.37678571428571428
0.38035714285714284
0.3839285714285714
0.38749999999999996
0.39107142857142863
0.39464285714285713
0.39821428571428569
0.4017857142857143
0.40535714285714286
0.40892857142857142
0.41249999999999998
0.41607142857142854
0.41964285714285715
0.42321428571428571
0.42678571428571421
0.43035714285714288
0.43392857142857144
0.4375
0.44107142857142856
0.44464285714285712
0.44821428571428573
0.45178571428571423
0.4553571428571429
0.45892857142857146
0.46249999999999997
0.46607142857142858
0.46964285714285714
0.4732142857142857
0.47678571428571426
0.48035714285714282
0.48392857142857149
0.48749999999999999
0.49107142857142855
0.49464285714285716
0.49821428571428572
0.5
0.5
0.5
0.5
0.5
0.5
0.5
0.5
0.5
0.5
0.5
0.5
0.5
0.5
0.5
0.5
0.5
0.5
0.5
0.5
0.5
0.5
0.5
0.5
0.5
0.5
0.5
0.5
0.5
0.5
0.5
0.5
0.5
0.5
0.5
0.50178571428571417
0.50535714285714284
0.5089285714285714
0.51250000000000007
0.51607142857142851
0.51964285714285707
0.52321428571428574
0.52678571428571419
0.53035714285714286
0.53392857142857142
0.53749999999999987
0.54107142857142854
0.5446428571428571
0.54821428571428565
0.55178571428571421
0.55535714285714288
0.55892857142857144
0.56249999999999989
0.56607142857142856
0.56964285714285712
0.57321428571428568
0.57678571428571423
0.5803571428571429
0.58392857142857135
0.58749999999999991
0.59107142857142858
0.59464285714285703
0.5982142857142857
0.60178571428571426
0.6053571428571427
0.60892857142857137
0.61250000000000004
0.6160714285714286
0.61964285714285705
0.62321428571428572
0.62678571428571428
0.63035714285714284
0.6339285714285714
0.63749999999999996
0.64107142857142851
0.64464285714285707
0.64821428571428574
0.65178571428571419
0.65535714285714275
0.65892857142857142
0.66250000000000009
0.66607142857142854
0.6696428571428571
0.67321428571428577
0.67678571428571421
0.68035714285714288
0.68392857142857144
0.68749999999999989
0.69107142857142856
0.69464285714285712
0.69821428571428568
0.70178571428571423
0.7053571428571429
0.70892857142857146
0.71249999999999991
0.71607142857142858
0.71964285714285725
0.7232142857142857
0.25
0.25
0.25
0.25
0.25
0.25
0.25
0.25
0.25
0.25
0.25
0.25
0.25
0.25
0.25
0.25
0.25
0.25
0.25
0.25
0.25
0.25
0.25
0.25
0.25
0.25
0.25
0.25
0.25
0.25
0.25
0.25
0.25
0.25
0.25
0.25
0.25
0.25
0.25
0.25
0.25
0.25
0.25
0.25
0.25
0.25
0.25
0.25
0.25
0.25
0.25
0.25
0.25
0.25
0.25
0.25
0.25
0.25
0.25
0.25
0.25
0.25
0.25
0.25
0.25
0.25
0.25
0.25
0.25
0.25
0.25
0.25
0.25
0.25
0.25
0.25
0.25
0.25
0.25
0.25
0.25
0.25
0.25
0.25
0.25
0.25
0.25
0.25
0.25
0.25355113636363641
0.25710227272727271
0.26065340909090912
0.26420454545454541
0.26775568181818182
0.27130681818181818
0.27485795454545459
0.27840909090909088
0.28196022727272729
0.28551136363636359
0.2890625
0.29261363636363641
0.29616477272727271
0.29971590909090912
0.30326704545454541
0.30681818181818182
0.31036931818181818
0.31392045454545459
0.31747159090909088
0.32102272727272729
0.32457386363636359
0.328125
0.33167613636363641
0.33522727272727271
0.33877840909090912
0.34232954545454541
0.34588068181818182
0.34943181818181818
0.35298295454545459
0.35653409090909088
0.36008522727272729
0.36363636363636359
0.3671875
0.37073863636363641
0.37428977272727271
0.37784090909090912
0.38139204545454541
0.38494318181818182
0.38849431818181812
0.39204545454545459
0.39559659090909088
0.39914772727272729
0.40269886363636359
0.40625
0.40980113636363635
0.41335227272727271
0.41690340909090912
0.42045454545454541
0.42400568181818182
0.42755681818181812
0.43110795454545459
0.43465909090909088
0.43821022727272729
0.44176136363636359
0.4453125
0.44886363636363635
0.45241477272727271
0.45596590909090912
0.45951704545454541
0.46306818181818182
0.46661931818181812
0.47017045454545459
0.47372159090909088
0.47727272727272729
0.48082386363636359
0.484375
0.48792613636363635
0.49147727272727271
0.49502840909090912
0.49857954545454541
0.5
0.5
0.5
0.5
0.5
0.5
0.5
0.5
0.5
0.5
0.5
0.5
0.5
0.5
0.5
0.5
0.5
0.5
0.5
0.5
0.5
0.5
0.5
0.5
0.5
0.5
0.5
0.5
0.5
0.5
0.5
0.5
0.5
0.5
0.5
0.50142045454545447
0.50497159090909083
0.50852272727272718
0.51207386363636365
0.515625
0.51917613636363624
0.52272727272727271
0.52627840909090906
0.52982954545454541
0.53338068181818177
0.53693181818181823
0.54048295454545447
0.54403409090909083
0.54758522727272718
0.55113636363636365
0.5546875
0.55823863636363624
0.56178977272727271
0.56534090909090906
0.56889204545454541
0.57244318181818177
0.57599431818181823
0.57954545454545447
0.58309659090909083
0.58664772727272718
0.59019886363636365
0.59375
0.59730113636363624
0.60085227272727271
0.60440340909090906
0.60795454545454541
0.61150568181818177
0.61505681818181823
0.61860795454545459
0.62215909090909083
0.62571022727272718
0.62926136363636365
0.6328125
0.63636363636363624
0.63991477272727271
0.64346590909090906
0.64701704545454541
0.65056818181818177
0.65411931818181823
0.65767045454545459
0.66122159090909083
0.66477272727272718
0.66832386363636365
0.671875
0.67542613636363624
0.67897727272727271
0.68252840909090906
0.68607954545454541
0.68963068181818177
0.69318181818181823
0.69673295454545459
0.70028409090909083
0.70383522727272718
0.70738636363636365
0.7109375
0.71448863636363635
0.71803977272727282
0.25
0.25
0.25
0.25
0.25
0.25
0.25
0.25
0.25
0.25
0.25
0.25
0.25
0.25
0.25
0.25
0.25
0.25
0.25
0.25
0.25
0.25
0.25
0.25
0.25
0.25
0.25
0.25
0.25
0.25
0.25
0.25
0.25
0.25
0.25
0.25
0.25
0.25
0.25
0.25
0.25
0.25
0.25
0.25
0.25
0.25
0.25
0.25
0.25
0.25
0.25
0.25
0.25
0.25
0.25
0.25
0.25
0.25
0.25
0.25
0.25
0.25
0.25
0.25
0.25
0.25
0.25
0.25
0.25
0.25
0.25
0.25
0.25
0.25
0.25
0.25
0.25
0.25
0.25
0.25
0.25
0.25
0.25
0.25
0.25
0.25
0.25
0.25
0.25
0.25176553672316387
0.25529661016949151
0.2588276836158192
0.2623587570621469
0.26588983050847459
0.26942090395480223
0.27295197740112997
0.27648305084745761
0.28001412429378525
0.283545197740113
0.28707627118644063
0.29060734463276838
0.29413841807909602
0.29766949152542377
0.30120056497175141
0.3047316384180791
0.30826271186440679
0.31179378531073448
0.31532485875706212
0.31885593220338987
0.32238700564971751
0.3259180790960452
0.32944915254237289
0.33298022598870058
0.33651129943502822
0.34004237288135591
0.34357344632768361
0.34710451977401124
0.35063559322033899
0.35416666666666663
0.35769774011299438
0.36122881355932202
0.36475988700564976
0.3682909604519774
0.37182203389830509
0.37535310734463279
0.37888418079096048
0.38241525423728812
0.38594632768361581
0.3894774011299435
0.39300847457627114
0.39653954802259883
0.40007062146892652
0.40360169491525422
0.40713276836158185
0.4106638418079096
0.41419491525423724
0.41772598870056499
0.42125706214689262
0.42478813559322037
0.42831920903954801
0.43185028248587576
0.4353813559322034
0.43891242937853109
0.44244350282485878
0.44597457627118647
0.44950564971751411
0.4530367231638418
0.4565677966101695
0.46009887005649713
0.46362994350282483
0.46716101694915252
0.47069209039548021
0.47422316384180785
0.4777542372881356
0.48128531073446323
0.48481638418079098
0.48834745762711862
0.49187853107344637
0.49540960451977401
0.49894067796610175
0.5
0.5
0.5
0.5
0.5
0.5
0.5
0.5
0.5
0.5
0.5
0.5
0.5
0.5
0.5
0.5
0.5
0.5
0.5
0.5
0.5
0.5
0.5
0.5
0.5
0.5
0.5
0.5
0.5
0.5
0.5
0.5
0.5
0.5
0.5
0.50105932203389825
0.50459039548022599
0.50812146892655363
0.51165254237288127
0.51518361581920902
0.51871468926553665
0.5222457627118644
0.52577683615819204
0.52930790960451968
0.53283898305084743
0.53637005649717517
0.5399011299435027
0.54343220338983045
0.5469632768361582
0.55049435028248594
0.55402542372881347
0.55755649717514122
0.56108757062146897
0.56461864406779649
0.56814971751412424
0.57168079096045199
0.57521186440677963
0.57874293785310726
0.58227401129943501
0.58580508474576265
0.5893361581920904
0.59286723163841804
0.59639830508474567
0.59992937853107342
0.60346045197740117
0.60699152542372881
0.61052259887005644
0.61405367231638419
0.61758474576271172
0.62111581920903947
0.62464689265536721
0.62817796610169496
0.63170903954802249
0.63524011299435024
0.63877118644067798
0.64230225988700562
0.64583333333333326
0.64936440677966101
0.65289548022598876
0.65642655367231639
0.65995762711864403
0.66348870056497167
0.66701977401129942
0.67055084745762705
0.6740819209039548
0.67761299435028244
0.68114406779661019
0.68467514124293771
0.68820621468926557
0.69173728813559321
0.69526836158192096
0.69879943502824848
0.70233050847457623
0.70586158192090398
0.70939265536723173
0.71292372881355925
0.25
0.25
0.25
0.25
0.25
0.25
0.25
0.25
0.25
0.25
0.25
0.25
0.25
0.25
0.25
0.25
0.25
0.25
0.25
0.25
0.25
0.25
0.25
0.25
0.25
0.25
0.25
0.25
0.25
0.25
0.25
0.25
0.25
0.25
0.25
0.25
0.25
0.25
0.25
0.25
0.25
0.25
0.25
0.25
0.25
0.25
0.25
0.25
0.25
0.25
0.25
0.25
0.25
0.25
0.25
0.25
0.25
0.25
0.25
0.25
0.25
0.25
0.25
0.25
0.25
0.25
0.25
0.25
0.25
0.25
0.25
0.25
0.25
0.25
0.25
0.25
0.25
0.25
0.25
0.25
0.25
0.25
0.25
0.25
0.25
0.25
0.25
0.25
0.25
0.25
0.2535112359550562
0.2570224719101124
0.26053370786516855
0.26404494382022475
0.2675561797752809
0.27106741573033705
0.27457865168539325
0.27808988764044945
0.2816011235955056
0.2851123595505618
0.288623595505618
0.2921348314606742
0.2956460674157303
0.2991573033707865
0.3026685393258427
0.3061797752808989
0.30969101123595505
0.31320224719101125
0.31671348314606745
0.3202247191011236
0.32373595505617975
0.32724719101123595
0.3307584269662921
0.3342696629213483
0.3377808988764045
0.3412921348314607
0.34480337078651691
0.34831460674157305
0.3518258426966292
0.3553370786516854
0.35884831460674155
0.36235955056179775
0.36587078651685395
0.3693820224719101
0.3728932584269663
0.3764044943820225
0.37991573033707859
0.3834269662921348
0.386938202247191
0.3904494382022472
0.3939606741573034
0.39747191011235955
0.40098314606741575
0.4044943820224719
0.40800561797752805
0.41151685393258425
0.41502808988764039
0.4185393258426966
0.4220505617977528
0.425561797752809
0.4290730337078652
0.43258426966292141
0.4360955056179775
0.4396067415730337
0.4431179775280899
0.44662921348314605
0.45014044943820225
0.4536516853932584
0.4571629213483146
0.4606741573033708
0.46418539325842689
0.46769662921348309
0.4712078651685393
0.4747191011235955
0.4782303370786517
0.4817415730337079
0.48525280898876405
0.48876404494382025
0.4922752808988764
0.49578651685393255
0.49929775280898875
0.5
0.5
0.5
0.5
0.5
0.5
0.5
0.5
0.5
0.5
0.5
0.5
0.5
0.5
0.5
0.5
0.5
0.5
0.5
0.5
0.5
0.5
0.5
0.5
0.5
0.5
0.5
0.5
0.5
0.5
0.5
0.5
0.5
0.5
0.5
0.5007022471910112
0.50421348314606729
0.5077247191011236
0.51123595505617969
0.514747191011236
0.5182584269662921
0.5217696629213483
0.5252808988764045
0.52879213483146059
0.53230337078651679
0.535814606741573
0.5393258426966292
0.54283707865168529
0.5463483146067416
0.54985955056179769
0.55337078651685379
0.5568820224719101
0.56039325842696619
0.5639044943820225
0.56741573033707859
0.5709269662921348
0.574438202247191
0.5779494382022472
0.58146067415730329
0.58497191011235949
0.5884831460674157
0.59199438202247179
0.5955056179775281
0.59901685393258419
0.60252808988764051
0.6060393258426966
0.60955056179775269
0.613061797752809
0.61657303370786509
0.62008426966292141
0.6235955056179775
0.6271067415730337
0.63061797752808979
0.6341292134831461
0.63764044943820219
0.6411516853932584
0.6446629213483146
0.64817415730337069
0.651685393258427
0.65519662921348309
0.65870786516853941
0.6622191011235955
0.66573033707865159
0.66924157303370779
0.672752808988764
0.6762640449438202
0.6797752808988764
0.6832865168539326
0.68679775280898869
0.69030898876404501
0.6938202247191011
0.69733146067415719
0.7008426966292135
0.70435393258426959
0.70786516853932591
0.25
0.25
0.25
0.25
0.25
0.25
0.25
0.25
0.25
0.25
0.25
0.25
0.25
0.25
0.25
0.25
0.25
0.25
0.25
0.25
0.25
0.25
0.25
0.25
0.25
0.25
0.25
0.25
0.25
0.25
0.25
0.25
0.25
0.25
0.25
0.25
0.25
0.25
0.25
0.25
0.25
0.25
0.25
0.25
0.25
0.25
0.25
0.25
0.25
0.25
0.25
0.25
0.25
0.25
0.25
0.25
0.25
0.25
0.25
0.25
0.25
0.25
0.25
0.25
0.25
0.25
0.25
0.25
0.25
0.25
0.25
0.25
0.25
0.25
0.25
0.25
0.25
0.25
0.25
0.25
0.25
0.25
0.25
0.25
0.25
0.25
0.25
0.25
0.25
0.25
0.25174581005586594
0.25523743016759776
0.25872905027932963
0.26222067039106145
0.26571229050279332
0.2692039106145252
0.27269553072625696
0.27618715083798884
0.27967877094972066
0.28317039106145253
0.28666201117318435
0.29015363128491622
0.29364525139664799
0.29713687150837986
0.30062849162011174
0.30412011173184356
0.30761173184357543
0.31110335195530725
0.31459497206703912
0.31808659217877094
0.32157821229050282
0.32506983240223464
0.32856145251396651
0.33205307262569828
0.33554469273743015
0.33903631284916202
0.34252793296089384
0.34601955307262572
0.34951117318435754
0.35300279329608941
0.35649441340782118
0.35998603351955305
0.36347765363128487
0.36696927374301674
0.37046089385474862
0.37395251396648044
0.37744413407821231
0.38093575418994408
0.38442737430167595
0.38791899441340782
0.3914106145251397
0.39490223463687146
0.39839385474860334
0.40188547486033521
0.40537709497206703
0.40886871508379891
0.41236033519553073
0.4158519553072626
0.41934357541899436
0.42283519553072624
0.42632681564245806
0.42981843575418993
0.43331005586592181
0.43680167597765363
0.4402932960893855
0.44378491620111726
0.44727653631284914
0.45076815642458101
0.45425977653631289
0.45775139664804465
0.46124301675977653
0.4647346368715084
0.46822625698324022
0.47171787709497209
0.47520949720670391
0.47870111731843579
0.48219273743016755
0.48568435754189943
0.48917597765363124
0.49266759776536312
0.49615921787709494
0.49965083798882681
0.5
0.5
0.5
0.5
0.5
0.5
0.5
0.5
0.5
0.5
0.5
0.5
0.5
0.5
0.5
0.5
0.5
0.5
0.5
0.5
0.5
0.5
0.5
0.5
0.5
0.5
0.5
0.5
0.5
0.5
0.5
0.5
0.5
0.5
0.5
0.50034916201117319
0.50384078212290506
0.50733240223463694
0.51082402234636859
0.51431564245810046
0.51780726256983234
0.52129888268156421
0.52479050279329598
0.52828212290502785
0.53177374301675973
0.5352653631284916
0.53875698324022347
0.54224860335195524
0.54574022346368711
0.54923184357541899
0.55272346368715086
0.55621508379888263
0.5597067039106145
0.56319832402234637
0.56668994413407825
0.57018156424581012
0.57367318435754178
0.57716480446927365
0.58065642458100553
0.5841480446927374
0.58763966480446916
0.59113128491620104
0.59462290502793291
0.59811452513966479
0.60160614525139655
0.60509776536312843
0.6085893854748603
0.61208100558659218
0.61557262569832405
0.61906424581005581
0.62255586592178769
0.62604748603351956
0.62953910614525144
0.6330307262569832
0.63652234636871508
0.64001396648044695
0.64350558659217882
0.6469972067039107
0.65048882681564235
0.65398044692737423
0.6574720670391061
0.66096368715083798
0.66445530726256974
0.66794692737430161
0.67143854748603349
0.67493016759776536
0.67842178770949724
0.681913407821229
0.68540502793296088
0.68889664804469275
0.69238826815642462
0.69587988826815639
0.69937150837988826
0.70286312849162014
0.25
0.25
0.25
0.25
0.25
0.25
0.25
0.25
0.25
0.25
0.25
0.25
0.25
0.25
0.25
0.25
0.25
0.25
0.25
0.25
0.25
0.25
0.25
0.25
0.25
0.25
0.25
0.25
0.25
0.25
0.25
0.25
0.25
0.25
0.25
0.25
0.25
0.25
0.25
0.25
0.25
0.25
0.25
0.25
0.25
0.25
0.25
0.25
0.25
0.25
0.25
0.25
0.25
0.25
0.25
0.25
0.25
0.25
0.25
0.25
0.25
0.25
0.25
0.25
0.25
0.25
0.25
0.25
0.25
0.25
0.25
0.25
0.25
0.25
0.25
0.25
0.25
0.25
0.25
0.25
0.25
0.25
0.25
0.25
0.25
0.25
0.25
0.25
0.25
0.25
0.25
0.25347222222222221
0.25694444444444442
0.26041666666666669
0.2638888888888889
0.2673611111111111
0.27083333333333331
0.27430555555555552
0.27777777777777773
0.28125
0.28472222222222221
0.28819444444444442
0.29166666666666663
0.29513888888888884
0.29861111111111105
0.30208333333333337
0.30555555555555558
0.30902777777777779
0.3125
0.31597222222222221
0.31944444444444448
0.32291666666666669
0.3263888888888889
0.3298611111111111
0.33333333333333331
0.33680555555555552
0.34027777777777779
0.34375
0.34722222222222221
0.35069444444444442
0.35416666666666663
0.35763888888888895
0.36111111111111116
0.36458333333333337
0.36805555555555558
0.37152777777777779
0.375
0.37847222222222221
0.38194444444444442
0.38541666666666663
0.38888888888888884
0.39236111111111105
0.39583333333333326
0.39930555555555558
0.40277777777777779
0.40625
0.40972222222222221
0.41319444444444442
0.41666666666666669
0.4201388888888889
0.4236111111111111
0.42708333333333331
0.43055555555555552
0.43402777777777773
0.4375
0.44097222222222221
0.44444444444444442
0.44791666666666663
0.45138888888888884
0.45486111111111105
0.45833333333333337
0.46180555555555558
0.46527777777777779
0.46875
0.47222222222222221
0.47569444444444448
0.47916666666666669
0.4826388888888889
0.4861111111111111
0.48958333333333331
0.49305555555555552
0.49652777777777779
0.5
0.5
0.5
0.5
0.5
0.5
0.5
0.5
0.5
0.5
0.5
0.5
0.5
0.5
0.5
0.5
0.5
0.5
0.5
0.5
0.5
0.5
0.5
0.5
0.5
0.5
0.5
0.5
0.5
0.5
0.5
0.5
0.5
0.5
0.5
0.5
0.5
0.50347222222222221
0.50694444444444442
0.51041666666666663
0.51388888888888884
0.51736111111111105
0.52083333333333326
0.52430555555555547
0.52777777777777768
0.53124999999999989
0.5347222222222221
0.53819444444444442
0.54166666666666663
0.54513888888888884
0.54861111111111105
0.55208333333333326
0.55555555555555547
0.55902777777777768
0.56249999999999989
0.5659722222222221
0.56944444444444431
0.57291666666666652
0.57638888888888895
0.57986111111111116
0.58333333333333337
0.58680555555555558
0.59027777777777779
0.59375
0.59722222222222221
0.60069444444444442
0.60416666666666663
0.60763888888888884
0.61111111111111105
0.61458333333333337
0.61805555555555558
0.62152777777777779
0.625
0.62847222222222221
0.63194444444444442
0.63541666666666663
0.63888888888888884
0.64236111111111105
0.64583333333333326
0.64930555555555547
0.65277777777777779
0.65625
0.65972222222222221
0.66319444444444442
0.66666666666666663
0.67013888888888884
0.67361111111111105
0.67708333333333326
0.68055555555555547
0.68402777777777768
0.68749999999999989
0.6909722222222221
0.69444444444444453
0.69791666666666674
0.25
0.25
0.25
0.25
0.25
0.25
0.25
0.25
0.25
0.25
0.25
0.25
0.25
0.25
0.25
0.25
0.25
0.25
0.25
0.25
0.25
0.25
0.25
0.25
0.25
0.25
0.25
0.25
0.25
0.25
0.25
0.25
0.25
0.25
0.25
0.25
0.25
0.25
0.25
0.25
0.25
0.25
0.25
0.25
0.25
0.25
0.25
0.25
0.25
0.25
0.25
0.25
0.25
0.25
0.25
0.25
0.25
0.25
0.25
0.25
0.25
0.25
0.25
0.25
0.25
0.25
0.25
0.25
0.25
0.25
0.25
0.25
0.25
0.25
0.25
0.25
0.25
0.25
0.25
0.25
0.25
0.25
0.25
0.25
0.25
0.25
0.25
0.25
0.25
0.25
0.25
0.25172651933701662
0.25517955801104975
0.25863259668508287
0.262085635359116
0.26553867403314918
0.26899171270718231
0.27244475138121543
0.27589779005524862
0.2793508287292818
0.28280386740331492
0.28625690607734811
0.28970994475138123
0.29316298342541436
0.29661602209944748
0.30006906077348061
0.30352209944751379
0.30697513812154698
0.3104281767955801
0.31388121546961328
0.31733425414364641
0.32078729281767954
0.32424033149171272
0.32769337016574585
0.33114640883977897
0.33459944751381221
0.33805248618784534
0.34150552486187846
0.34495856353591159
0.34841160220994472
0.3518646408839779
0.35531767955801102
0.35877071823204421
0.36222375690607739
0.36567679558011051
0.36912983425414364
0.37258287292817682
0.37603591160220995
0.37948895027624308
0.3829419889502762
0.38639502762430944
0.38984806629834257
0.39330110497237569
0.39675414364640882
0.40020718232044195
0.40366022099447513
0.40711325966850825
0.41056629834254144
0.41401933701657462
0.41747237569060774
0.42092541436464093
0.42437845303867405
0.42783149171270718
0.43128453038674031
0.43473756906077343
0.43819060773480656
0.4416436464088398
0.44509668508287292
0.44854972375690605
0.45200276243093923
0.45545580110497236
0.45890883977900554
0.46236187845303867
0.46581491712707179
0.46926795580110503
0.47272099447513816
0.47617403314917128
0.47962707182320441
0.48308011049723754
0.48653314917127066
0.48998618784530384
0.49343922651933697
0.49689226519337015
0.5
0.5
0.5
0.5
0.5
0.5
0.5
0.5
0.5
0.5
0.5
0.5
0.5
0.5
0.5
0.5
0.5
0.5
0.5
0.5
0.5
0.5
0.5
0.5
0.5
0.5
0.5
0.5
0.5
0.5
0.5
0.5
0.5
0.5
0.5
0.5
0.5
0.50310773480662985
0.50656077348066286
0.5100138121546961
0.51346685082872923
0.51691988950276235
0.52037292817679559
0.52382596685082872
0.52727900552486184
0.53073204419889497
0.53418508287292821
0.53763812154696122
0.54109116022099446
0.54454419889502748
0.54799723756906071
0.55145027624309395
0.55490331491712697
0.5583563535911602
0.56180939226519333
0.56526243093922646
0.56871546961325958
0.57216850828729282
0.57562154696132595
0.57907458563535907
0.58252762430939231
0.58598066298342533
0.58943370165745856
0.59288674033149158
0.59633977900552482
0.59979281767955794
0.60324585635359118
0.60669889502762431
0.61015193370165743
0.61360497237569067
0.61705801104972369
0.62051104972375692
0.62396408839778994
0.62741712707182318
0.63087016574585641
0.63432320441988943
0.63777624309392267
0.64122928176795568
0.64468232044198892
0.64813535911602205
0.65158839779005517
0.65504143646408841
0.65849447513812154
0.66194751381215466
0.66540055248618779
0.66885359116022103
0.67230662983425404
0.67575966850828728
0.67921270718232041
0.68266574585635353
0.68611878453038677
0.6895718232044199
0.69302486187845314
0.25
0.25
0.25
0.25
0.25
0.25
0.25
0.25
0.25
0.25
0.25
0.25
0.25
0.25
0.25
0.25
0.25
0.25
0.25
0.25
0.25
0.25
0.25
0.25
0.25
0.25
0.25
0.25
0.25
0.25
0.25
0.25
0.25
0.25
0.25
0.25
0.25
0.25
0.25
0.25
0.25
0.25
0.25
0.25
0.25
0.25
0.25
0.25
0.25
0.25
0.25
0.25
0.25
0.25
0.25
0.25
0.25
0.25
0.25
0.25
0.25
0.25
0.25
0.25
0.25
0.25
0.25
0.25
0.25
0.25
0.25
0.25
0.25
0.25
0.25
0.25
0.25
0.25
0.25
0.25
0.25
0.25
0.25
0.25
0.25
0.25
0.25
0.25
0.25
0.25
0.25
0.25
0.25343406593406592
0.25686813186813184
0.26030219780219782
0.26373626373626374
0.26717032967032966
0.27060439560439559
0.27403846153846151
0.27747252747252743
0.28090659340659341
0.28434065934065933
0.28777472527472525
0.29120879120879117
0.2946428571428571
0.29807692307692302
0.30151098901098905
0.30494505494505497
0.30837912087912089
0.31181318681318682
0.31524725274725274
0.31868131868131871
0.32211538461538464
0.32554945054945056
0.32898351648351648
0.3324175824175824
0.33585164835164832
0.3392857142857143
0.34271978021978022
0.34615384615384615
0.34958791208791207
0.35302197802197799
0.35645604395604391
0.35989010989010994
0.36332417582417587
0.36675824175824179
0.37019230769230771
0.37362637362637363
0.37706043956043955
0.38049450549450547
0.3839285714285714
0.38736263736263732
0.39079670329670324
0.39423076923076916
0.3976648351648352
0.40109890109890112
0.40453296703296704
0.40796703296703296
0.41140109890109888
0.4148351648351648
0.41826923076923078
0.4217032967032967
0.42513736263736263
0.42857142857142855
0.43200549450549447
0.43543956043956039
0.43887362637362637
0.44230769230769229
0.44574175824175821
0.44917582417582413
0.45260989010989006
0.45604395604395609
0.45947802197802201
0.46291208791208793
0.46634615384615385
0.46978021978021978
0.4732142857142857
0.47664835164835168
0.4800824175824176
0.48351648351648352
0.48695054945054944
0.49038461538461536
0.49381868131868129
0.49725274725274726
0.5
0.5
0.5
0.5
0.5
0.5
0.5
0.5
0.5
0.5
0.5
0.5
0.5
0.5
0.5
0.5
0.5
0.5
0.5
0.5
0.5
0.5
0.5
0.5
0.5
0.5
0.5
0.5
0.5
0.5
0.5
0.5
0.5
0.5
0.5
0.5
0.5
0.50274725274725274
0.50618131868131866
0.50961538461538458
0.5130494505494505
0.51648351648351642
0.51991758241758235
0.52335164835164827
0.52678571428571419
0.53021978021978011
0.53365384615384603
0.53708791208791207
0.54052197802197799
0.54395604395604391
0.54739010989010983
0.55082417582417575
0.55425824175824168
0.5576923076923076
0.56112637362637352
0.56456043956043944
0.56799450549450536
0.57142857142857129
0.57486263736263743
0.57829670329670335
0.58173076923076927
0.5851648351648352
0.58859890109890112
0.59203296703296704
0.59546703296703296
0.59890109890109888
0.6023351648351648
0.60576923076923073
0.60920329670329665
0.61263736263736257
0.6160714285714286
0.61950549450549453
0.62293956043956045
0.62637362637362637
0.62980769230769229
0.63324175824175821
0.63667582417582413
0.64010989010989006
0.64354395604395598
0.6469780219780219
0.65041208791208782
0.65384615384615385
0.65728021978021978
0.6607142857142857
0.66414835164835162
0.66758241758241754
0.67101648351648346
0.67445054945054939
0.67788461538461531
0.68131868131868123
0.68475274725274715
0.68818681318681318
0.25
0.25
0.25
0.25
0.25
0.25
0.25
0.25
0.25
0.25
0.25
0.25
0.25
0.25
0.25
0.25
0.25
0.25
0.25
0.25
0.25
0.25
0.25
0.25
0.25
0.25
0.25
0.25
0.25
0.25
0.25
0.25
0.25
0.25
0.25
0.25
0.25
0.25
0.25
0.25
0.25
0.25
0.25
0.25
0.25
0.25
0.25
0.25
0.25
0.25
0.25
0.25
0.25
0.25
0.25
0.25
0.25
0.25
0.25
0.25
0.25
0.25
0.25
0.25
0.25
0.25
0.25
0.25
0.25
0.25
0.25
0.25
0.25
0.25
0.25
0.25
0.25
0.25
0.25
0.25
0.25
0.25
0.25
0.25
0.25
0.25
0.25
0.25
0.25
0.25
0.25
0.25
0.25170765027322406
0.25512295081967212
0.25853825136612024
0.26195355191256831
0.26536885245901642
0.26878415300546449
0.27219945355191261
0.27561475409836067
0.27903005464480879
0.2824453551912568
0.28586065573770492
0.28927595628415298
0.29269125683060104
0.29610655737704916
0.29952185792349728
0.30293715846994534
0.30635245901639341
0.30976775956284153
0.31318306010928965
0.31659836065573771
0.32001366120218577
0.32342896174863389
0.32684426229508201
0.33025956284153007
0.33367486338797814
0.33709016393442626
0.34050546448087438
0.34392076502732238
0.34733606557377045
0.35075136612021857
0.35416666666666663
0.35758196721311475
0.36099726775956281
0.36441256830601093
0.36782786885245899
0.37124316939890711
0.37465846994535518
0.37807377049180324
0.38148907103825136
0.38490437158469948
0.38831967213114754
0.39173497267759561
0.39515027322404372
0.39856557377049184
0.40198087431693991
0.40539617486338797
0.40881147540983603
0.4122267759562841
0.41564207650273222
0.41905737704918034
0.4224726775956284
0.42588797814207646
0.42930327868852458
0.4327185792349727
0.43613387978142076
0.43954918032786883
0.44296448087431695
0.44637978142076506
0.44979508196721313
0.45321038251366119
0.45662568306010931
0.46004098360655743
0.46345628415300549
0.46687158469945356
0.47028688524590156
0.47370218579234968
0.4771174863387978
0.48053278688524587
0.48394808743169393
0.48736338797814205
0.49077868852459017
0.49419398907103823
0.49760928961748629
0.5
0.5
0.5
0.5
0.5
0.5
0.5
0.5
0.5
0.5
0.5
0.5
0.5
0.5
0.5
0.5
0.5
0.5
0.5
0.5
0.5
0.5
0.5
0.5
0.5
0.5
0.5
0.5
0.5
0.5
0.5
0.5
0.5
0.5
0.5
0.5
0.5
0.50239071038251359
0.5058060109289616
0.50922131147540972
0.51263661202185784
0.51605191256830596
0.51946721311475397
0.52288251366120209
0.52629781420765021
0.52971311475409832
0.53312841530054633
0.53654371584699445
0.53995901639344257
0.54337431693989069
0.5467896174863387
0.55020491803278682
0.55362021857923494
0.55703551912568305
0.56045081967213106
0.56386612021857918
0.5672814207650273
0.57069672131147542
0.57411202185792343
0.57752732240437155
0.58094262295081966
0.58435792349726778
0.58777322404371579
0.59118852459016391
0.59460382513661203
0.59801912568306015
0.60143442622950816
0.60484972677595628
0.60826502732240439
0.61168032786885251
0.61509562841530063
0.61851092896174864
0.62192622950819676
0.62534153005464477
0.62875683060109278
0.63217213114754089
0.63558743169398901
0.63900273224043702
0.64241803278688514
0.64583333333333326
0.64924863387978138
0.6526639344262295
0.65607923497267751
0.65949453551912562
0.66290983606557374
0.66632513661202175
0.66974043715846987
0.67315573770491799
0.67657103825136611
0.67998633879781423
0.68340163934426224
0.25
0.25
0.25
0.25
0.25
0.25
0.25
0.25
0.25
0.25
0.25
0.25
0.25
0.25
0.25
0.25
0.25
0.25
0.25
0.25
0.25
0.25
0.25
0.25
0.25
0.25
0.25
0.25
0.25
0.25
0.25
0.25
0.25
0.25
0.25
0.25
0.25
0.25
0.25
0.25
0.25
0.25
0.25
0.25
0.25
0.25
0.25
0.25
0.25
0.25
0.25
0.25
0.25
0.25
0.25
0.25
0.25
0.25
0.25
0.25
0.25
0.25
0.25
0.25
0.25
0.25
0.25
0.25
0.25
0.25
0.25
0.25
0.25
0.25
0.25
0.25
0.25
0.25
0.25
0.25
0.25
0.25
0.25
0.25
0.25
0.25
0.25
0.25
0.25
0.25
0.25
0.25
0.25
0.25339673913043481
0.25679347826086962
0.26019021739130432
0.26358695652173914
0.26698369565217395
0.2703804347826087
0.27377717391304346
0.27717391304347827
0.28057065217391303
0.28396739130434784
0.28736413043478265
0.29076086956521735
0.29415760869565216
0.29755434782608697
0.30095108695652173
0.30434782608695654
0.3077445652173913
0.31114130434782605
0.31453804347826086
0.31793478260869568
0.32133152173913038
0.32472826086956519
0.328125
0.33152173913043481
0.33491847826086962
0.33831521739130432
0.34171195652173914
0.34510869565217395
0.3485054347826087
0.35190217391304346
0.35529891304347827
0.35869565217391303
0.36209239130434784
0.36548913043478265
0.36888586956521735
0.37228260869565216
0.37567934782608692
0.37907608695652173
0.38247282608695654
0.38586956521739124
0.38926630434782605
0.39266304347826086
0.39605978260869568
0.39945652173913038
0.40285326086956519
0.40625
0.40964673913043481
0.41304347826086962
0.41644021739130432
0.41983695652173914
0.42323369565217395
0.4266304347826087
0.43002717391304346
0.43342391304347827
0.43682065217391303
0.44021739130434784
0.44361413043478259
0.44701086956521735
0.45040760869565216
0.45380434782608692
0.45720108695652173
0.46059782608695654
0.46399456521739124
0.46739130434782605
0.47078804347826086
0.47418478260869568
0.47758152173913038
0.48097826086956519
0.484375
0.48777173913043481
0.49116847826086962
0.49456521739130432
0.49796195652173914
0.5
0.5
0.5
0.5
0.5
0.5
0.5
0.5
0.5
0.5
0.5
0.5
0.5
0.5
0.5
0.5
0.5
0.5
0.5
0.5
0.5
0.5
0.5
0.5
0.5
0.5
0.5
0.5
0.5
0.5
0.5
0.5
0.5
0.5
0.5
0.5
0.5
0.50203804347826075
0.50543478260869568
0.50883152173913038
0.51222826086956519
0.515625
0.5190217391304347
0.52241847826086951
0.52581521739130432
0.52921195652173914
0.53260869565217384
0.53600543478260865
0.53940217391304346
0.54279891304347816
0.54619565217391308
0.54959239130434778
0.55298913043478248
0.55638586956521741
0.55978260869565211
0.56317934782608681
0.56657608695652173
0.56997282608695643
0.57336956521739135
0.57676630434782605
0.58016304347826075
0.58355978260869568
0.58695652173913038
0.59035326086956519
0.59375
0.5971467391304347
0.60054347826086962
0.60394021739130432
0.60733695652173914
0.61073369565217384
0.61413043478260865
0.61752717391304346
0.62092391304347827
0.62432065217391308
0.62771739130434778
0.63111413043478248
0.63451086956521741
0.63790760869565211
0.64130434782608692
0.64470108695652173
0.64809782608695643
0.65149456521739135
0.65489130434782605
0.65828804347826075
0.66168478260869568
0.66508152173913038
0.66847826086956519
0.671875
0.6752717391304347
0.67866847826086962
0.25
0.25
0.25
0.25
0.25
0.25
0.25
0.25
0.25
0.25
0.25
0.25
0.25
0.25
0.25
0.25
0.25
0.25
0.25
0.25
0.25
0.25
0.25
0.25
0.25
0.25
0.25
0.25
0.25
0.25
0.25
0.25
0.25
0.25
0.25
0.25
0.25
0.25
0.25
0.25
0.25
0.25
0.25
0.25
0.25
0.25
0.25
0.25
0.25
0.25
0.25
0.25
0.25
0.25
0.25
0.25
0.25
0.25
0.25
0.25
0.25
0.25
0.25
0.25
0.25
0.25
0.25
0.25
0.25
0.25
0.25
0.25
0.25
0.25
0.25
0.25
0.25
0.25
0.25
0.25
0.25
0.25
0.25
0.25
0.25
0.25
0.25
0.25
0.25
0.25
0.25
0.25
0.25
0.25168918918918914
0.2550675675675676
0.25844594594594594
0.26182432432432434
0.26520270270270269
0.26858108108108109
0.27195945945945943
0.27533783783783783
0.27871621621621623
0.28209459459459463
0.28547297297297297
0.28885135135135137
0.29222972972972971
0.29560810810810811
0.29898648648648646
0.30236486486486491
0.3057432432432432
0.30912162162162166
0.3125
0.3158783783783784
0.31925675675675674
0.32263513513513514
0.32601351351351349
0.32939189189189189
0.33277027027027029
0.33614864864864868
0.33952702702702703
0.34290540540540543
0.34628378378378377
0.34966216216216217
0.35304054054054052
0.35641891891891897
0.35979729729729726
0.36317567567567571
0.36655405405405406
0.36993243243243246
0.3733108108108108
0.3766891891891892
0.38006756756756754
0.38344594594594594
0.38682432432432434
0.39020270270270274
0.39358108108108103
0.39695945945945948
0.40033783783783783
0.40371621621621623
0.40709459459459457
0.41047297297297303
0.41385135135135132
0.41722972972972971
0.42060810810810811
0.42398648648648651
0.42736486486486486
0.43074324324324326
0.4341216216216216
0.4375
0.4408783783783784
0.4442567567567568
0.44763513513513509
0.45101351351351354
0.45439189189189189
0.45777027027027029
0.46114864864864863
0.46452702702702708
0.46790540540540537
0.47128378378378377
0.47466216216216217
0.47804054054054057
0.48141891891891891
0.48479729729729731
0.48817567567567566
0.49155405405405406
0.49493243243243246
0.49831081081081086
0.5
0.5
0.5
0.5
0.5
0.5
0.5
0.5
0.5
0.5
0.5
0.5
0.5
0.5
0.5
0.5
0.5
0.5
0.5
0.5
0.5
0.5
0.5
0.5
0.5
0.5
0.5
0.5
0.5
0.5
0.5
0.5
0.5
0.5
0.5
0.5
0.5
0.50168918918918914
0.50506756756756754
0.50844594594594583
0.51182432432432423
0.51520270270270274
0.51858108108108103
0.52195945945945943
0.52533783783783772
0.52871621621621623
0.53209459459459452
0.53547297297297292
0.5388513513513512
0.54222972972972971
0.54560810810810811
0.5489864864864864
0.5523648648648648
0.5557432432432432
0.5591216216216216
0.56249999999999989
0.56587837837837829
0.5692567567567568
0.57263513513513509
0.57601351351351349
0.57939189189189177
0.58277027027027029
0.58614864864864857
0.58952702702702697
0.59290540540540526
0.59628378378378377
0.59966216216216217
0.60304054054054046
0.60641891891891886
0.60979729729729737
0.61317567567567566
0.61655405405405395
0.61993243243243235
0.62331081081081086
0.62668918918918914
0.63006756756756754
0.63344594594594583
0.63682432432432434
0.64020270270270263
0.64358108108108103
0.64695945945945943
0.65033783783783783
0.65371621621621623
0.65709459459459452
0.66047297297297292
0.66385135135135132
0.66722972972972971
0.67060810810810811
0.6739864864864864
0.25
0.25
0.25
0.25
0.25
0.25
0.25
0.25
0.25
0.25
0.25
0.25
0.25
0.25
0.25
0.25
0.25
0.25
0.25
0.25
0.25
0.25
0.25
0.25
0.25
0.25
0.25
0.25
0.25
0.25
0.25
0.25
0.25
0.25
0.25
0.25
0.25
0.25
0.25
0.25
0.25
0.25
0.25
0.25
0.25
0.25
0.25
0.25
0.25
0.25
0.25
0.25
0.25
0.25
0.25
0.25
0.25
0.25
0.25
0.25
0.25
0.25
0.25
0.25
0.25
0.25
0.25
0.25
0.25
0.25
0.25
0.25
0.25
0.25
0.25
0.25
0.25
0.25
0.25
0.25
0.25
0.25
0.25
0.25
0.25
0.25
0.25
0.25
0.25
0.25
0.25
0.25
0.25
0.25
0.25336021505376344
0.25672043010752688
0.26008064516129031
0.26344086021505375
0.26680107526881719
0.27016129032258063
0.27352150537634407
0.2768817204301075
0.28024193548387094
0.28360215053763438
0.28696236559139782
0.29032258064516131
0.29368279569892475
0.29704301075268819
0.30040322580645162
0.30376344086021506
0.3071236559139785
0.31048387096774194
0.31384408602150538
0.31720430107526881
0.32056451612903225
0.32392473118279569
0.32728494623655913
0.33064516129032256
0.334005376344086
0.33736559139784944
0.34072580645161288
0.34408602150537632
0.34744623655913975
0.35080645161290319
0.35416666666666663
0.35752688172043007
0.36088709677419351
0.36424731182795694
0.36760752688172049
0.37096774193548387
0.37432795698924737
0.37768817204301075
0.38104838709677424
0.38440860215053763
0.38776881720430112
0.3911290322580645
0.394489247311828
0.39784946236559138
0.40120967741935487
0.40456989247311825
0.40793010752688175
0.41129032258064513
0.41465053763440862
0.418010752688172
0.4213709677419355
0.42473118279569888
0.42809139784946237
0.43145161290322576
0.43481182795698925
0.43817204301075263
0.44153225806451613
0.44489247311827951
0.448252688172043
0.45161290322580649
0.45497311827956988
0.45833333333333337
0.46169354838709675
0.46505376344086025
0.46841397849462363
0.47177419354838712
0.4751344086021505
0.478494623655914
0.48185483870967738
0.48521505376344087
0.48857526881720426
0.49193548387096775
0.49529569892473113
0.49865591397849462
0.5
0.5
0.5
0.5
0.5
0.5
0.5
0.5
0.5
0.5
0.5
0.5
0.5
0.5
0.5
0.5
0.5
0.5
0.5
0.5
0.5
0.5
0.5
0.5
0.5
0.5
0.5
0.5
0.5
0.5
0.5
0.5
0.5
0.5
0.5
0.5
0.5
0.50134408602150526
0.50470430107526876
0.50806451612903214
0.51142473118279563
0.51478494623655902
0.51814516129032262
0.521505376344086
0.5248655913978495
0.52822580645161288
0.53158602150537637
0.53494623655913975
0.53830645161290325
0.54166666666666663
0.54502688172043012
0.54838709677419351
0.551747311827957
0.55510752688172038
0.55846774193548387
0.56182795698924726
0.56518817204301075
0.56854838709677413
0.57190860215053763
0.57526881720430101
0.5786290322580645
0.58198924731182788
0.58534946236559138
0.58870967741935476
0.59206989247311825
0.59543010752688175
0.59879032258064513
0.60215053763440851
0.605510752688172
0.6088709677419355
0.61223118279569888
0.61559139784946226
0.61895161290322576
0.62231182795698925
0.62567204301075263
0.62903225806451601
0.63239247311827951
0.635752688172043
0.63911290322580638
0.64247311827956977
0.64583333333333326
0.64919354838709675
0.65255376344086014
0.65591397849462352
0.65927419354838701
0.6626344086021505
0.66599462365591389
0.66935483870967727
0.25
0.25
0.25
0.25
0.25
0.25
0.25
0.25
0.25
0.25
0.25
0.25
0.25
0.25
0.25
0.25
0.25
0.25
0.25
0.25
0.25
0.25
0.25
0.25
0.25
0.25
0.25
0.25
0.25
0.25
0.25
0.25
0.25
0.25
0.25
0.25
0.25
0.25
0.25
0.25
0.25
0.25
0.25
0.25
0.25
0.25
0.25
0.25
0.25
0.25
0.25
0.25
0.25
0.25
0.25
0.25
0.25
0.25
0.25
0.25
0.25
0.25
0.25
0.25
0.25
0.25
0.25
0.25
0.25
0.25
0.25
0.25
0.25
0.25
0.25
0.25
0.25
0.25
0.25
0.25
0.25
0.25
0.25
0.25
0.25
0.25
0.25
0.25
0.25
0.25
0.25
0.25
0.25
0.25
0.25167112299465244
0.25501336898395721
0.25835561497326209
0.26169786096256681
0.26504010695187163
0.26838235294117646
0.27172459893048129
0.27506684491978611
0.27840909090909088
0.28175133689839571
0.28509358288770054
0.28843582887700536
0.29177807486631019
0.29512032085561496
0.29846256684491979
0.30180481283422461
0.30514705882352944
0.30848930481283426
0.31183155080213898
0.31517379679144386
0.31851604278074863
0.32185828877005351
0.32520053475935828
0.32854278074866305
0.33188502673796788
0.33522727272727271
0.33856951871657753
0.34191176470588236
0.34525401069518719
0.34859625668449196
0.35193850267379678
0.35528074866310161
0.35862299465240643
0.36196524064171126
0.36530748663101603
0.36864973262032086
0.37199197860962568
0.37533422459893051
0.37867647058823528
0.38201871657754005
0.38536096256684493
0.3887032085561497
0.39204545454545459
0.39538770053475936
0.39872994652406413
0.40207219251336895
0.40541443850267378
0.40875668449197861
0.41209893048128343
0.4154411764705882
0.41878342245989303
0.42212566844919786
0.42546791443850268
0.42881016042780751
0.43215240641711233
0.43549465240641705
0.43883689839572193
0.4421791443850267
0.44552139037433158
0.44886363636363635
0.45220588235294112
0.45554812834224601
0.45889037433155078
0.46223262032085566
0.46557486631016043
0.4689171122994652
0.47225935828877003
0.47560160427807485
0.47894385026737968
0.4822860962566845
0.48562834224598928
0.4889705882352941
0.49231283422459893
0.49565508021390375
0.49899732620320858
0.5
0.5
0.5
0.5
0.5
0.5
0.5
0.5
0.5
0.5
0.5
0.5
0.5
0.5
0.5
0.5
0.5
0.5
0.5
0.5
0.5
0.5
0.5
0.5
0.5
0.5
0.5
0.5
0.5
0.5
0.5
0.5
0.5
0.5
0.5
0.5
0.5
0.50100267379679142
0.50434491978609619
0.50768716577540107
0.51102941176470584
0.51437165775401072
0.5177139037433155
0.52105614973262038
0.52439839572192504
0.52774064171122981
0.53108288770053469
0.53442513368983946
0.53776737967914434
0.54110962566844911
0.54445187165775399
0.54779411764705876
0.55113636363636365
0.55447860962566842
0.5578208556149733
0.56116310160427796
0.56450534759358284
0.56784759358288761
0.57118983957219249
0.57453208556149726
0.57787433155080214
0.58121657754010692
0.5845588235294118
0.58790106951871657
0.59124331550802145
0.59458556149732611
0.59792780748663099
0.60127005347593576
0.60461229946524053
0.60795454545454541
0.6112967914438503
0.61463903743315507
0.61798128342245984
0.62132352941176472
0.6246657754010696
0.62800802139037437
0.63135026737967903
0.63469251336898391
0.63803475935828868
0.64137700534759357
0.64471925133689834
0.64806149732620322
0.65140374331550799
0.65474598930481287
0.65808823529411764
0.66143048128342252
0.66477272727272718
0.25
0.25
0.25
0.25
0.25
0.25
0.25
0.25
0.25
0.25
0.25
0.25
0.25
0.25
0.25
0.25
0.25
0.25
0.25
0.25
0.25
0.25
0.25
0.25
0.25
0.25
0.25
0.25
0.25
0.25
0.25
0.25
0.25
0.25
0.25
0.25
0.25
0.25
0.25
0.25
0.25
0.25
0.25
0.25
0.25
0.25
0.25
0.25
0.25
0.25
0.25
0.25
0.25
0.25
0.25
0.25
0.25
0.25
0.25
0.25
0.25
0.25
0.25
0.25
0.25
0.25
0.25
0.25
0.25
0.25
0.25
0.25
0.25
0.25
0.25
0.25
0.25
0.25
0.25
0.25
0.25
0.25
0.25
0.25
0.25
0.25
0.25
0.25
0.25
0.25
0.25
0.25
0.25
0.25
0.25
0.25332446808510639
0.25664893617021273
0.25997340425531912
0.26329787234042556
0.2666223404255319
0.26994680851063829
0.27327127659574468
0.27659574468085102
0.27992021276595747
0.28324468085106386
0.28656914893617019
0.28989361702127658
0.29321808510638298
0.29654255319148937
0.2998670212765957
0.30319148936170215
0.30651595744680854
0.30984042553191488
0.31316489361702127
0.31648936170212771
0.31981382978723405
0.32313829787234044
0.32646276595744683
0.32978723404255317
0.33311170212765956
0.33643617021276595
0.33976063829787229
0.34308510638297873
0.34640957446808512
0.34973404255319146
0.35305851063829785
0.3563829787234043
0.35970744680851063
0.36303191489361702
0.36635638297872342
0.36968085106382981
0.37300531914893614
0.37632978723404253
0.37965425531914898
0.38297872340425532
0.38630319148936171
0.3896276595744681
0.39295212765957444
0.39627659574468088
0.39960106382978722
0.40292553191489355
0.40625
0.40957446808510639
0.41289893617021273
0.41622340425531912
0.41954787234042556
0.4228723404255319
0.42619680851063829
0.42952127659574468
0.43284574468085102
0.43617021276595747
0.4394946808510638
0.44281914893617014
0.44614361702127658
0.44946808510638298
0.45279255319148937
0.4561170212765957
0.45944148936170215
0.46276595744680854
0.46609042553191488
0.46941489361702127
0.47273936170212771
0.47606382978723405
0.47938829787234039
0.48271276595744683
0.48603723404255317
0.48936170212765956
0.49268617021276595
0.49601063829787229
0.49933510638297873
0.5
0.5
0.5
0.5
0.5
0.5
0.5
0.5
0.5
0.5
0.5
0.5
0.5
0.5
0.5
0.5
0.5
0.5
0.5
0.5
0.5
0.5
0.5
0.5
0.5
0.5
0.5
0.5
0.5
0.5
0.5
0.5
0.5
0.5
0.5
0.5
0.5
0.50066489361702116
0.5039893617021276
0.50731382978723394
0.51063829787234027
0.51396276595744683
0.51728723404255317
0.52061170212765961
0.52393617021276595
0.52726063829787229
0.53058510638297873
0.53390957446808507
0.5372340425531914
0.54055851063829785
0.54388297872340419
0.54720744680851052
0.55053191489361708
0.55385638297872342
0.55718085106382975
0.5605053191489362
0.56382978723404253
0.56715425531914887
0.57047872340425532
0.57380319148936165
0.57712765957446799
0.58045212765957444
0.58377659574468077
0.58710106382978711
0.59042553191489366
0.59375
0.59707446808510634
0.60039893617021278
0.60372340425531912
0.60704787234042545
0.6103723404255319
0.61369680851063824
0.61702127659574457
0.62034574468085113
0.62367021276595747
0.6269946808510638
0.63031914893617025
0.63364361702127658
0.63696808510638292
0.64029255319148937
0.6436170212765957
0.64694148936170204
0.65026595744680848
0.65359042553191482
0.65691489361702116
0.6602393617021276
0.25
0.25
0.25
0.25
0.25
0.25
0.25
0.25
0.25
0.25
0.25
0.25
0.25
0.25
0.25
0.25
0.25
0.25
0.25
0.25
0.25
0.25
0.25
0.25
0.25
0.25
0.25
0.25
0.25
0.25
0.25
0.25
0.25
0.25
0.25
0.25
0.25
0.25
0.25
0.25
0.25
0.25
0.25
0.25
0.25
0.25
0.25
0.25
0.25
0.25
0.25
0.25
0.25
0.25
0.25
0.25
0.25
0.25
0.25
0.25
0.25
0.25
0.25
0.25
0.25
0.25
0.25
0.25
0.25
0.25
0.25
0.25
0.25
0.25
0.25
0.25
0.25
0.25
0.25
0.25
0.25
0.25
0.25
0.25
0.25
0.25
0.25
0.25
0.25
0.25
0.25
0.25
0.25
0.25
0.25
0.25165343915343918
0.25496031746031744
0.25826719576719581
0.26157407407407407
0.26488095238095238
0.2681878306878307
0.27149470899470901
0.27480158730158727
0.27810846560846564
0.2814153439153439
0.28472222222222221
0.28802910052910052
0.29133597883597884
0.2946428571428571
0.29794973544973546
0.30125661375661372
0.30456349206349209
0.30787037037037035
0.31117724867724872
0.31448412698412698
0.31779100529100529
0.3210978835978836
0.32440476190476192
0.32771164021164018
0.33101851851851855
0.3343253968253968
0.33763227513227512
0.34093915343915343
0.34424603174603174
0.34755291005291
0.35085978835978837
0.35416666666666663
0.357473544973545
0.36078042328042326
0.36408730158730163
0.36739417989417988
0.3707010582010582
0.37400793650793651
0.37731481481481483
0.38062169312169308
0.3839285714285714
0.38723544973544971
0.39054232804232802
0.39384920634920628
0.39715608465608465
0.40046296296296291
0.40376984126984128
0.40707671957671954
0.41038359788359791
0.41369047619047616
0.41699735449735453
0.42030423280423279
0.4236111111111111
0.42691798941798942
0.43022486772486773
0.43353174603174599
0.4368386243386243
0.44014550264550262
0.44345238095238093
0.44675925925925919
0.45006613756613756
0.45337301587301582
0.45667989417989419
0.45998677248677244
0.46329365079365081
0.46660052910052907
0.46990740740740744
0.4732142857142857
0.47652116402116401
0.47982804232804233
0.48313492063492064
0.4864417989417989
0.48974867724867721
0.49305555555555552
0.49636243386243384
0.4996693121693121
0.5
0.5
0.5
0.5
0.5
0.5
0.5
0.5
0.5
0.5
0.5
0.5
0.5
0.5
0.5
0.5
0.5
0.5
0.5
0.5
0.5
0.5
0.5
0.5
0.5
0.5
0.5
0.5
0.5
0.5
0.5
0.5
0.5
0.5
0.5
0.5
0.5
0.50033068783068779
0.50363756613756605
0.50694444444444442
0.51025132275132279
0.51355820105820094
0.51686507936507931
0.52017195767195767
0.52347883597883604
0.52678571428571419
0.53009259259259256
0.53339947089947093
0.53670634920634919
0.54001322751322745
0.54332010582010581
0.54662698412698407
0.54993386243386244
0.5532407407407407
0.55654761904761896
0.55985449735449733
0.5631613756613757
0.56646825396825384
0.56977513227513221
0.57308201058201058
0.57638888888888895
0.5796957671957671
0.58300264550264547
0.58630952380952384
0.58961640211640209
0.59292328042328035
0.59623015873015872
0.59953703703703698
0.60284391534391535
0.60615079365079361
0.60945767195767186
0.61276455026455023
0.6160714285714286
0.61937830687830675
0.62268518518518512
0.62599206349206349
0.62929894179894186
0.63260582010582
0.63591269841269837
0.63921957671957674
0.64252645502645511
0.64583333333333326
0.64914021164021163
0.65244708994709
0.65575396825396826
0.25
0.25
0.25
0.25
0.25
0.25
0.25
0.25
0.25
0.25
0.25
0.25
0.25
0.25
0.25
0.25
0.25
0.25
0.25
0.25
0.25
0.25
0.25
0.25
0.25
0.25
0.25
0.25
0.25
0.25
0.25
0.25
0.25
0.25
0.25
0.25
0.25
0.25
0.25
0.25
0.25
0.25
0.25
0.25
0.25
0.25
0.25
0.25
0.25
0.25
0.25
0.25
0.25
0.25
0.25
0.25
0.25
0.25
0.25
0.25
0.25
0.25
0.25
0.25
0.25
0.25
0.25
0.25
0.25
0.25
0.25
0.25
0.25
0.25
0.25
0.25
0.25
0.25
0.25
0.25
0.25
0.25
0.25
0.25
0.25
0.25
0.25
0.25
0.25
0.25
0.25
0.25
0.25
0.25
0.25
0.25
0.25328947368421051
0.25657894736842107
0.25986842105263164
0.26315789473684209
0.2664473684210526
0.26973684210526316
0.27302631578947367
0.27631578947368424
0.27960526315789475
0.28289473684210531
0.28618421052631576
0.28947368421052633
0.29276315789473684
0.29605263157894735
0.29934210526315791
0.30263157894736847
0.30592105263157893
0.30921052631578944
0.3125
0.31578947368421051
0.31907894736842107
0.32236842105263158
0.32565789473684215
0.3289473684210526
0.33223684210526316
0.33552631578947367
0.33881578947368418
0.34210526315789475
0.34539473684210531
0.34868421052631582
0.35197368421052627
0.35526315789473684
0.35855263157894735
0.36184210526315791
0.36513157894736842
0.36842105263157898
0.37171052631578949
0.375
0.37828947368421051
0.38157894736842102
0.38486842105263158
0.38815789473684215
0.39144736842105265
0.39473684210526316
0.39802631578947367
0.40131578947368418
0.40460526315789469
0.40789473684210525
0.41118421052631582
0.41447368421052633
0.41776315789473684
0.42105263157894735
0.42434210526315785
0.42763157894736842
0.43092105263157898
0.43421052631578949
0.4375
0.44078947368421051
0.44407894736842102
0.44736842105263153
0.45065789473684209
0.45394736842105265
0.45723684210526316
0.46052631578947367
0.46381578947368418
0.46710526315789469
0.47039473684210525
0.47368421052631582
0.47697368421052633
0.48026315789473684
0.4835526315789474
0.48684210526315785
0.49013157894736836
0.49342105263157893
0.49671052631578949
0.5
0.5
0.5
0.5
0.5
0.5
0.5
0.5
0.5
0.5
0.5
0.5
0.5
0.5
0.5
0.5
0.5
0.5
0.5
0.5
0.5
0.5
0.5
0.5
0.5
0.5
0.5
0.5
0.5
0.5
0.5
0.5
0.5
0.5
0.5
0.5
0.5
0.5
0.5
0.50328947368421051
0.50657894736842091
0.50986842105263153
0.51315789473684204
0.51644736842105254
0.51973684210526305
0.52302631578947367
0.52631578947368418
0.52960526315789469
0.5328947368421052
0.53618421052631582
0.53947368421052633
0.54276315789473684
0.54605263157894735
0.54934210526315774
0.55263157894736836
0.55592105263157887
0.55921052631578938
0.56249999999999989
0.56578947368421051
0.56907894736842102
0.57236842105263153
0.57565789473684204
0.57894736842105265
0.58223684210526316
0.58552631578947367
0.58881578947368418
0.5921052631578948
0.5953947368421052
0.59868421052631571
0.60197368421052622
0.60526315789473673
0.60855263157894735
0.61184210526315785
0.61513157894736836
0.61842105263157898
0.62171052631578949
0.625
0.62828947368421051
0.63157894736842102
0.63486842105263164
0.63815789473684215
0.64144736842105254
0.64473684210526305
0.64802631578947367
0.65131578947368418
0.25
0.25
0.25
0.25
0.25
0.25
0.25
0.25
0.25
0.25
0.25
0.25
0.25
0.25
0.25
0.25
0.25
0.25
0.25
0.25
0.25
0.25
0.25
0.25
0.25
0.25
0.25
0.25
0.25
0.25
0.25
0.25
0.25
0.25
0.25
0.25
0.25
0.25
0.25
0.25
0.25
0.25
0.25
0.25
0.25
0.25
0.25
0.25
0.25
0.25
0.25
0.25
0.25
0.25
0.25
0.25
0.25
0.25
0.25
0.25
0.25
0.25
0.25
0.25
0.25
0.25
0.25
0.25
0.25
0.25
0.25
0.25
0.25
0.25
0.25
0.25
0.25
0.25
0.25
0.25
0.25
0.25
0.25
0.25
0.25
0.25
0.25
0.25
0.25
0.25
0.25
0.25
0.25
0.25
0.25
0.25
0.25163612565445026
0.25490837696335078
0.2581806282722513
0.26145287958115188
0.26472513089005234
0.26799738219895286
0.27126963350785338
0.2745418848167539
0.27781413612565448
0.28108638743455494
0.28435863874345552
0.28763089005235598
0.29090314136125656
0.29417539267015708
0.29744764397905765
0.30071989528795812
0.30399214659685858
0.30726439790575916
0.31053664921465968
0.31380890052356025
0.31708115183246072
0.32035340314136129
0.32362565445026176
0.32689790575916233
0.33017015706806285
0.33344240837696332
0.33671465968586389
0.33998691099476436
0.34325916230366493
0.34653141361256545
0.34980366492146597
0.35307591623036649
0.35634816753926701
0.35962041884816753
0.36289267015706811
0.36616492146596857
0.36943717277486909
0.37270942408376961
0.37598167539267013
0.37925392670157065
0.38252617801047117
0.38579842931937175
0.38907068062827221
0.39234293193717279
0.39561518324607325
0.39888743455497377
0.40215968586387435
0.40543193717277481
0.40870418848167539
0.41197643979057585
0.41524869109947649
0.41852094240837695
0.42179319371727753
0.42506544502617799
0.42833769633507857
0.43160994764397909
0.43488219895287955
0.43815445026178013
0.44142670157068059
0.44469895287958117
0.44797120418848169
0.45124345549738221
0.45451570680628273
0.45778795811518325
0.46106020942408377
0.46433246073298429
0.46760471204188481
0.47087696335078533
0.47414921465968585
0.47742146596858637
0.48069371727748689
0.48396596858638741
0.48723821989528798
0.49051047120418845
0.49378272251308902
0.49705497382198949
0.5
0.5
0.5
0.5
0.5
0.5
0.5
0.5
0.5
0.5
0.5
0.5
0.5
0.5
0.5
0.5
0.5
0.5
0.5
0.5
0.5
0.5
0.5
0.5
0.5
0.5
0.5
0.5
0.5
0.5
0.5
0.5
0.5
0.5
0.5
0.5
0.5
0.5
0.5
0.50294502617801051
0.50621727748691103
0.50948952879581144
0.51276178010471196
0.51603403141361248
0.51930628272251311
0.52257853403141363
0.52585078534031404
0.52912303664921456
0.53239528795811519
0.53566753926701571
0.53893979057591623
0.54221204188481664
0.54548429319371716
0.54875654450261779
0.55202879581151831
0.55530104712041883
0.55857329842931924
0.56184554973821987
0.56511780104712039
0.56839005235602091
0.57166230366492143
0.57493455497382184
0.57820680628272247
0.58147905759162299
0.58475130890052351
0.58802356020942403
0.59129581151832467
0.59456806282722519
0.59784031413612559
0.60111256544502611
0.60438481675392663
0.60765706806282727
0.61092931937172779
0.61420157068062819
0.61747382198952872
0.62074607329842935
0.62401832460732987
0.62729057591623039
0.6305628272251308
0.63383507853403143
0.63710732984293195
0.64037958115183247
0.64365183246073299
0.6469240837696334
0.25
0.25
0.25
0.25
0.25
0.25
0.25
0.25
0.25
0.25
0.25
0.25
0.25
0.25
0.25
0.25
0.25
0.25
0.25
0.25
0.25
0.25
0.25
0.25
0.25
0.25
0.25
0.25
0.25
0.25
0.25
0.25
0.25
0.25
0.25
0.25
0.25
0.25
0.25
0.25
0.25
0.25
0.25
0.25
0.25
0.25
0.25
0.25
0.25
0.25
0.25
0.25
0.25
0.25
0.25
0.25
0.25
0.25
0.25
0.25
0.25
0.25
0.25
0.25
0.25
0.25
0.25
0.25
0.25
0.25
0.25
0.25
0.25
0.25
0.25
0.25
0.25
0.25
0.25
0.25
0.25
0.25
0.25
0.25
0.25
0.25
0.25
0.25
0.25
0.25
0.25
0.25
0.25
0.25
0.25
0.25
0.25
0.25325520833333337
0.25651041666666663
0.259765625
0.26302083333333337
0.26627604166666663
0.26953125
0.27278645833333337
0.27604166666666663
0.279296875
0.28255208333333337
0.28580729166666663
0.2890625
0.29231770833333337
0.29557291666666663
0.298828125
0.30208333333333337
0.30533854166666663
0.30859375
0.31184895833333337
0.31510416666666663
0.318359375
0.32161458333333337
0.32486979166666663
0.328125
0.33138020833333337
0.33463541666666663
0.337890625
0.34114583333333337
0.34440104166666663
0.34765625
0.35091145833333337
0.35416666666666663
0.357421875
0.36067708333333337
0.36393229166666663
0.3671875
0.37044270833333337
0.37369791666666663
0.376953125
0.38020833333333337
0.38346354166666663
0.38671875
0.38997395833333337
0.39322916666666663
0.396484375
0.39973958333333337
0.40299479166666663
0.40625
0.40950520833333337
0.41276041666666663
0.416015625
0.41927083333333337
0.42252604166666663
0.42578125
0.42903645833333337
0.43229166666666663
0.435546875
0.43880208333333337
0.44205729166666663
0.4453125
0.44856770833333337
0.45182291666666663
0.455078125
0.45833333333333337
0.46158854166666663
0.46484375
0.46809895833333337
0.47135416666666663
0.474609375
0.47786458333333337
0.48111979166666663
0.484375
0.48763020833333337
0.49088541666666663
0.494140625
0.49739583333333337
0.5
0.5
0.5
0.5
0.5
0.5
0.5
0.5
0.5
0.5
0.5
0.5
0.5
0.5
0.5
0.5
0.5
0.5
0.5
0.5
0.5
0.5
0.5
0.5
0.5
0.5
0.5
0.5
0.5
0.5
0.5
0.5
0.5
0.5
0.5
0.5
0.5
0.5
0.5
0.50260416666666663
0.505859375
0.50911458333333326
0.51236979166666663
0.515625
0.51888020833333326
0.52213541666666663
0.525390625
0.52864583333333326
0.53190104166666663
0.53515625
0.53841145833333326
0.54166666666666663
0.544921875
0.54817708333333326
0.55143229166666663
0.5546875
0.55794270833333326
0.56119791666666663
0.564453125
0.56770833333333326
0.57096354166666663
0.57421875
0.57747395833333326
0.58072916666666663
0.583984375
0.58723958333333326
0.59049479166666663
0.59375
0.59700520833333326
0.60026041666666674
0.603515625
0.60677083333333326
0.61002604166666674
0.61328125
0.61653645833333326
0.61979166666666674
0.623046875
0.62630208333333326
0.62955729166666674
0.6328125
0.63606770833333326
0.63932291666666674
0.642578125
0.25
0.25
0.25
0.25
0.25
0.25
0.25
0.25
0.25
0.25
0.25
0.25
0.25
0.25
0.25
0.25
0.25
0.25
0.25
0.25
0.25
0.25
0.25
0.25
0.25
0.25
0.25
0.25
0.25
0.25
0.25
0.25
0.25
0.25
0.25
0.25
0.25
0.25
0.25
0.25
0.25
0.25
0.25
0.25
0.25
0.25
0.25
0.25
0.25
0.25
0.25
0.25
0.25
0.25
0.25
0.25
0.25
0.25
0.25
0.25
0.25
0.25
0.25
0.25
0.25
0.25
0.25
0.25
0.25
0.25
0.25
0.25
0.25
0.25
0.25
0.25
0.25
0.25
0.25
0.25
0.25
0.25
0.25
0.25
0.25
0.25
0.25
0.25
0.25
0.25
0.25
0.25
0.25
0.25
0.25
0.25
0.25
0.25161917098445596
0.25485751295336789
0.25809585492227982
0.26133419689119169
0.26457253886010362
0.26781088082901555
0.27104922279792748
0.27428756476683941
0.27752590673575134
0.28076424870466321
0.28400259067357514
0.28724093264248707
0.290479274611399
0.29371761658031093
0.29695595854922285
0.30019430051813467
0.3034326424870466
0.30667098445595853
0.30990932642487046
0.31314766839378239
0.31638601036269431
0.31962435233160619
0.32286269430051812
0.32610103626943004
0.32933937823834197
0.3325777202072539
0.33581606217616583
0.3390544041450777
0.34229274611398963
0.34553108808290156
0.34876943005181349
0.35200777202072542
0.35524611398963735
0.35848445595854916
0.36172279792746109
0.36496113989637302
0.36819948186528495
0.37143782383419688
0.37467616580310881
0.37791450777202068
0.38115284974093261
0.38439119170984454
0.38762953367875647
0.39086787564766839
0.39410621761658032
0.3973445595854922
0.40058290155440412
0.40382124352331605
0.40705958549222798
0.41029792746113991
0.41353626943005184
0.41677461139896366
0.42001295336787559
0.42325129533678751
0.42648963730569944
0.42972797927461137
0.4329663212435233
0.43620466321243523
0.43944300518134716
0.44268134715025909
0.44591968911917101
0.44915803108808294
0.45239637305699487
0.45563471502590669
0.45887305699481862
0.46211139896373055
0.46534974093264247
0.4685880829015544
0.47182642487046633
0.47506476683937821
0.47830310880829013
0.48154145077720206
0.48477979274611399
0.48801813471502592
0.49125647668393785
0.49449481865284972
0.49773316062176165
0.5
0.5
0.5
0.5
0.5
0.5
0.5
0.5
0.5
0.5
0.5
0.5
0.5
0.5
0.5
0.5
0.5
0.5
0.5
0.5
0.5
0.5
0.5
0.5
0.5
0.5
0.5
0.5
0.5
0.5
0.5
0.5
0.5
0.5
0.5
0.5
0.5
0.5
0.5
0.50226683937823824
0.50550518134715017
0.5087435233160621
0.51198186528497402
0.51522020725388595
0.51845854922279788
0.52169689119170981
0.52493523316062174
0.52817357512953367
0.5314119170984456
0.53465025906735753
0.53788860103626934
0.54112694300518127
0.5443652849740932
0.54760362694300513
0.55084196891191706
0.55408031088082899
0.55731865284974091
0.56055699481865284
0.56379533678756477
0.5670336787564767
0.57027202072538863
0.57351036269430056
0.57674870466321237
0.5799870466321243
0.58322538860103623
0.58646373056994816
0.58970207253886009
0.59294041450777202
0.59617875647668395
0.59941709844559588
0.6026554404145078
0.60589378238341973
0.60913212435233166
0.61237046632124359
0.61560880829015541
0.61884715025906734
0.62208549222797926
0.62532383419689119
0.62856217616580312
0.63180051813471505
0.63503886010362698
0.63827720207253891
0.25
0.25
0.25
0.25
0.25
0.25
0.25
0.25
0.25
0.25
0.25
0.25
0.25
0.25
0.25
0.25
0.25
0.25
0.25
0.25
0.25
0.25
0.25
0.25
0.25
0.25
0.25
0.25
0.25
0.25
0.25
0.25
0.25
0.25
0.25
0.25
0.25
0.25
0.25
0.25
0.25
0.25
0.25
0.25
0.25
0.25
0.25
0.25
0.25
0.25
0.25
0.25
0.25
0.25
0.25
0.25
0.25
0.25
0.25
0.25
0.25
0.25
0.25
0.25
0.25
0.25
0.25
0.25
0.25
0.25
0.25
0.25
0.25
0.25
0.25
0.25
0.25
0.25
0.25
0.25
0.25
0.25
0.25
0.25
0.25
0.25
0.25
0.25
0.25
0.25
0.25
0.25
0.25
0.25
0.25
0.25
0.25
0.25
0.25322164948453607
0.25644329896907214
0.25966494845360821
0.26288659793814434
0.26610824742268041
0.26932989690721648
0.27255154639175255
0.27577319587628862
0.27899484536082469
0.28221649484536082
0.28543814432989689
0.28865979381443296
0.29188144329896903
0.29510309278350511
0.29832474226804118
0.30154639175257736
0.30476804123711343
0.3079896907216495
0.31121134020618557
0.31443298969072164
0.31765463917525771
0.32087628865979384
0.32409793814432991
0.32731958762886598
0.33054123711340205
0.33376288659793812
0.3369845360824742
0.34020618556701032
0.34342783505154639
0.34664948453608246
0.34987113402061853
0.35309278350515461
0.35631443298969068
0.35953608247422686
0.36275773195876293
0.365979381443299
0.36920103092783507
0.37242268041237114
0.37564432989690721
0.37886597938144329
0.38208762886597936
0.38530927835051543
0.3885309278350515
0.39175257731958757
0.39497422680412364
0.39819587628865982
0.40141752577319589
0.40463917525773196
0.40786082474226804
0.41108247422680411
0.41430412371134018
0.4175257731958763
0.42074742268041238
0.42396907216494845
0.42719072164948452
0.43041237113402059
0.43363402061855666
0.43685567010309279
0.44007731958762886
0.44329896907216493
0.446520618556701
0.44974226804123707
0.45296391752577314
0.45618556701030932
0.45940721649484539
0.46262886597938147
0.46585051546391754
0.46907216494845361
0.47229381443298968
0.4755154639175258
0.47873711340206188
0.48195876288659795
0.48518041237113402
0.48840206185567009
0.49162371134020616
0.49484536082474229
0.49806701030927836
0.5
0.5
0.5
0.5
0.5
0.5
0.5
0.5
0.5
0.5
0.5
0.5
0.5
0.5
0.5
0.5
0.5
0.5
0.5
0.5
0.5
0.5
0.5
0.5
0.5
0.5
0.5
0.5
0.5
0.5
0.5
0.5
0.5
0.5
0.5
0.5
0.5
0.5
0.5
0.50193298969072164
0.50515463917525771
0.50837628865979378
0.51159793814432986
0.51481958762886593
0.518041237113402
0.52126288659793807
0.52448453608247414
0.52770618556701021
0.53092783505154628
0.53414948453608235
0.53737113402061853
0.54059278350515461
0.54381443298969068
0.54703608247422675
0.55025773195876282
0.55347938144329889
0.55670103092783496
0.55992268041237103
0.5631443298969071
0.56636597938144317
0.56958762886597925
0.57280927835051532
0.57603092783505161
0.57925257731958768
0.58247422680412375
0.58569587628865982
0.58891752577319589
0.59213917525773196
0.59536082474226804
0.59858247422680411
0.60180412371134018
0.60502577319587625
0.60824742268041232
0.61146907216494839
0.61469072164948457
0.61791237113402064
0.62113402061855671
0.62435567010309279
0.62757731958762886
0.63079896907216493
0.634020618556701
0.25
0.25
0.25
0.25
0.25
0.25
0.25
0.25
0.25
0.25
0.25
0.25
0.25
0.25
0.25
0.25
0.25
0.25
0.25
0.25
0.25
0.25
0.25
0.25
0.25
0.25
0.25
0.25
0.25
0.25
0.25
0.25
0.25
0.25
0.25
0.25
0.25
0.25
0.25
0.25
0.25
0.25
0.25
0.25
0.25
0.25
0.25
0.25
0.25
0.25
0.25
0.25
0.25
0.25
0.25
0.25
0.25
0.25
0.25
0.25
0.25
0.25
0.25
0.25
0.25
0.25
0.25
0.25
0.25
0.25
0.25
0.25
0.25
0.25
0.25
0.25
0.25
0.25
0.25
0.25
0.25
0.25
0.25
0.25
0.25
0.25
0.25
0.25
0.25
0.25
0.25
0.25
0.25
0.25
0.25
0.25
0.25
0.25
0.2516025641025641
0.25480769230769229
0.25801282051282048
0.26121794871794873
0.26442307692307693
0.26762820512820512
0.27083333333333331
0.27403846153846151
0.2772435897435897
0.28044871794871795
0.28365384615384615
0.28685897435897434
0.29006410256410253
0.29326923076923073
0.29647435897435892
0.29967948717948723
0.30288461538461542
0.30608974358974361
0.30929487179487181
0.3125
0.31570512820512819
0.31891025641025644
0.32211538461538464
0.32532051282051283
0.32852564102564102
0.33173076923076922
0.33493589743589741
0.33814102564102566
0.34134615384615385
0.34455128205128205
0.34775641025641024
0.35096153846153844
0.35416666666666663
0.35737179487179482
0.36057692307692313
0.36378205128205132
0.36698717948717952
0.37019230769230771
0.3733974358974359
0.3766025641025641
0.37980769230769229
0.38301282051282048
0.38621794871794868
0.38942307692307687
0.39262820512820507
0.39583333333333326
0.39903846153846156
0.40224358974358976
0.40544871794871795
0.40865384615384615
0.41185897435897434
0.41506410256410253
0.41826923076923078
0.42147435897435898
0.42467948717948717
0.42788461538461536
0.43108974358974356
0.43429487179487175
0.4375
0.44070512820512819
0.44391025641025639
0.44711538461538458
0.45032051282051277
0.45352564102564097
0.45673076923076927
0.45993589743589747
0.46314102564102566
0.46634615384615385
0.46955128205128205
0.47275641025641024
0.47596153846153849
0.47916666666666669
0.48237179487179488
0.48557692307692307
0.48878205128205127
0.49198717948717946
0.49519230769230771
0.4983974358974359
0.5
0.5
0.5
0.5
0.5
0.5
0.5
0.5
0.5
0.5
0.5
0.5
0.5
0.5
0.5
0.5
0.5
0.5
0.5
0.5
0.5
0.5
0.5
0.5
0.5
0.5
0.5
0.5
0.5
0.5
0.5
0.5
0.5
0.5
0.5
0.5
0.5
0.5
0.5
0.5016025641025641
0.50480769230769229
0.50801282051282048
0.51121794871794868
0.51442307692307687
0.51762820512820507
0.52083333333333326
0.52403846153846145
0.52724358974358965
0.53044871794871784
0.53365384615384603
0.53685897435897434
0.54006410256410253
0.54326923076923073
0.54647435897435892
0.54967948717948711
0.55288461538461531
0.5560897435897435
0.5592948717948717
0.56249999999999989
0.56570512820512808
0.56891025641025628
0.57211538461538447
0.57532051282051289
0.57852564102564108
0.58173076923076927
0.58493589743589747
0.58814102564102566
0.59134615384615385
0.59455128205128205
0.59775641025641024
0.60096153846153844
0.60416666666666663
0.60737179487179482
0.61057692307692302
0.61378205128205132
0.61698717948717952
0.62019230769230771
0.6233974358974359
0.6266025641025641
0.62980769230769229
0.25
0.25
0.25
0.25
0.25
0.25
0.25
0.25
0.25
0.25
0.25
0.25
0.25
0.25
0.25
0.25
0.25
0.25
0.25
0.25
0.25
0.25
0.25
0.25
0.25
0.25
0.25
0.25
0.25
0.25
0.25
0.25
0.25
0.25
0.25
0.25
0.25
0.25
0.25
0.25
0.25
0.25
0.25
0.25
0.25
0.25
0.25
0.25
0.25
0.25
0.25
0.25
0.25
0.25
0.25
0.25
0.25
0.25
0.25
0.25
0.25
0.25
0.25
0.25
0.25
0.25
0.25
0.25
0.25
0.25
0.25
0.25
0.25
0.25
0.25
0.25
0.25
0.25
0.25
0.25
0.25
0.25
0.25
0.25
0.25
0.25
0.25
0.25
0.25
0.25
0.25
0.25
0.25
0.25
0.25
0.25
0.25
0.25
0.25
0.25318877551020402
0.25637755102040816
0.25956632653061223
0.26275510204081631
0.26594387755102039
0.26913265306122452
0.27232142857142855
0.27551020408163268
0.27869897959183676
0.28188775510204078
0.28507653061224492
0.28826530612244894
0.29145408163265307
0.2946428571428571
0.29783163265306123
0.30102040816326531
0.30420918367346939
0.30739795918367346
0.3105867346938776
0.31377551020408162
0.3169642857142857
0.32015306122448983
0.32334183673469385
0.32653061224489799
0.32971938775510201
0.33290816326530615
0.33609693877551017
0.3392857142857143
0.34247448979591838
0.3456632653061224
0.34885204081632654
0.35204081632653061
0.35522959183673469
0.35841836734693877
0.3616071428571429
0.36479591836734693
0.36798469387755106
0.37117346938775508
0.37436224489795922
0.37755102040816324
0.38073979591836732
0.3839285714285714
0.38711734693877548
0.39030612244897961
0.39349489795918369
0.39668367346938777
0.39987244897959184
0.40306122448979598
0.40625
0.40943877551020402
0.41262755102040816
0.41581632653061218
0.41900510204081631
0.42219387755102039
0.42538265306122447
0.42857142857142855
0.43176020408163268
0.43494897959183676
0.43813775510204078
0.44132653061224492
0.44451530612244894
0.44770408163265307
0.4508928571428571
0.45408163265306123
0.45727040816326525
0.46045918367346939
0.46364795918367346
0.46683673469387754
0.47002551020408162
0.4732142857142857
0.47640306122448983
0.47959183673469385
0.48278061224489799
0.48596938775510201
0.48915816326530615
0.49234693877551017
0.4955357142857143
0.49872448979591832
0.5
0.5
0.5
0.5
0.5
0.5
0.5
0.5
0.5
0.5
0.5
0.5
0.5
0.5
0.5
0.5
0.5
0.5
0.5
0.5
0.5
0.5
0.5
0.5
0.5
0.5
0.5
0.5
0.5
0.5
0.5
0.5
0.5
0.5
0.5
0.5
0.5
0.5
0.5
0.50127551020408156
0.5044642857142857
0.50765306122448972
0.51084183673469385
0.51403061224489788
0.51721938775510201
0.52040816326530615
0.52359693877551017
0.52678571428571419
0.52997448979591844
0.53316326530612246
0.53635204081632648
0.5395408163265305
0.54272959183673464
0.54591836734693877
0.54910714285714279
0.55229591836734693
0.55548469387755095
0.55867346938775508
0.56186224489795922
0.56505102040816324
0.56823979591836726
0.57142857142857129
0.57461734693877553
0.57780612244897955
0.58099489795918358
0.58418367346938771
0.58737244897959184
0.59056122448979587
0.59375
0.59693877551020402
0.60012755102040805
0.60331632653061229
0.60650510204081631
0.60969387755102034
0.61288265306122436
0.6160714285714286
0.61926020408163263
0.62244897959183665
0.62563775510204078
0.25
0.25
0.25
0.25
0.25
0.25
0.25
0.25
0.25
0.25
0.25
0.25
0.25
0.25
0.25
0.25
0.25
0.25
0.25
0.25
0.25
0.25
0.25
0.25
0.25
0.25
0.25
0.25
0.25
0.25
0.25
0.25
0.25
0.25
0.25
0.25
0.25
0.25
0.25
0.25
0.25
0.25
0.25
0.25
0.25
0.25
0.25
0.25
0.25
0.25
0.25
0.25
0.25
0.25
0.25
0.25
0.25
0.25
0.25
0.25
0.25
0.25
0.25
0.25
0.25
0.25
0.25
0.25
0.25
0.25
0.25
0.25
0.25
0.25
0.25
0.25
0.25
0.25
0.25
0.25
0.25
0.25
0.25
0.25
0.25
0.25
0.25
0.25
0.25
0.25
0.25
0.25
0.25
0.25
0.25
0.25
0.25
0.25
0.25
0.25158629441624364
0.25475888324873097
0.25793147208121825
0.26110406091370558
0.26427664974619292
0.26744923857868019
0.27062182741116753
0.2737944162436548
0.27696700507614214
0.28013959390862941
0.28331218274111675
0.28648477157360408
0.28965736040609136
0.29282994923857869
0.29600253807106602
0.2991751269035533
0.30234771573604058
0.30552030456852791
0.30869289340101524
0.31186548223350252
0.31503807106598986
0.31821065989847719
0.32138324873096447
0.32455583756345174
0.32772842639593908
0.33090101522842641
0.33407360406091369
0.33724619289340102
0.34041878172588835
0.34359137055837563
0.34676395939086291
0.34993654822335024
0.35310913705583757
0.35628172588832485
0.35945431472081218
0.36262690355329952
0.3657994923857868
0.36897208121827407
0.37214467005076141
0.37531725888324874
0.37848984771573602
0.38166243654822335
0.38483502538071068
0.38800761421319796
0.39118020304568524
0.39435279187817257
0.3975253807106599
0.40069796954314718
0.40387055837563451
0.40704314720812185
0.41021573604060912
0.4133883248730964
0.41656091370558374
0.41973350253807107
0.42290609137055835
0.42607868020304568
0.42925126903553301
0.43242385786802029
0.43559644670050757
0.4387690355329949
0.44194162436548223
0.44511421319796951
0.44828680203045684
0.45145939086294418
0.45463197969543145
0.45780456852791884
0.46097715736040606
0.4641497461928934
0.46732233502538068
0.47049492385786801
0.47366751269035534
0.47684010152284262
0.48001269035533001
0.48318527918781723
0.48635786802030456
0.48953045685279184
0.49270304568527917
0.49587563451776651
0.49904822335025378
0.5
0.5
0.5
0.5
0.5
0.5
0.5
0.5
0.5
0.5
0.5
0.5
0.5
0.5
0.5
0.5
0.5
0.5
0.5
0.5
0.5
0.5
0.5
0.5
0.5
0.5
0.5
0.5
0.5
0.5
0.5
0.5
0.5
0.5
0.5
0.5
0.5
0.5
0.5
0.50095177664974622
0.50412436548223349
0.50729695431472066
0.51046954314720805
0.51364213197969533
0.51681472081218272
0.51998730964466999
0.52315989847715738
0.52633248730964466
0.52950507614213205
0.53267766497461921
0.53585025380710649
0.53902284263959388
0.54219543147208116
0.54536802030456855
0.54854060913705582
0.55171319796954321
0.55488578680203038
0.55805837563451766
0.56123096446700504
0.56440355329949232
0.56757614213197971
0.57074873096446699
0.57392131979695438
0.57709390862944154
0.58026649746192882
0.58343908629441621
0.58661167512690349
0.58978426395939088
0.59295685279187815
0.59612944162436554
0.59930203045685282
0.60247461928933999
0.60564720812182737
0.60881979695431465
0.61199238578680204
0.61516497461928932
0.61833756345177671
0.62151015228426387
0.25
0.25
0.25
0.25
0.25
0.25
0.25
0.25
0.25
0.25
0.25
0.25
0.25
0.25
0.25
0.25
0.25
0.25
0.25
0.25
0.25
0.25
0.25
0.25
0.25
0.25
0.25
0.25
0.25
0.25
0.25
0.25
0.25
0.25
0.25
0.25
0.25
0.25
0.25
0.25
0.25
0.25
0.25
0.25
0.25
0.25
0.25
0.25
0.25
0.25
0.25
0.25
0.25
0.25
0.25
0.25
0.25
0.25
0.25
0.25
0.25
0.25
0.25
0.25
0.25
0.25
0.25
0.25
0.25
0.25
0.25
0.25
0.25
0.25
0.25
0.25
0.25
0.25
0.25
0.25
0.25
0.25
0.25
0.25
0.25
0.25
0.25
0.25
0.25
0.25
0.25
0.25
0.25
0.25
0.25
0.25
0.25
0.25
0.25
0.25
0.25315656565656569
0.25631313131313127
0.25946969696969696
0.26262626262626265
0.26578282828282829
0.26893939393939392
0.27209595959595961
0.2752525252525253
0.27840909090909088
0.28156565656565657
0.28472222222222221
0.28787878787878785
0.29103535353535354
0.29419191919191923
0.29734848484848486
0.3005050505050505
0.30366161616161613
0.30681818181818182
0.30997474747474746
0.31313131313131315
0.31628787878787878
0.31944444444444448
0.32260101010101006
0.32575757575757575
0.32891414141414144
0.33207070707070707
0.33522727272727271
0.3383838383838384
0.34154040404040409
0.34469696969696967
0.34785353535353536
0.35101010101010105
0.35416666666666663
0.35732323232323232
0.36047979797979801
0.36363636363636359
0.36679292929292928
0.36994949494949497
0.37310606060606066
0.37626262626262624
0.37941919191919193
0.38257575757575757
0.3857323232323232
0.38888888888888884
0.39204545454545459
0.39520202020202022
0.39835858585858586
0.40151515151515149
0.40467171717171718
0.40782828282828276
0.41098484848484851
0.41414141414141414
0.41729797979797978
0.42045454545454541
0.4236111111111111
0.4267676767676768
0.42992424242424243
0.43308080808080807
0.43623737373737376
0.43939393939393934
0.44255050505050503
0.44570707070707072
0.44886363636363635
0.45202020202020199
0.45517676767676768
0.45833333333333337
0.46148989898989895
0.46464646464646464
0.46780303030303028
0.47095959595959591
0.4741161616161616
0.47727272727272729
0.48042929292929293
0.48358585858585856
0.4867424242424242
0.48989898989898994
0.49305555555555552
0.49621212121212122
0.49936868686868685
0.5
0.5
0.5
0.5
0.5
0.5
0.5
0.5
0.5
0.5
0.5
0.5
0.5
0.5
0.5
0.5
0.5
0.5
0.5
0.5
0.5
0.5
0.5
0.5
0.5
0.5
0.5
0.5
0.5
0.5
0.5
0.5
0.5
0.5
0.5
0.5
0.5
0.5
0.5
0.50063131313131304
0.50378787878787867
0.50694444444444442
0.51010101010101006
0.51325757575757569
0.51641414141414144
0.51957070707070696
0.52272727272727271
0.52588383838383834
0.52904040404040398
0.53219696969696972
0.53535353535353536
0.53851010101010088
0.54166666666666663
0.54482323232323226
0.5479797979797979
0.55113636363636365
0.55429292929292928
0.55744949494949481
0.56060606060606055
0.56376262626262619
0.56691919191919182
0.57007575757575757
0.5732323232323232
0.57638888888888895
0.57954545454545447
0.58270202020202011
0.58585858585858586
0.58901515151515149
0.59217171717171713
0.59532828282828287
0.5984848484848484
0.60164141414141403
0.60479797979797978
0.60795454545454541
0.61111111111111105
0.6142676767676768
0.61742424242424243
0.25
0.25
0.25
0.25
0.25
0.25
0.25
0.25
0.25
0.25
0.25
0.25
0.25
0.25
0.25
0.25
0.25
0.25
0.25
0.25
0.25
0.25
0.25
0.25
0.25
0.25
0.25
0.25
0.25
0.25
0.25
0.25
0.25
0.25
0.25
0.25
0.25
0.25
0.25
0.25
0.25
0.25
0.25
0.25
0.25
0.25
0.25
0.25
0.25
0.25
0.25
0.25
0.25
0.25
0.25
0.25
0.25
0.25
0.25
0.25
0.25
0.25
0.25
0.25
0.25
0.25
0.25
0.25
0.25
0.25
0.25
0.25
0.25
0.25
0.25
0.25
0.25
0.25
0.25
0.25
0.25
0.25
0.25
0.25
0.25
0.25
0.25
0.25
0.25
0.25
0.25
0.25
0.25
0.25
0.25
0.25
0.25
0.25
0.25
0.25
0.25157035175879394
0.25471105527638188
0.25785175879396982
0.26099246231155782
0.26413316582914576
0.26727386934673364
0.27041457286432158
0.27355527638190957
0.27669597989949751
0.27983668341708545
0.28297738693467334
0.28611809045226128
0.28925879396984921
0.29239949748743721
0.29554020100502515
0.29868090452261303
0.30182160804020097
0.30496231155778897
0.30810301507537691
0.31124371859296485
0.31438442211055273
0.31752512562814067
0.32066582914572861
0.3238065326633166
0.32694723618090454
0.33008793969849248
0.33322864321608037
0.33636934673366836
0.3395100502512563
0.34265075376884424
0.34579145728643218
0.34893216080402006
0.352072864321608
0.355213567839196
0.35835427135678394
0.36149497487437188
0.36463567839195976
0.36777638190954776
0.3709170854271357
0.37405778894472363
0.37719849246231157
0.38033919597989946
0.3834798994974874
0.38662060301507539
0.38976130653266333
0.39290201005025127
0.39604271356783916
0.39918341708542715
0.40232412060301503
0.40546482412060303
0.40860552763819097
0.41174623115577885
0.41488693467336679
0.41802763819095479
0.42116834170854273
0.42430904522613067
0.42744974874371855
0.43059045226130654
0.43373115577889443
0.43687185929648242
0.44001256281407036
0.44315326633165825
0.44629396984924619
0.44943467336683418
0.45257537688442212
0.45571608040201006
0.45885678391959794
0.46199748743718594
0.46513819095477382
0.46827889447236182
0.47141959798994976
0.47456030150753764
0.47770100502512558
0.48084170854271358
0.48398241206030151
0.48712311557788945
0.49026381909547745
0.49340452261306533
0.49654522613065322
0.49968592964824121
0.5
0.5
0.5
0.5
0.5
0.5
0.5
0.5
0.5
0.5
0.5
0.5
0.5
0.5
0.5
0.5
0.5
0.5
0.5
0.5
0.5
0.5
0.5
0.5
0.5
0.5
0.5
0.5
0.5
0.5
0.5
0.5
0.5
0.5
0.5
0.5
0.5
0.5
0.5
0.50031407035175879
0.50345477386934667
0.50659547738693467
0.50973618090452255
0.51287688442211055
0.51601758793969843
0.51915829145728631
0.52229899497487431
0.52543969849246219
0.5285804020100503
0.53172110552763818
0.53486180904522607
0.53800251256281406
0.54114321608040195
0.54428391959798994
0.54742462311557782
0.55056532663316571
0.5537060301507537
0.55684673366834159
0.55998743718592969
0.56312814070351758
0.56626884422110546
0.56940954773869346
0.57255025125628134
0.57569095477386933
0.57883165829145722
0.5819723618090451
0.5851130653266331
0.58825376884422098
0.59139447236180909
0.59453517587939697
0.59767587939698497
0.60081658291457285
0.60395728643216073
0.60709798994974873
0.61023869346733661
0.61337939698492461
0.25
0.25
0.25
0.25
0.25
0.25
0.25
0.25
0.25
0.25
0.25
0.25
0.25
0.25
0.25
0.25
0.25
0.25
0.25
0.25
0.25
0.25
0.25
0.25
0.25
0.25
0.25
0.25
0.25
0.25
0.25
0.25
0.25
0.25
0.25
0.25
0.25
0.25
0.25
0.25
0.25
0.25
0.25
0.25
0.25
0.25
0.25
0.25
0.25
0.25
0.25
0.25
0.25
0.25
0.25
0.25
0.25
0.25
0.25
0.25
0.25
0.25
0.25
0.25
0.25
0.25
0.25
0.25
0.25
0.25
0.25
0.25
0.25
0.25
0.25
0.25
0.25
0.25
0.25
0.25
0.25
0.25
0.25
0.25
0.25
0.25
0.25
0.25
0.25
0.25
0.25
0.25
0.25
0.25
0.25
0.25
0.25
0.25
0.25
0.25
0.25
0.25312499999999999
0.25624999999999998
0.25937500000000002
0.26250000000000001
0.265625
0.26875000000000004
0.27187500000000003
0.27500000000000002
0.27812500000000001
0.28125
0.28437500000000004
0.28750000000000003
0.29062499999999997
0.29374999999999996
0.296875
0.29999999999999999
0.30312499999999998
0.30624999999999997
0.30937499999999996
0.3125
0.31562499999999999
0.31874999999999998
0.32187500000000002
0.32500000000000001
0.328125
0.33124999999999999
0.33437499999999998
0.33750000000000002
0.34062500000000001
0.34375
0.34687500000000004
0.35000000000000003
0.35312500000000002
0.35625000000000001
0.359375
0.36250000000000004
0.36562500000000003
0.36874999999999997
0.37187499999999996
0.375
0.37812499999999993
0.38124999999999998
0.38437499999999997
0.38749999999999996
0.390625
0.39374999999999999
0.39687499999999998
0.40000000000000002
0.40312499999999996
0.40625
0.40937499999999999
0.41249999999999998
0.41562500000000002
0.41875000000000001
0.421875
0.42500000000000004
0.42812499999999998
0.43125000000000002
0.43437500000000001
0.4375
0.44062500000000004
0.44375000000000003
0.44687499999999997
0.44999999999999996
0.453125
0.45624999999999993
0.45937499999999998
0.46249999999999997
0.46562499999999996
0.46875
0.47187499999999999
0.47499999999999998
0.47812500000000002
0.48124999999999996
0.484375
0.48749999999999999
0.49062499999999998
0.49375000000000002
0.49687500000000001
0.5
0.5
0.5
0.5
0.5
0.5
0.5
0.5
0.5
0.5
0.5
0.5
0.5
0.5
0.5
0.5
0.5
0.5
0.5
0.5
0.5
0.5
0.5
0.5
0.5
0.5
0.5
0.5
0.5
0.5
0.5
0.5
0.5
0.5
0.5
0.5
0.5
0.5
0.5
0.5
0.5
0.50312499999999993
0.50624999999999998
0.50937499999999991
0.51250000000000007
0.515625
0.51874999999999993
0.52187499999999998
0.52499999999999991
0.52812499999999996
0.53124999999999989
0.53437499999999993
0.53749999999999987
0.54062500000000002
0.54374999999999996
0.546875
0.54999999999999993
0.55312499999999998
0.55624999999999991
0.55937499999999996
0.56249999999999989
0.56562500000000004
0.56874999999999998
0.57187500000000002
0.57499999999999996
0.578125
0.58124999999999993
0.58437499999999998
0.58749999999999991
0.59062500000000007
0.59375
0.59687499999999993
0.59999999999999998
0.60312499999999991
0.60624999999999996
0.60937499999999989
0.25
0.25
0.25
0.25
0.25
0.25
0.25
0.25
0.25
0.25
0.25
0.25
0.25
0.25
0.25
0.25
0.25
0.25
0.25
0.25
0.25
0.25
0.25
0.25
0.25
0.25
0.25
0.25
0.25
0.25
0.25
0.25
0.25
0.25
0.25
0.25
0.25
0.25
0.25
0.25
0.25
0.25
0.25
0.25
0.25
0.25
0.25
0.25
0.25
0.25
0.25
0.25
0.25
0.25
0.25
0.25
0.25
0.25
0.25
0.25
0.25
0.25
0.25
0.25
0.25
0.25
0.25
0.25
0.25
0.25
0.25
0.25
0.25
0.25
0.25
0.25
0.25
0.25
0.25
0.25
0.25
0.25
0.25
0.25
0.25
0.25
0.25
0.25
0.25
0.25
0.25
0.25
0.25
0.25
0.25
0.25
0.25
0.25
0.25
0.25
0.25
0.25155472636815923
0.25466417910447764
0.25777363184079605
0.2608830845771144
0.26399253731343281
0.26710199004975127
0.27021144278606968
0.27332089552238803
0.27643034825870644
0.27953980099502485
0.28264925373134331
0.28575870646766172
0.28886815920398012
0.29197761194029848
0.29508706467661688
0.29819651741293535
0.30130597014925375
0.30441542288557211
0.30752487562189051
0.31063432835820892
0.31374378109452739
0.31685323383084579
0.3199626865671642
0.32307213930348255
0.32618159203980096
0.32929104477611942
0.33240049751243783
0.33550995024875618
0.33861940298507459
0.34172885572139305
0.34483830845771146
0.34794776119402987
0.35105721393034828
0.35416666666666663
0.35727611940298509
0.3603855721393035
0.36349502487562191
0.36660447761194026
0.36971393034825867
0.37282338308457713
0.37593283582089554
0.37904228855721389
0.38215174129353235
0.38526119402985071
0.38837064676616917
0.39148009950248758
0.39458955223880599
0.39769900497512434
0.40080845771144274
0.40391791044776121
0.40702736318407962
0.41013681592039797
0.41324626865671643
0.41635572139303478
0.41946517412935325
0.42257462686567165
0.42568407960199006
0.42879353233830841
0.43190298507462682
0.43501243781094528
0.43812189054726369
0.44123134328358204
0.44434079601990051
0.44745024875621886
0.45055970149253732
0.45366915422885573
0.45677860696517414
0.45988805970149249
0.4629975124378109
0.46610696517412936
0.46921641791044777
0.47232587064676612
0.47543532338308458
0.47854477611940294
0.4816542288557214
0.48476368159203981
0.48787313432835822
0.49098258706467657
0.49409203980099503
0.49720149253731344
0.5
0.5
0.5
0.5
0.5
0.5
0.5
0.5
0.5
0.5
0.5
0.5
0.5
0.5
0.5
0.5
0.5
0.5
0.5
0.5
0.5
0.5
0.5
0.5
0.5
0.5
0.5
0.5
0.5
0.5
0.5
0.5
0.5
0.5
0.5
0.5
0.5
0.5
0.5
0.5
0.5
0.50279850746268662
0.50590796019900486
0.50901741293532332
0.51212686567164167
0.51523631840796014
0.5183457711442786
0.52145522388059695
0.52456467661691542
0.52767412935323377
0.53078358208955223
0.53389303482587069
0.53700248756218893
0.5401119402985074
0.54322139303482575
0.54633084577114421
0.54944029850746268
0.55254975124378103
0.55565920398009949
0.55876865671641784
0.56187810945273631
0.56498756218905477
0.56809701492537301
0.57120646766169147
0.57431592039800983
0.57742537313432829
0.58053482587064675
0.58364427860696511
0.58675373134328357
0.58986318407960192
0.59297263681592038
0.59608208955223885
0.5991915422885572
0.60230099502487566
0.60541044776119413
0.25
0.25
0.25
0.25
0.25
0.25
0.25
0.25
0.25
0.25
0.25
0.25
0.25
0.25
0.25
0.25
0.25
0.25
0.25
0.25
0.25
0.25
0.25
0.25
0.25
0.25
0.25
0.25
0.25
0.25
0.25
0.25
0.25
0.25
0.25
0.25
0.25
0.25
0.25
0.25
0.25
0.25
0.25
0.25
0.25
0.25
0.25
0.25
0.25
0.25
0.25
0.25
0.25
0.25
0.25
0.25
0.25
0.25
0.25
0.25
0.25
0.25
0.25
0.25
0.25
0.25
0.25
0.25
0.25
0.25
0.25
0.25
0.25
0.25
0.25
0.25
0.25
0.25
0.25
0.25
0.25
0.25
0.25
0.25
0.25
0.25
0.25
0.25
0.25
0.25
0.25
0.25
0.25
0.25
0.25
0.25
0.25
0.25
0.25
0.25
0.25
0.25
0.2530940594059406
0.25618811881188119
0.25928217821782179
0.26237623762376239
0.26547029702970298
0.26856435643564358
0.27165841584158418
0.27475247524752477
0.27784653465346537
0.28094059405940597
0.28403465346534656
0.28712871287128716
0.2902227722772277
0.2933168316831683
0.2964108910891089
0.29950495049504949
0.30259900990099009
0.30569306930693069
0.30878712871287128
0.31188118811881188
0.31497524752475248
0.31806930693069307
0.32116336633663367
0.32425742574257427
0.32735148514851486
0.33044554455445546
0.33353960396039606
0.33663366336633666
0.33972772277227725
0.34282178217821785
0.34591584158415845
0.34900990099009904
0.35210396039603964
0.35519801980198024
0.35829207920792083
0.36138613861386143
0.36448019801980203
0.36757425742574257
0.37066831683168311
0.37376237623762376
0.3768564356435643
0.37995049504950495
0.3830445544554455
0.38613861386138615
0.38923267326732669
0.39232673267326734
0.39542079207920788
0.39851485148514854
0.40160891089108908
0.40470297029702973
0.40779702970297027
0.41089108910891092
0.41398514851485146
0.41707920792079212
0.42017326732673266
0.42326732673267331
0.42636138613861385
0.4294554455445545
0.43254950495049505
0.4356435643564357
0.43873762376237624
0.44183168316831689
0.44492574257425743
0.44801980198019797
0.45111386138613857
0.45420792079207917
0.45730198019801976
0.46039603960396036
0.46349009900990096
0.46658415841584155
0.46967821782178215
0.47277227722772275
0.47586633663366334
0.47896039603960394
0.48205445544554454
0.48514851485148514
0.48824257425742573
0.49133663366336633
0.49443069306930693
0.49752475247524752
0.5
0.5
0.5
0.5
0.5
0.5
0.5
0.5
0.5
0.5
0.5
0.5
0.5
0.5
0.5
0.5
0.5
0.5
0.5
0.5
0.5
0.5
0.5
0.5
0.5
0.5
0.5
0.5
0.5
0.5
0.5
0.5
0.5
0.5
0.5
0.5
0.5
0.5
0.5
0.5
0.5
0.50247524752475248
0.50556930693069313
0.50866336633663367
0.51175742574257432
0.51485148514851486
0.51794554455445529
0.52103960396039595
0.52413366336633649
0.52722772277227714
0.53032178217821768
0.53341584158415833
0.53650990099009888
0.53960396039603953
0.54269801980198007
0.54579207920792072
0.54888613861386126
0.55198019801980192
0.55507425742574246
0.55816831683168311
0.56126237623762365
0.5643564356435643
0.56745049504950484
0.5705445544554455
0.57363861386138604
0.57673267326732669
0.57982673267326723
0.58292079207920788
0.58601485148514842
0.58910891089108908
0.59220297029702962
0.59529702970297027
0.59839108910891081
0.60148514851485146
0.25
0.25
0.25
0.25
0.25
0.25
0.25
0.25
0.25
0.25
0.25
0.25
0.25
0.25
0.25
0.25
0.25
0.25
0.25
0.25
0.25
0.25
0.25
0.25
0.25
0.25
0.25
0.25
0.25
0.25
0.25
0.25
0.25
0.25
0.25
0.25
0.25
0.25
0.25
0.25
0.25
0.25
0.25
0.25
0.25
0.25
0.25
0.25
0.25
0.25
0.25
0.25
0.25
0.25
0.25
0.25
0.25
0.25
0.25
0.25
0.25
0.25
0.25
0.25
0.25
0.25
0.25
0.25
0.25
0.25
0.25
0.25
0.25
0.25
0.25
0.25
0.25
0.25
0.25
0.25
0.25
0.25
0.25
0.25
0.25
0.25
0.25
0.25
0.25
0.25
0.25
0.25
0.25
0.25
0.25
0.25
0.25
0.25
0.25
0.25
0.25
0.25
0.25153940886699511
0.25461822660098526
0.25769704433497542
0.26077586206896552
0.26385467980295568
0.26693349753694584
0.27001231527093594
0.2730911330049261
0.27616995073891626
0.27924876847290642
0.28232758620689657
0.28540640394088668
0.28848522167487683
0.29156403940886699
0.2946428571428571
0.29772167487684725
0.30080049261083741
0.30387931034482757
0.30695812807881778
0.31003694581280794
0.31311576354679804
0.3161945812807882
0.31927339901477836
0.32235221674876846
0.32543103448275862
0.32850985221674878
0.33158866995073893
0.33466748768472909
0.33774630541871919
0.34082512315270935
0.34390394088669951
0.34698275862068961
0.35006157635467977
0.35314039408866993
0.35621921182266009
0.35929802955665024
0.36237684729064035
0.36545566502463056
0.36853448275862072
0.37161330049261088
0.37469211822660098
0.37777093596059114
0.38084975369458129
0.3839285714285714
0.38700738916256161
0.39008620689655171
0.39316502463054187
0.39624384236453203
0.39932266009852213
0.40240147783251229
0.40548029556650245
0.40855911330049255
0.41163793103448276
0.41471674876847286
0.41779556650246302
0.42087438423645324
0.42395320197044339
0.4270320197044335
0.43011083743842365
0.43318965517241381
0.43626847290640391
0.43934729064039413
0.44242610837438423
0.44550492610837439
0.44858374384236455
0.45166256157635465
0.45474137931034481
0.45782019704433496
0.46089901477832507
0.46397783251231528
0.46705665024630538
0.47013546798029554
0.4732142857142857
0.4762931034482758
0.47937192118226601
0.48245073891625617
0.48552955665024633
0.48860837438423643
0.49168719211822665
0.49476600985221675
0.49784482758620691
0.5
0.5
0.5
0.5
0.5
0.5
0.5
0.5
0.5
0.5
0.5
0.5
0.5
0.5
0.5
0.5
0.5
0.5
0.5
0.5
0.5
0.5
0.5
0.5
0.5
0.5
0.5
0.5
0.5
0.5
0.5
0.5
0.5
0.5
0.5
0.5
0.5
0.5
0.5
0.5
0.5
0.50215517241379304
0.50523399014778325
0.50831280788177335
0.51139162561576357
0.51447044334975367
0.51754926108374388
0.52062807881773387
0.52370689655172409
0.52678571428571419
0.5298645320197044
0.53294334975369451
0.53602216748768472
0.53910098522167482
0.54217980295566504
0.54525862068965503
0.54833743842364524
0.55141625615763545
0.55449507389162556
0.55757389162561577
0.56065270935960587
0.56373152709359609
0.56681034482758619
0.5698891625615764
0.57296798029556639
0.57604679802955661
0.57912561576354671
0.58220443349753692
0.58528325123152702
0.58836206896551724
0.59144088669950734
0.59451970443349755
0.59759852216748754
0.25
0.25
0.25
0.25
0.25
0.25
0.25
0.25
0.25
0.25
0.25
0.25
0.25
0.25
0.25
0.25
0.25
0.25
0.25
0.25
0.25
0.25
0.25
0.25
0.25
0.25
0.25
0.25
0.25
0.25
0.25
0.25
0.25
0.25
0.25
0.25
0.25
0.25
0.25
0.25
0.25
0.25
0.25
0.25
0.25
0.25
0.25
0.25
0.25
0.25
0.25
0.25
0.25
0.25
0.25
0.25
0.25
0.25
0.25
0.25
0.25
0.25
0.25
0.25
0.25
0.25
0.25
0.25
0.25
0.25
0.25
0.25
0.25
0.25
0.25
0.25
0.25
0.25
0.25
0.25
0.25
0.25
0.25
0.25
0.25
0.25
0.25
0.25
0.25
0.25
0.25
0.25
0.25
0.25
0.25
0.25
0.25
0.25
0.25
0.25
0.25
0.25
0.25
0.25306372549019607
0.25612745098039214
0.2591911764705882
0.26225490196078433
0.26531862745098039
0.26838235294117646
0.27144607843137253
0.2745098039215686
0.27757352941176466
0.28063725490196079
0.28370098039215685
0.28676470588235292
0.28982843137254899
0.29289215686274506
0.29595588235294112
0.2990196078431373
0.30208333333333337
0.30514705882352944
0.30821078431372551
0.31127450980392157
0.31433823529411764
0.31740196078431371
0.32046568627450983
0.3235294117647059
0.32659313725490197
0.32965686274509803
0.3327205882352941
0.33578431372549017
0.33884803921568629
0.34191176470588236
0.34497549019607843
0.34803921568627449
0.35110294117647056
0.35416666666666663
0.3572303921568627
0.36029411764705888
0.36335784313725494
0.36642156862745101
0.36948529411764708
0.37254901960784315
0.37561274509803921
0.37867647058823528
0.38174019607843135
0.38480392156862742
0.38786764705882348
0.39093137254901955
0.39399509803921562
0.3970588235294118
0.40012254901960786
0.40318627450980393
0.40625
0.40931372549019607
0.41237745098039214
0.4154411764705882
0.41850490196078433
0.42156862745098039
0.42463235294117646
0.42769607843137253
0.4307598039215686
0.43382352941176466
0.43688725490196079
0.43995098039215685
0.44301470588235292
0.44607843137254899
0.44914215686274506
0.45220588235294112
0.4552696078431373
0.45833333333333337
0.46139705882352944
0.46446078431372551
0.46752450980392157
0.47058823529411764
0.47365196078431371
0.47671568627450983
0.4797794117647059
0.48284313725490197
0.48590686274509803
0.4889705882352941
0.49203431372549017
0.49509803921568629
0.49816176470588236
0.5
0.5
0.5
0.5
0.5
0.5
0.5
0.5
0.5
0.5
0.5
0.5
0.5
0.5
0.5
0.5
0.5
0.5
0.5
0.5
0.5
0.5
0.5
0.5
0.5
0.5
0.5
0.5
0.5
0.5
0.5
0.5
0.5
0.5
0.5
0.5
0.5
0.5
0.5
0.5
0.5
0.50183823529411764
0.50490196078431371
0.50796568627450978
0.51102941176470584
0.51409313725490191
0.51715686274509798
0.52022058823529405
0.52328431372549011
0.52634803921568618
0.52941176470588225
0.53247549019607832
0.53553921568627449
0.53860294117647056
0.54166666666666663
0.5447303921568627
0.54779411764705876
0.55085784313725483
0.5539215686274509
0.55698529411764697
0.56004901960784303
0.5631127450980391
0.56617647058823517
0.56924019607843124
0.57230392156862731
0.57536764705882359
0.57843137254901966
0.58149509803921573
0.5845588235294118
0.58762254901960786
0.59068627450980393
0.59375
0.25
0.25
0.25
0.25
0.25
0.25
0.25
0.25
0.25
0.25
0.25
0.25
0.25
0.25
0.25
0.25
0.25
0.25
0.25
0.25
0.25
0.25
0.25
0.25
0.25
0.25
0.25
0.25
0.25
0.25
0.25
0.25
0.25
0.25
0.25
0.25
0.25
0.25
0.25
0.25
0.25
0.25
0.25
0.25
0.25
0.25
0.25
0.25
0.25
0.25
0.25
0.25
0.25
0.25
0.25
0.25
0.25
0.25
0.25
0.25
0.25
0.25
0.25
0.25
0.25
0.25
0.25
0.25
0.25
0.25
0.25
0.25
0.25
0.25
0.25
0.25
0.25
0.25
0.25
0.25
0.25
0.25
0.25
0.25
0.25
0.25
0.25
0.25
0.25
0.25
0.25
0.25
0.25
0.25
0.25
0.25
0.25
0.25
0.25
0.25
0.25
0.25
0.25
0.25152439024390244
0.25457317073170732
0.2576219512195122
0.26067073170731708
0.26371951219512196
0.26676829268292684
0.26981707317073172
0.27286585365853661
0.27591463414634149
0.27896341463414637
0.28201219512195125
0.28506097560975613
0.28810975609756101
0.29115853658536583
0.29420731707317072
0.2972560975609756
0.30030487804878048
0.30335365853658536
0.30640243902439024
0.30945121951219512
0.3125
0.31554878048780488
0.31859756097560976
0.32164634146341464
0.32469512195121952
0.3277439024390244
0.33079268292682928
0.33384146341463417
0.33689024390243905
0.33993902439024393
0.34298780487804881
0.34603658536585369
0.34908536585365857
0.35213414634146345
0.35518292682926833
0.35823170731707321
0.36128048780487809
0.36432926829268297
0.36737804878048774
0.37042682926829262
0.3734756097560975
0.37652439024390238
0.37957317073170727
0.38262195121951215
0.38567073170731703
0.38871951219512191
0.39176829268292679
0.39481707317073167
0.39786585365853655
0.40091463414634143
0.40396341463414631
0.40701219512195119
0.41006097560975607
0.41310975609756095
0.41615853658536583
0.41920731707317072
0.4222560975609756
0.42530487804878048
0.42835365853658536
0.43140243902439024
0.43445121951219512
0.4375
0.44054878048780488
0.44359756097560976
0.44664634146341459
0.44969512195121947
0.45274390243902435
0.45579268292682923
0.45884146341463411
0.46189024390243899
0.46493902439024387
0.46798780487804875
0.47103658536585363
0.47408536585365851
0.47713414634146339
0.48018292682926828
0.48323170731707316
0.48628048780487804
0.48932926829268292
0.4923780487804878
0.49542682926829268
0.49847560975609756
0.5
0.5
0.5
0.5
0.5
0.5
0.5
0.5
0.5
0.5
0.5
0.5
0.5
0.5
0.5
0.5
0.5
0.5
0.5
0.5
0.5
0.5
0.5
0.5
0.5
0.5
0.5
0.5
0.5
0.5
0.5
0.5
0.5
0.5
0.5
0.5
0.5
0.5
0.5
0.5
0.5
0.5015243902439025
0.50457317073170738
0.50762195121951226
0.51067073170731714
0.51371951219512202
0.51676829268292668
0.51981707317073156
0.52286585365853644
0.52591463414634132
0.5289634146341462
0.53201219512195108
0.53506097560975596
0.53810975609756084
0.54115853658536572
0.5442073170731706
0.54725609756097549
0.55030487804878037
0.55335365853658525
0.55640243902439013
0.55945121951219501
0.56249999999999989
0.56554878048780477
0.56859756097560965
0.57164634146341453
0.57469512195121941
0.57774390243902429
0.58079268292682917
0.58384146341463405
0.58689024390243894
0.58993902439024382
0.25
0.25
0.25
0.25
0.25
0.25
0.25
0.25
0.25
0.25
0.25
0.25
0.25
0.25
0.25
0.25
0.25
0.25
0.25
0.25
0.25
0.25
0.25
0.25
0.25
0.25
0.25
0.25
0.25
0.25
0.25
0.25
0.25
0.25
0.25
0.25
0.25
0.25
0.25
0.25
0.25
0.25
0.25
0.25
0.25
0.25
0.25
0.25
0.25
0.25
0.25
0.25
0.25
0.25
0.25
0.25
0.25
0.25
0.25
0.25
0.25
0.25
0.25
0.25
0.25
0.25
0.25
0.25
0.25
0.25
0.25
0.25
0.25
0.25
0.25
0.25
0.25
0.25
0.25
0.25
0.25
0.25
0.25
0.25
0.25
0.25
0.25
0.25
0.25
0.25
0.25
0.25
0.25
0.25
0.25
0.25
0.25
0.25
0.25
0.25
0.25
0.25
0.25
0.25
0.25303398058252424
0.25606796116504854
0.25910194174757284
0.26213592233009708
0.26516990291262132
0.26820388349514562
0.27123786407766992
0.27427184466019416
0.27730582524271841
0.2803398058252427
0.283373786407767
0.28640776699029125
0.28944174757281549
0.29247572815533979
0.29550970873786409
0.29854368932038833
0.30157766990291257
0.30461165048543687
0.30764563106796117
0.31067961165048541
0.31371359223300965
0.31674757281553395
0.31978155339805825
0.32281553398058249
0.32584951456310673
0.32888349514563109
0.33191747572815539
0.33495145631067963
0.33798543689320393
0.34101941747572817
0.34405339805825247
0.34708737864077671
0.35012135922330101
0.35315533980582525
0.35618932038834955
0.35922330097087379
0.36225728155339809
0.36529126213592233
0.36832524271844663
0.37135922330097088
0.37439320388349517
0.37742718446601942
0.38046116504854366
0.38349514563106796
0.38652912621359226
0.3895631067961165
0.39259708737864074
0.39563106796116504
0.39866504854368934
0.40169902912621358
0.40473300970873782
0.40776699029126212
0.41080097087378642
0.41383495145631066
0.41686893203883491
0.4199029126213592
0.4229368932038835
0.42597087378640774
0.42900485436893199
0.43203883495145629
0.43507281553398058
0.43810679611650483
0.44114077669902907
0.44417475728155337
0.44720873786407767
0.45024271844660191
0.45327669902912615
0.45631067961165045
0.45934466019417475
0.46237864077669899
0.46541262135922323
0.46844660194174753
0.47148058252427183
0.47451456310679607
0.47754854368932032
0.48058252427184461
0.48361650485436891
0.48665048543689327
0.48968446601941751
0.49271844660194175
0.49575242718446605
0.49878640776699035
0.5
0.5
0.5
0.5
0.5
0.5
0.5
0.5
0.5
0.5
0.5
0.5
0.5
0.5
0.5
0.5
0.5
0.5
0.5
0.5
0.5
0.5
0.5
0.5
0.5
0.5
0.5
0.5
0.5
0.5
0.5
0.5
0.5
0.5
0.5
0.5
0.5
0.5
0.5
0.5
0.5
0.50121359223300965
0.5042475728155339
0.50728155339805814
0.51031553398058249
0.51334951456310673
0.51638349514563098
0.51941747572815522
0.52245145631067957
0.52548543689320382
0.52851941747572806
0.5315533980582523
0.53458737864077666
0.5376213592233009
0.54065533980582514
0.54368932038834938
0.54672330097087374
0.54975728155339798
0.55279126213592222
0.55582524271844647
0.55885922330097082
0.56189320388349506
0.56492718446601931
0.56796116504854355
0.5709951456310679
0.57402912621359214
0.57706310679611639
0.58009708737864063
0.58313106796116498
0.58616504854368923
0.25
0.25
0.25
0.25
0.25
0.25
0.25
0.25
0.25
0.25
0.25
0.25
0.25
0.25
0.25
0.25
0.25
0.25
0.25
0.25
0.25
0.25
0.25
0.25
0.25
0.25
0.25
0.25
0.25
0.25
0.25
0.25
0.25
0.25
0.25
0.25
0.25
0.25
0.25
0.25
0.25
0.25
0.25
0.25
0.25
0.25
0.25
0.25
0.25
0.25
0.25
0.25
0.25
0.25
0.25
0.25
0.25
0.25
0.25
0.25
0.25
0.25
0.25
0.25
0.25
0.25
0.25
0.25
0.25
0.25
0.25
0.25
0.25
0.25
0.25
0.25
0.25
0.25
0.25
0.25
0.25
0.25
0.25
0.25
0.25
0.25
0.25
0.25
0.25
0.25
0.25
0.25
0.25
0.25
0.25
0.25
0.25
0.25
0.25
0.25
0.25
0.25
0.25
0.25
0.2515096618357488
0.2545289855072464
0.25754830917874399
0.26056763285024154
0.26358695652173914
0.26660628019323673
0.26962560386473433
0.27264492753623193
0.27566425120772942
0.27868357487922701
0.28170289855072461
0.28472222222222221
0.28774154589371981
0.29076086956521735
0.29378019323671495
0.29679951690821255
0.29981884057971014
0.30283816425120774
0.30585748792270528
0.30887681159420288
0.31189613526570048
0.31491545893719808
0.31793478260869568
0.32095410628019322
0.32397342995169082
0.32699275362318841
0.33001207729468601
0.33303140096618361
0.33605072463768115
0.33907004830917875
0.34208937198067635
0.34510869565217395
0.34812801932367154
0.35114734299516914
0.35416666666666663
0.35718599033816423
0.36020531400966183
0.36322463768115942
0.36624396135265702
0.36926328502415456
0.37228260869565216
0.37530193236714976
0.37832125603864736
0.38134057971014496
0.3843599033816425
0.3873792270531401
0.39039855072463769
0.39341787439613529
0.39643719806763289
0.39945652173913038
0.40247584541062797
0.40549516908212557
0.40851449275362317
0.41153381642512077
0.41455314009661831
0.41757246376811591
0.42059178743961351
0.4236111111111111
0.4266304347826087
0.4296497584541063
0.43266908212560384
0.43568840579710144
0.43870772946859904
0.44172705314009664
0.44474637681159424
0.44776570048309172
0.45078502415458932
0.45380434782608692
0.45682367149758452
0.45984299516908211
0.46286231884057971
0.46588164251207731
0.46890096618357491
0.47192028985507251
0.4749396135265701
0.47795893719806759
0.48097826086956519
0.48399758454106279
0.48701690821256038
0.49003623188405798
0.49305555555555552
0.49607487922705312
0.49909420289855072
0.5
0.5
0.5
0.5
0.5
0.5
0.5
0.5
0.5
0.5
0.5
0.5
0.5
0.5
0.5
0.5
0.5
0.5
0.5
0.5
0.5
0.5
0.5
0.5
0.5
0.5
0.5
0.5
0.5
0.5
0.5
0.5
0.5
0.5
0.5
0.5
0.5
0.5
0.5
0.5
0.5
0.50090579710144922
0.50392512077294682
0.50694444444444442
0.50996376811594202
0.51298309178743962
0.5160024154589371
0.5190217391304347
0.5220410628019323
0.5250603864734299
0.52807971014492749
0.53109903381642509
0.53411835748792269
0.53713768115942029
0.54015700483091789
0.54317632850241548
0.54619565217391308
0.54921497584541057
0.55223429951690817
0.55525362318840576
0.55827294685990336
0.56129227053140096
0.56431159420289856
0.56733091787439616
0.57035024154589375
0.57336956521739135
0.57638888888888895
0.57940821256038633
0.58242753623188392
0.25
0.25
0.25
0.25
0.25
0.25
0.25
0.25
0.25
0.25
0.25
0.25
0.25
0.25
0.25
0.25
0.25
0.25
0.25
0.25
0.25
0.25
0.25
0.25
0.25
0.25
0.25
0.25
0.25
0.25
0.25
0.25
0.25
0.25
0.25
0.25
0.25
0.25
0.25
0.25
0.25
0.25
0.25
0.25
0.25
0.25
0.25
0.25
0.25
0.25
0.25
0.25
0.25
0.25
0.25
0.25
0.25
0.25
0.25
0.25
0.25
0.25
0.25
0.25
0.25
0.25
0.25
0.25
0.25
0.25
0.25
0.25
0.25
0.25
0.25
0.25
0.25
0.25
0.25
0.25
0.25
0.25
0.25
0.25
0.25
0.25
0.25
0.25
0.25
0.25
0.25
0.25
0.25
0.25
0.25
0.25
0.25
0.25
0.25
0.25
0.25
0.25
0.25
0.25
0.25
0.25300480769230771
0.25600961538461536
0.25901442307692302
0.26201923076923078
0.26502403846153849
0.26802884615384615
0.27103365384615385
0.27403846153846151
0.27704326923076922
0.28004807692307698
0.28305288461538464
0.28605769230769229
0.2890625
0.29206730769230771
0.29507211538461536
0.29807692307692302
0.30108173076923078
0.30408653846153849
0.30709134615384615
0.31009615384615385
0.31310096153846151
0.31610576923076922
0.31911057692307698
0.32211538461538464
0.32512019230769229
0.328125
0.33112980769230771
0.33413461538461536
0.33713942307692302
0.34014423076923078
0.34314903846153849
0.34615384615384615
0.34915865384615385
0.35216346153846151
0.35516826923076922
0.35817307692307698
0.36117788461538464
0.36418269230769229
0.3671875
0.37019230769230771
0.37319711538461536
0.37620192307692302
0.37920673076923078
0.38221153846153844
0.38521634615384615
0.38822115384615385
0.39122596153846151
0.39423076923076916
0.39723557692307698
0.40024038461538464
0.40324519230769229
0.40625
0.40925480769230771
0.41225961538461536
0.41526442307692302
0.41826923076923078
0.42127403846153844
0.42427884615384615
0.42728365384615385
0.43028846153846151
0.43329326923076916
0.43629807692307698
0.43930288461538464
0.44230769230769229
0.4453125
0.44831730769230771
0.45132211538461536
0.45432692307692302
0.45733173076923078
0.46033653846153844
0.46334134615384615
0.46634615384615385
0.46935096153846151
0.47235576923076916
0.47536057692307698
0.47836538461538464
0.48137019230769229
0.484375
0.48737980769230771
0.49038461538461536
0.49338942307692302
0.49639423076923078
0.49939903846153844
0.5
0.5
0.5
0.5
0.5
0.5
0.5
0.5
0.5
0.5
0.5
0.5
0.5
0.5
0.5
0.5
0.5
0.5
0.5
0.5
0.5
0.5
0.5
0.5
0.5
0.5
0.5
0.5
0.5
0.5
0.5
0.5
0.5
0.5
0.5
0.5
0.5
0.5
0.5
0.5
0.5
0.50060096153846156
0.50360576923076927
0.50661057692307687
0.50961538461538458
0.51262019230769229
0.515625
0.5186298076923076
0.52163461538461531
0.52463942307692302
0.52764423076923073
0.53064903846153832
0.53365384615384603
0.53665865384615385
0.53966346153846156
0.54266826923076927
0.54567307692307687
0.54867788461538458
0.55168269230769229
0.5546875
0.5576923076923076
0.56069711538461531
0.56370192307692302
0.56670673076923073
0.56971153846153832
0.57271634615384603
0.57572115384615385
0.57872596153846156
0.25
0.25
0.25
0.25
0.25
0.25
0.25
0.25
0.25
0.25
0.25
0.25
0.25
0.25
0.25
0.25
0.25
0.25
0.25
0.25
0.25
0.25
0.25
0.25
0.25
0.25
0.25
0.25
0.25
0.25
0.25
0.25
0.25
0.25
0.25
0.25
0.25
0.25
0.25
0.25
0.25
0.25
0.25
0.25
0.25
0.25
0.25
0.25
0.25
0.25
0.25
0.25
0.25
0.25
0.25
0.25
0.25
0.25
0.25
0.25
0.25
0.25
0.25
0.25
0.25
0.25
0.25
0.25
0.25
0.25
0.25
0.25
0.25
0.25
0.25
0.25
0.25
0.25
0.25
0.25
0.25
0.25
0.25
0.25
0.25
0.25
0.25
0.25
0.25
0.25
0.25
0.25
0.25
0.25
0.25
0.25
0.25
0.25
0.25
0.25
0.25
0.25
0.25
0.25
0.25
0.25149521531100477
0.25448564593301437
0.25747607655502391
0.26046650717703351
0.263456937799043
0.2664473684210526
0.2694377990430622
0.2724282296650718
0.2754186602870814
0.27840909090909088
0.28139952153110048
0.28438995215311003
0.28738038277511962
0.29037081339712917
0.29336124401913877
0.29635167464114831
0.29934210526315791
0.30233253588516751
0.305322966507177
0.30831339712918659
0.31130382775119619
0.31429425837320579
0.31728468899521528
0.32027511961722488
0.32326555023923442
0.32625598086124402
0.32924641148325362
0.33223684210526316
0.33522727272727271
0.33821770334928231
0.3412081339712919
0.34419856459330139
0.34718899521531099
0.35017942583732059
0.35316985645933019
0.35616028708133973
0.35915071770334928
0.36214114832535882
0.36513157894736842
0.36812200956937802
0.37111244019138756
0.3741028708133971
0.3770933014354067
0.3800837320574163
0.38307416267942579
0.38606459330143539
0.38905502392344493
0.39204545454545459
0.39503588516746413
0.39802631578947367
0.40101674641148322
0.40400717703349281
0.40699760765550241
0.40998803827751196
0.4129784688995215
0.4159688995215311
0.4189593301435407
0.42194976076555024
0.42494019138755978
0.42793062200956933
0.43092105263157898
0.43391148325358853
0.43690191387559807
0.43989234449760761
0.44288277511961721
0.44587320574162681
0.44886363636363635
0.4518540669856459
0.4548444976076555
0.45783492822966509
0.46082535885167464
0.46381578947368418
0.46680622009569372
0.46979665071770338
0.47278708133971292
0.47577751196172252
0.47876794258373201
0.48175837320574161
0.48474880382775121
0.48773923444976075
0.49072966507177029
0.49372009569377989
0.49671052631578949
0.49970095693779903
0.5
0.5
0.5
0.5
0.5
0.5
0.5
0.5
0.5
0.5
0.5
0.5
0.5
0.5
0.5
0.5
0.5
0.5
0.5
0.5
0.5
0.5
0.5
0.5
0.5
0.5
0.5
0.5
0.5
0.5
0.5
0.5
0.5
0.5
0.5
0.5
0.5
0.5
0.5
0.5
0.5
0.50029904306220085
0.50328947368421051
0.50627990430622005
0.5092703349282296
0.51226076555023925
0.51525119617224879
0.51824162679425823
0.52123205741626788
0.52422248803827742
0.52721291866028708
0.53020334928229662
0.53319377990430616
0.53618421052631582
0.53917464114832525
0.54216507177033491
0.54515550239234445
0.54814593301435399
0.55113636363636365
0.55412679425837319
0.55711722488038284
0.56010765550239228
0.56309808612440182
0.56608851674641147
0.56907894736842102
0.57206937799043056
0.57505980861244022
0.25
0.25
0.25
0.25
0.25
0.25
0.25
0.25
0.25
0.25
0.25
0.25
0.25
0.25
0.25
0.25
0.25
0.25
0.25
0.25
0.25
0.25
0.25
0.25
0.25
0.25
0.25
0.25
0.25
0.25
0.25
0.25
0.25
0.25
0.25
0.25
0.25
0.25
0.25
0.25
0.25
0.25
0.25
0.25
0.25
0.25
0.25
0.25
0.25
0.25
0.25
0.25
0.25
0.25
0.25
0.25
0.25
0.25
0.25
0.25
0.25
0.25
0.25
0.25
0.25
0.25
0.25
0.25
0.25
0.25
0.25
0.25
0.25
0.25
0.25
0.25
0.25
0.25
0.25
0.25
0.25
0.25
0.25
0.25
0.25
0.25
0.25
0.25
0.25
0.25
0.25
0.25
0.25
0.25
0.25
0.25
0.25
0.25
0.25
0.25
0.25
0.25
0.25
0.25
0.25
0.25
0.25297619047619047
0.25595238095238093
0.2589285714285714
0.26190476190476192
0.26488095238095238
0.26785714285714285
0.27083333333333331
0.27380952380952378
0.27678571428571425
0.27976190476190477
0.28273809523809523
0.2857142857142857
0.28869047619047616
0.29166666666666663
0.2946428571428571
0.29761904761904756
0.30059523809523814
0.3035714285714286
0.30654761904761907
0.30952380952380953
0.3125
0.31547619047619047
0.31845238095238099
0.32142857142857145
0.32440476190476192
0.32738095238095238
0.33035714285714285
0.33333333333333331
0.33630952380952378
0.3392857142857143
0.34226190476190477
0.34523809523809523
0.3482142857142857
0.35119047619047616
0.35416666666666663
0.3571428571428571
0.36011904761904767
0.36309523809523814
0.3660714285714286
0.36904761904761907
0.37202380952380953
0.375
0.37797619047619047
0.38095238095238093
0.3839285714285714
0.38690476190476186
0.38988095238095233
0.39285714285714279
0.39583333333333326
0.39880952380952384
0.4017857142857143
0.40476190476190477
0.40773809523809523
0.4107142857142857
0.41369047619047616
0.41666666666666669
0.41964285714285715
0.42261904761904762
0.42559523809523808
0.42857142857142855
0.43154761904761901
0.43452380952380948
0.4375
0.44047619047619047
0.44345238095238093
0.4464285714285714
0.44940476190476186
0.45238095238095233
0.4553571428571429
0.45833333333333337
0.46130952380952384
0.4642857142857143
0.46726190476190477
0.47023809523809523
0.4732142857142857
0.47619047619047622
0.47916666666666669
0.48214285714285715
0.48511904761904762
0.48809523809523808
0.49107142857142855
0.49404761904761901
0.49702380952380953
0.5
0.5
0.5
0.5
0.5
0.5
0.5
0.5
0.5
0.5
0.5
0.5
0.5
0.5
0.5
0.5
0.5
0.5
0.5
0.5
0.5
0.5
0.5
0.5
0.5
0.5
0.5
0.5
0.5
0.5
0.5
0.5
0.5
0.5
0.5
0.5
0.5
0.5
0.5
0.5
0.5
0.5
0.5
0.50297619047619047
0.50595238095238093
0.5089285714285714
0.51190476190476186
0.51488095238095233
0.51785714285714279
0.52083333333333326
0.52380952380952372
0.52678571428571419
0.52976190476190466
0.53273809523809512
0.5357142857142857
0.53869047619047616
0.54166666666666663
0.5446428571428571
0.54761904761904756
0.55059523809523803
0.55357142857142849
0.55654761904761896
0.55952380952380942
0.56249999999999989
0.56547619047619035
0.56845238095238082
0.57142857142857129
0.25
0.25
0.25
0.25
0.25
0.25
0.25
0.25
0.25
0.25
0.25
0.25
0.25
0.25
0.25
0.25
0.25
0.25
0.25
0.25
0.25
0.25
0.25
0.25
0.25
0.25
0.25
0.25
0.25
0.25
0.25
0.25
0.25
0.25
0.25
0.25
0.25
0.25
0.25
0.25
0.25
0.25
0.25
0.25
0.25
0.25
0.25
0.25
0.25
0.25
0.25
0.25
0.25
0.25
0.25
0.25
0.25
0.25
0.25
0.25
0.25
0.25
0.25
0.25
0.25
0.25
0.25
0.25
0.25
0.25
0.25
0.25
0.25
0.25
0.25
0.25
0.25
0.25
0.25
0.25
0.25
0.25
0.25
0.25
0.25
0.25
0.25
0.25
0.25
0.25
0.25
0.25
0.25
0.25
0.25
0.25
0.25
0.25
0.25
0.25
0.25
0.25
0.25
0.25
0.25
0.25
0.25148104265402843
0.25444312796208535
0.25740521327014215
0.26036729857819907
0.26332938388625593
0.26629146919431279
0.26925355450236971
0.27221563981042651
0.27517772511848343
0.27813981042654023
0.28110189573459715
0.28406398104265401
0.28702606635071093
0.28998815165876779
0.29295023696682465
0.29591232227488151
0.29887440758293837
0.30183649289099529
0.30479857819905209
0.30776066350710901
0.31072274881516582
0.31368483412322273
0.31664691943127965
0.31960900473933651
0.32257109004739337
0.32553317535545023
0.32849526066350709
0.33145734597156395
0.33441943127962087
0.33738151658767768
0.34034360189573459
0.34330568720379151
0.34626777251184832
0.34922985781990523
0.35219194312796209
0.35515402843601895
0.35811611374407581
0.36107819905213268
0.36404028436018959
0.36700236966824645
0.36996445497630337
0.37292654028436018
0.37588862559241709
0.3788507109004739
0.38181279620853081
0.38477488151658767
0.38773696682464454
0.39069905213270145
0.39366113744075826
0.39662322274881517
0.39958530805687198
0.40254739336492895
0.40550947867298576
0.40847156398104267
0.41143364928909948
0.4143957345971564
0.41735781990521326
0.42031990521327012
0.42328199052132703
0.42624407582938384
0.42920616113744076
0.43216824644549756
0.43513033175355453
0.43809241706161139
0.44105450236966826
0.44401658767772512
0.44697867298578198
0.44994075829383884
0.4529028436018957
0.45586492890995262
0.45882701421800942
0.46178909952606634
0.46475118483412325
0.46771327014218012
0.47067535545023698
0.47363744075829384
0.4765995260663507
0.47956161137440756
0.48252369668246442
0.48548578199052128
0.4884478672985782
0.49140995260663511
0.49437203791469192
0.49733412322274884
0.5
0.5
0.5
0.5
0.5
0.5
0.5
0.5
0.5
0.5
0.5
0.5
0.5
0.5
0.5
0.5
0.5
0.5
0.5
0.5
0.5
0.5
0.5
0.5
0.5
0.5
0.5
0.5
0.5
0.5
0.5
0.5
0.5
0.5
0.5
0.5
0.5
0.5
0.5
0.5
0.5
0.5
0.5
0.50266587677725116
0.50562796208530791
0.50859004739336489
0.51155213270142175
0.51451421800947861
0.51747630331753558
0.52043838862559244
0.52340047393364919
0.52636255924170605
0.52932464454976302
0.53228672985781988
0.53524881516587675
0.53821090047393372
0.54117298578199047
0.54413507109004733
0.54709715639810419
0.55005924170616116
0.55302132701421802
0.55598341232227477
0.55894549763033163
0.56190758293838861
0.56486966824644547
0.56783175355450233
0.25
0.25
0.25
0.25
0.25
0.25
0.25
0.25
0.25
0.25
0.25
0.25
0.25
0.25
0.25
0.25
0.25
0.25
0.25
0.25
0.25
0.25
0.25
0.25
0.25
0.25
0.25
0.25
0.25
0.25
0.25
0.25
0.25
0.25
0.25
0.25
0.25
0.25
0.25
0.25
0.25
0.25
0.25
0.25
0.25
0.25
0.25
0.25
0.25
0.25
0.25
0.25
0.25
0.25
0.25
0.25
0.25
0.25
0.25
0.25
0.25
0.25
0.25
0.25
0.25
0.25
0.25
0.25
0.25
0.25
0.25
0.25
0.25
0.25
0.25
0.25
0.25
0.25
0.25
0.25
0.25
0.25
0.25
0.25
0.25
0.25
0.25
0.25
0.25
0.25
0.25
0.25
0.25
0.25
0.25
0.25
0.25
0.25
0.25
0.25
0.25
0.25
0.25
0.25
0.25
0.25
0.25
0.25294811320754718
0.25589622641509435
0.25884433962264153
0.2617924528301887
0.26474056603773588
0.267688679245283
0.27063679245283023
0.27358490566037735
0.27653301886792458
0.27948113207547171
0.28242924528301888
0.285377358490566
0.28832547169811323
0.29127358490566035
0.29422169811320759
0.29716981132075471
0.30011792452830188
0.30306603773584906
0.30601415094339623
0.30896226415094341
0.31191037735849059
0.31485849056603771
0.31780660377358494
0.32075471698113206
0.32370283018867929
0.32665094339622641
0.32959905660377359
0.33254716981132071
0.33549528301886794
0.33844339622641506
0.34139150943396229
0.34433962264150941
0.34728773584905659
0.35023584905660377
0.35318396226415094
0.35613207547169812
0.35908018867924529
0.36202830188679241
0.36497641509433965
0.36792452830188677
0.370872641509434
0.37382075471698112
0.37676886792452829
0.37971698113207542
0.38266509433962265
0.38561320754716977
0.38856132075471694
0.39150943396226412
0.3944575471698113
0.39740566037735847
0.40035377358490565
0.40330188679245282
0.40625
0.40919811320754718
0.41214622641509435
0.41509433962264153
0.4180424528301887
0.42099056603773588
0.423938679245283
0.42688679245283023
0.42983490566037735
0.43278301886792458
0.43573113207547165
0.43867924528301888
0.441627358490566
0.44457547169811323
0.44752358490566035
0.45047169811320753
0.45341981132075471
0.45636792452830188
0.45931603773584906
0.46226415094339623
0.46521226415094341
0.46816037735849059
0.47110849056603771
0.47405660377358494
0.47700471698113206
0.47995283018867929
0.48290094339622636
0.48584905660377359
0.48879716981132071
0.49174528301886794
0.49469339622641506
0.49764150943396224
0.5
0.5
0.5
0.5
0.5
0.5
0.5
0.5
0.5
0.5
0.5
0.5
0.5
0.5
0.5
0.5
0.5
0.5
0.5
0.5
0.5
0.5
0.5
0.5
0.5
0.5
0.5
0.5
0.5
0.5
0.5
0.5
0.5
0.5
0.5
0.5
0.5
0.5
0.5
0.5
0.5
0.5
0.5
0.50235849056603776
0.50530660377358483
0.508254716981132
0.51120283018867918
0.51415094339622647
0.51709905660377353
0.52004716981132071
0.52299528301886788
0.52594339622641506
0.52889150943396213
0.53183962264150941
0.53478773584905659
0.53773584905660377
0.54068396226415083
0.54363207547169801
0.54658018867924529
0.54952830188679247
0.55247641509433953
0.55542452830188671
0.55837264150943389
0.56132075471698117
0.56426886792452824
0.25
0.25
0.25
0.25
0.25
0.25
0.25
0.25
0.25
0.25
0.25
0.25
0.25
0.25
0.25
0.25
0.25
0.25
0.25
0.25
0.25
0.25
0.25
0.25
0.25
0.25
0.25
0.25
0.25
0.25
0.25
0.25
0.25
0.25
0.25
0.25
0.25
0.25
0.25
0.25
0.25
0.25
0.25
0.25
0.25
0.25
0.25
0.25
0.25
0.25
0.25
0.25
0.25
0.25
0.25
0.25
0.25
0.25
0.25
0.25
0.25
0.25
0.25
0.25
0.25
0.25
0.25
0.25
0.25
0.25
0.25
0.25
0.25
0.25
0.25
0.25
0.25
0.25
0.25
0.25
0.25
0.25
0.25
0.25
0.25
0.25
0.25
0.25
0.25
0.25
0.25
0.25
0.25
0.25
0.25
0.25
0.25
0.25
0.25
0.25
0.25
0.25
0.25
0.25
0.25
0.25
0.25
0.25146713615023475
0.25440140845070425
0.25733568075117369
0.26026995305164319
0.26320422535211263
0.26613849765258218
0.26907276995305163
0.27200704225352113
0.27494131455399062
0.27787558685446007
0.28080985915492962
0.28374413145539906
0.2866784037558685
0.28961267605633806
0.2925469483568075
0.295481220657277
0.2984154929577465
0.30134976525821594
0.30428403755868549
0.30721830985915494
0.31015258215962438
0.31308685446009388
0.31602112676056338
0.31895539906103287
0.32188967136150237
0.32482394366197181
0.32775821596244131
0.33069248826291076
0.33362676056338031
0.33656103286384975
0.33949530516431925
0.34242957746478875
0.34536384976525819
0.34829812206572774
0.35123239436619719
0.35416666666666663
0.35710093896713618
0.36003521126760563
0.36296948356807512
0.36590375586854462
0.36883802816901406
0.37177230046948362
0.37470657276995306
0.3776408450704225
0.380575117370892
0.3835093896713615
0.386443661971831
0.3893779342723005
0.39231220657276988
0.39524647887323944
0.39818075117370888
0.40111502347417843
0.40404929577464788
0.40698356807511737
0.40991784037558687
0.41285211267605632
0.41578638497652587
0.41872065727699531
0.42165492957746475
0.42458920187793425
0.42752347417840375
0.43045774647887319
0.43339201877934275
0.43632629107981219
0.43926056338028174
0.44219483568075113
0.44512910798122063
0.44806338028169013
0.45099765258215962
0.45393192488262912
0.45686619718309862
0.45980046948356801
0.46273474178403756
0.465669014084507
0.46860328638497656
0.471537558685446
0.4744718309859155
0.477406103286385
0.48034037558685444
0.48327464788732388
0.48620892018779344
0.48914319248826288
0.49207746478873238
0.49501173708920188
0.49794600938967132
0.5
0.5
0.5
0.5
0.5
0.5
0.5
0.5
0.5
0.5
0.5
0.5
0.5
0.5
0.5
0.5
0.5
0.5
0.5
0.5
0.5
0.5
0.5
0.5
0.5
0.5
0.5
0.5
0.5
0.5
0.5
0.5
0.5
0.5
0.5
0.5
0.5
0.5
0.5
0.5
0.5
0.5
0.5
0.50205399061032852
0.50498826291079812
0.50792253521126762
0.51085680751173701
0.51379107981220651
0.51672535211267601
0.51965962441314539
0.522593896713615
0.5255281690140845
0.528462441314554
0.53139671361502339
0.53433098591549288
0.53726525821596249
0.54019953051643188
0.54313380281690138
0.54606807511737088
0.54900234741784026
0.55193661971830976
0.55487089201877937
0.55780516431924876
0.56073943661971826
0.25
0.25
0.25
0.25
0.25
0.25
0.25
0.25
0.25
0.25
0.25
0.25
0.25
0.25
0.25
0.25
0.25
0.25
0.25
0.25
0.25
0.25
0.25
0.25
0.25
0.25
0.25
0.25
0.25
0.25
0.25
0.25
0.25
0.25
0.25
0.25
0.25
0.25
0.25
0.25
0.25
0.25
0.25
0.25
0.25
0.25
0.25
0.25
0.25
0.25
0.25
0.25
0.25
0.25
0.25
0.25
0.25
0.25
0.25
0.25
0.25
0.25
0.25
0.25
0.25
0.25
0.25
0.25
0.25
0.25
0.25
0.25
0.25
0.25
0.25
0.25
0.25
0.25
0.25
0.25
0.25
0.25
0.25
0.25
0.25
0.25
0.25
0.25
0.25
0.25
0.25
0.25
0.25
0.25
0.25
0.25
0.25
0.25
0.25
0.25
0.25
0.25
0.25
0.25
0.25
0.25
0.25
0.25
0.2529205607476635
0.25584112149532712
0.25876168224299062
0.26168224299065423
0.26460280373831774
0.2675233644859813
0.2704439252336448
0.27336448598130841
0.27628504672897192
0.27920560747663553
0.28212616822429903
0.28504672897196259
0.28796728971962615
0.29088785046728971
0.29380841121495327
0.29672897196261683
0.29964953271028033
0.30257009345794394
0.30549065420560745
0.30841121495327106
0.31133177570093457
0.31425233644859812
0.31717289719626163
0.32009345794392524
0.32301401869158874
0.32593457943925236
0.32885514018691586
0.33177570093457942
0.33469626168224298
0.33761682242990654
0.3405373831775701
0.34345794392523366
0.34637850467289716
0.34929906542056077
0.35221962616822428
0.35514018691588789
0.35806074766355139
0.36098130841121495
0.36390186915887845
0.36682242990654207
0.36974299065420557
0.37266355140186919
0.37558411214953269
0.37850467289719625
0.38142523364485981
0.38434579439252337
0.38726635514018692
0.39018691588785048
0.39310747663551399
0.3960280373831776
0.3989485981308411
0.40186915887850472
0.40478971962616817
0.40771028037383178
0.41063084112149528
0.4135514018691589
0.4164719626168224
0.41939252336448596
0.42231308411214952
0.42523364485981308
0.42815420560747663
0.43107476635514019
0.43399532710280375
0.43691588785046731
0.43983644859813081
0.44275700934579443
0.44567757009345793
0.44859813084112155
0.45151869158878499
0.45443925233644861
0.45735981308411211
0.46028037383177572
0.46320093457943923
0.46612149532710279
0.46904205607476634
0.4719626168224299
0.47488317757009346
0.47780373831775702
0.48072429906542058
0.48364485981308414
0.48656542056074764
0.48948598130841126
0.49240654205607476
0.49532710280373837
0.49824766355140182
0.5
0.5
0.5
0.5
0.5
0.5
0.5
0.5
0.5
0.5
0.5
0.5
0.5
0.5
0.5
0.5
0.5
0.5
0.5
0.5
0.5
0.5
0.5
0.5
0.5
0.5
0.5
0.5
0.5
0.5
0.5
0.5
0.5
0.5
0.5
0.5
0.5
0.5
0.5
0.5
0.5
0.5
0.5
0.50175233644859807
0.50467289719626163
0.50759345794392519
0.51051401869158874
0.51343457943925219
0.51635514018691586
0.51927570093457942
0.52219626168224298
0.52511682242990643
0.52803738317756999
0.53095794392523366
0.53387850467289721
0.53679906542056066
0.53971962616822422
0.54264018691588778
0.54556074766355145
0.5484813084112149
0.55140186915887845
0.55432242990654201
0.55724299065420557
0.25
0.25
0.25
0.25
0.25
0.25
0.25
0.25
0.25
0.25
0.25
0.25
0.25
0.25
0.25
0.25
0.25
0.25
0.25
0.25
0.25
0.25
0.25
0.25
0.25
0.25
0.25
0.25
0.25
0.25
0.25
0.25
0.25
0.25
0.25
0.25
0.25
0.25
0.25
0.25
0.25
0.25
0.25
0.25
0.25
0.25
0.25
0.25
0.25
0.25
0.25
0.25
0.25
0.25
0.25
0.25
0.25
0.25
0.25
0.25
0.25
0.25
0.25
0.25
0.25
0.25
0.25
0.25
0.25
0.25
0.25
0.25
0.25
0.25
0.25
0.25
0.25
0.25
0.25
0.25
0.25
0.25
0.25
0.25
0.25
0.25
0.25
0.25
0.25
0.25
0.25
0.25
0.25
0.25
0.25
0.25
0.25
0.25
0.25
0.25
0.25
0.25
0.25
0.25
0.25
0.25
0.25
0.25
0.25145348837209303
0.25436046511627908
0.25726744186046513
0.26017441860465118
0.26308139534883723
0.26598837209302323
0.26889534883720928
0.27180232558139533
0.27470930232558144
0.27761627906976749
0.28052325581395349
0.28343023255813954
0.28633720930232559
0.28924418604651159
0.29215116279069764
0.29505813953488369
0.2979651162790698
0.30087209302325585
0.30377906976744184
0.3066860465116279
0.30959302325581395
0.3125
0.31540697674418605
0.31831395348837205
0.32122093023255816
0.32412790697674421
0.32703488372093026
0.32994186046511631
0.33284883720930231
0.33575581395348836
0.33866279069767441
0.34156976744186041
0.34447674418604657
0.34738372093023256
0.35029069767441862
0.35319767441860467
0.35610465116279066
0.35901162790697672
0.36191860465116277
0.36482558139534882
0.36773255813953493
0.37063953488372092
0.37354651162790697
0.37645348837209303
0.37936046511627908
0.38226744186046513
0.38517441860465113
0.38808139534883718
0.39098837209302328
0.39389534883720934
0.39680232558139539
0.39970930232558138
0.40261627906976744
0.40552325581395343
0.40843023255813948
0.41133720930232553
0.41424418604651164
0.41715116279069769
0.42005813953488369
0.42296511627906974
0.42587209302325579
0.42877906976744184
0.4316860465116279
0.43459302325581395
0.4375
0.44040697674418605
0.4433139534883721
0.44622093023255816
0.44912790697674421
0.4520348837209302
0.45494186046511625
0.45784883720930225
0.46075581395348841
0.46366279069767447
0.46656976744186046
0.46947674418604651
0.47238372093023251
0.47529069767441856
0.47819767441860461
0.48110465116279066
0.48401162790697677
0.48691860465116277
0.48982558139534882
0.49273255813953487
0.49563953488372092
0.49854651162790697
0.5
0.5
0.5
0.5
0.5
0.5
0.5
0.5
0.5
0.5
0.5
0.5
0.5
0.5
0.5
0.5
0.5
0.5
0.5
0.5
0.5
0.5
0.5
0.5
0.5
0.5
0.5
0.5
0.5
0.5
0.5
0.5
0.5
0.5
0.5
0.5
0.5
0.5
0.5
0.5
0.5
0.5
0.5
0.50145348837209291
0.50436046511627908
0.50726744186046513
0.51017441860465107
0.51308139534883723
0.51598837209302317
0.51889534883720934
0.52180232558139528
0.52470930232558133
0.52761627906976738
0.53052325581395343
0.53343023255813959
0.53633720930232553
0.53924418604651159
0.54215116279069764
0.54505813953488369
0.54796511627906963
0.55087209302325579
0.55377906976744184
0.25
0.25
0.25
0.25
0.25
0.25
0.25
0.25
0.25
0.25
0.25
0.25
0.25
0.25
0.25
0.25
0.25
0.25
0.25
0.25
0.25
0.25
0.25
0.25
0.25
0.25
0.25
0.25
0.25
0.25
0.25
0.25
0.25
0.25
0.25
0.25
0.25
0.25
0.25
0.25
0.25
0.25
0.25
0.25
0.25
0.25
0.25
0.25
0.25
0.25
0.25
0.25
0.25
0.25
0.25
0.25
0.25
0.25
0.25
0.25
0.25
0.25
0.25
0.25
0.25
0.25
0.25
0.25
0.25
0.25
0.25
0.25
0.25
0.25
0.25
0.25
0.25
0.25
0.25
0.25
0.25
0.25
0.25
0.25
0.25
0.25
0.25
0.25
0.25
0.25
0.25
0.25
0.25
0.25
0.25
0.25
0.25
0.25
0.25
0.25
0.25
0.25
0.25
0.25
0.25
0.25
0.25
0.25
0.25
0.25289351851851855
0.25578703703703709
0.25868055555555552
0.26157407407407407
0.26446759259259256
0.2673611111111111
0.27025462962962965
0.2731481481481482
0.27604166666666663
0.27893518518518517
0.28182870370370372
0.28472222222222221
0.28761574074074076
0.29050925925925924
0.29340277777777779
0.29629629629629628
0.29918981481481483
0.30208333333333337
0.3049768518518518
0.30787037037037035
0.3107638888888889
0.31365740740740744
0.31655092592592593
0.31944444444444448
0.32233796296296291
0.32523148148148145
0.328125
0.33101851851851855
0.33391203703703709
0.33680555555555552
0.33969907407407407
0.34259259259259256
0.3454861111111111
0.34837962962962965
0.3512731481481482
0.35416666666666663
0.35706018518518517
0.35995370370370372
0.36284722222222221
0.36574074074074076
0.36863425925925924
0.37152777777777779
0.37442129629629628
0.37731481481481483
0.38020833333333337
0.3831018518518518
0.38599537037037035
0.38888888888888884
0.39178240740740744
0.39467592592592593
0.39756944444444448
0.40046296296296291
0.40335648148148145
0.40625
0.40914351851851849
0.41203703703703709
0.41493055555555552
0.41782407407407407
0.42071759259259256
0.4236111111111111
0.42650462962962965
0.42939814814814814
0.43229166666666663
0.43518518518518517
0.43807870370370372
0.44097222222222221
0.44386574074074076
0.44675925925925919
0.44965277777777779
0.45254629629629628
0.45543981481481483
0.45833333333333337
0.4612268518518518
0.46412037037037035
0.46701388888888884
0.46990740740740744
0.47280092592592593
0.47569444444444448
0.47858796296296291
0.48148148148148145
0.484375
0.48726851851851849
0.49016203703703709
0.49305555555555552
0.49594907407407407
0.49884259259259256
0.5
0.5
0.5
0.5
0.5
0.5
0.5
0.5
0.5
0.5
0.5
0.5
0.5
0.5
0.5
0.5
0.5
0.5
0.5
0.5
0.5
0.5
0.5
0.5
0.5
0.5
0.5
0.5
0.5
0.5
0.5
0.5
0.5
0.5
0.5
0.5
0.5
0.5
0.5
0.5
0.5
0.5
0.5
0.50115740740740733
0.50405092592592582
0.50694444444444442
0.50983796296296291
0.51273148148148151
0.515625
0.51851851851851838
0.52141203703703698
0.52430555555555547
0.52719907407407407
0.53009259259259256
0.53298611111111105
0.53587962962962965
0.53877314814814803
0.54166666666666663
0.54456018518518512
0.54745370370370361
0.55034722222222221
0.25
0.25
0.25
0.25
0.25
0.25
0.25
0.25
0.25
0.25
0.25
0.25
0.25
0.25
0.25
0.25
0.25
0.25
0.25
0.25
0.25
0.25
0.25
0.25
0.25
0.25
0.25
0.25
0.25
0.25
0.25
0.25
0.25
0.25
0.25
0.25
0.25
0.25
0.25
0.25
0.25
0.25
0.25
0.25
0.25
0.25
0.25
0.25
0.25
0.25
0.25
0.25
0.25
0.25
0.25
0.25
0.25
0.25
0.25
0.25
0.25
0.25
0.25
0.25
0.25
0.25
0.25
0.25
0.25
0.25
0.25
0.25
0.25
0.25
0.25
0.25
0.25
0.25
0.25
0.25
0.25
0.25
0.25
0.25
0.25
0.25
0.25
0.25
0.25
0.25
0.25
0.25
0.25
0.25
0.25
0.25
0.25
0.25
0.25
0.25
0.25
0.25
0.25
0.25
0.25
0.25
0.25
0.25
0.25
0.25144009216589863
0.25432027649769584
0.2572004608294931
0.26008064516129031
0.26296082949308752
0.26584101382488479
0.26872119815668205
0.27160138248847926
0.27448156682027647
0.27736175115207373
0.28024193548387094
0.28312211981566826
0.28600230414746547
0.28888248847926268
0.29176267281105989
0.2946428571428571
0.29752304147465436
0.30040322580645162
0.30328341013824889
0.3061635944700461
0.30904377880184331
0.31192396313364051
0.31480414746543783
0.31768433179723504
0.32056451612903225
0.32344470046082952
0.32632488479262672
0.32920506912442393
0.3320852534562212
0.33496543778801846
0.33784562211981567
0.34072580645161288
0.34360599078341014
0.34648617511520741
0.34936635944700462
0.35224654377880182
0.35512672811059909
0.3580069124423963
0.36088709677419351
0.36376728110599083
0.36664746543778803
0.36952764976958524
0.37240783410138245
0.37528801843317972
0.37816820276497692
0.38104838709677424
0.3839285714285714
0.38680875576036866
0.38968894009216587
0.39256912442396308
0.3954493087557604
0.39832949308755761
0.40120967741935487
0.40408986175115202
0.40697004608294929
0.4098502304147465
0.41273041474654382
0.41561059907834103
0.41849078341013823
0.4213709677419355
0.42425115207373265
0.42713133640552997
0.43001152073732718
0.43289170506912444
0.43577188940092165
0.43865207373271886
0.44153225806451613
0.44441244239631339
0.4472926267281106
0.45017281105990781
0.45305299539170507
0.45593317972350228
0.4588133640552996
0.46169354838709675
0.46457373271889402
0.46745391705069123
0.47033410138248843
0.4732142857142857
0.47609447004608296
0.47897465437788023
0.48185483870967738
0.48473502304147464
0.48761520737327185
0.49049539170506917
0.49337557603686638
0.49625576036866359
0.49913594470046085
0.5
0.5
0.5
0.5
0.5
0.5
0.5
0.5
0.5
0.5
0.5
0.5
0.5
0.5
0.5
0.5
0.5
0.5
0.5
0.5
0.5
0.5
0.5
0.5
0.5
0.5
0.5
0.5
0.5
0.5
0.5
0.5
0.5
0.5
0.5
0.5
0.5
0.5
0.5
0.5
0.5
0.5
0.5
0.50086405529953915
0.50374423963133641
0.50662442396313356
0.50950460829493083
0.51238479262672798
0.51526497695852536
0.51814516129032262
0.52102534562211977
0.52390552995391704
0.52678571428571419
0.52966589861751145
0.53254608294930861
0.53542626728110598
0.53830645161290325
0.5411866359447004
0.54406682027649766
0.54694700460829482
0.25
0.25
0.25
0.25
0.25
0.25
0.25
0.25
0.25
0.25
0.25
0.25
0.25
0.25
0.25
0.25
0.25
0.25
0.25
0.25
0.25
0.25
0.25
0.25
0.25
0.25
0.25
0.25
0.25
0.25
0.25
0.25
0.25
0.25
0.25
0.25
0.25
0.25
0.25
0.25
0.25
0.25
0.25
0.25
0.25
0.25
0.25
0.25
0.25
0.25
0.25
0.25
0.25
0.25
0.25
0.25
0.25
0.25
0.25
0.25
0.25
0.25
0.25
0.25
0.25
0.25
0.25
0.25
0.25
0.25
0.25
0.25
0.25
0.25
0.25
0.25
0.25
0.25
0.25
0.25
0.25
0.25
0.25
0.25
0.25
0.25
0.25
0.25
0.25
0.25
0.25
0.25
0.25
0.25
0.25
0.25
0.25
0.25
0.25
0.25
0.25
0.25
0.25
0.25
0.25
0.25
0.25
0.25
0.25
0.25
0.25286697247706419
0.25573394495412838
0.25860091743119268
0.26146788990825687
0.26433486238532111
0.2672018348623853
0.27006880733944955
0.27293577981651373
0.27580275229357798
0.27866972477064217
0.28153669724770647
0.28440366972477066
0.28727064220183485
0.29013761467889904
0.29300458715596334
0.29587155963302753
0.29873853211009171
0.30160550458715596
0.3044724770642202
0.30733944954128439
0.31020642201834858
0.31307339449541283
0.31594036697247707
0.31880733944954132
0.32167431192660551
0.32454128440366969
0.32740825688073394
0.33027522935779818
0.33314220183486237
0.33600917431192656
0.33887614678899086
0.34174311926605505
0.34461009174311924
0.34747706422018343
0.35034403669724773
0.35321100917431192
0.35607798165137616
0.35894495412844035
0.3618119266055046
0.36467889908256879
0.36754587155963303
0.37041284403669722
0.37327981651376152
0.37614678899082565
0.3790137614678899
0.38188073394495409
0.38474770642201839
0.38761467889908258
0.39048165137614677
0.39334862385321101
0.39621559633027525
0.39908256880733944
0.40194954128440363
0.40481651376146788
0.40768348623853212
0.41055045871559637
0.4134174311926605
0.41628440366972475
0.41915137614678899
0.42201834862385323
0.42488532110091742
0.42775229357798161
0.43061926605504586
0.4334862385321101
0.43635321100917429
0.43922018348623848
0.44208715596330278
0.44495412844036697
0.44782110091743121
0.45068807339449535
0.45355504587155965
0.45642201834862384
0.45928899082568808
0.46215596330275227
0.46502293577981657
0.4678899082568807
0.47075688073394495
0.47362385321100914
0.47649082568807344
0.47935779816513763
0.48222477064220182
0.48509174311926606
0.48795871559633031
0.49082568807339449
0.49369266055045868
0.49655963302752293
0.49942660550458717
0.5
0.5
0.5
0.5
0.5
0.5
0.5
0.5
0.5
0.5
0.5
0.5
0.5
0.5
0.5
0.5
0.5
0.5
0.5
0.5
0.5
0.5
0.5
0.5
0.5
0.5
0.5
0.5
0.5
0.5
0.5
0.5
0.5
0.5
0.5
0.5
0.5
0.5
0.5
0.5
0.5
0.5
0.5
0.50057339449541283
0.50344036697247696
0.5063073394495412
0.50917431192660556
0.51204128440366969
0.51490825688073394
0.51777522935779807
0.52064220183486232
0.52350917431192656
0.5263761467889907
0.52924311926605505
0.5321100917431193
0.53497706422018343
0.53784403669724767
0.54071100917431181
0.54357798165137605
0.25
0.25
0.25
0.25
0.25
0.25
0.25
0.25
0.25
0.25
0.25
0.25
0.25
0.25
0.25
0.25
0.25
0.25
0.25
0.25
0.25
0.25
0.25
0.25
0.25
0.25
0.25
0.25
0.25
0.25
0.25
0.25
0.25
0.25
0.25
0.25
0.25
0.25
0.25
0.25
0.25
0.25
0.25
0.25
0.25
0.25
0.25
0.25
0.25
0.25
0.25
0.25
0.25
0.25
0.25
0.25
0.25
0.25
0.25
0.25
0.25
0.25
0.25
0.25
0.25
0.25
0.25
0.25
0.25
0.25
0.25
0.25
0.25
0.25
0.25
0.25
0.25
0.25
0.25
0.25
0.25
0.25
0.25
0.25
0.25
0.25
0.25
0.25
0.25
0.25
0.25
0.25
0.25
0.25
0.25
0.25
0.25
0.25
0.25
0.25
0.25
0.25
0.25
0.25
0.25
0.25
0.25
0.25
0.25
0.25
0.2514269406392694
0.25428082191780821
0.25713470319634701
0.25998858447488588
0.26284246575342463
0.26569634703196349
0.26855022831050224
0.2714041095890411
0.2742579908675799
0.27711187214611877
0.27996575342465752
0.28281963470319638
0.28567351598173513
0.28852739726027399
0.29138127853881279
0.2942351598173516
0.2970890410958904
0.29994292237442921
0.30279680365296802
0.30565068493150688
0.30850456621004563
0.31135844748858449
0.31421232876712324
0.3170662100456621
0.31992009132420091
0.32277397260273977
0.32562785388127852
0.32848173515981738
0.33133561643835613
0.33418949771689499
0.3370433789954338
0.3398972602739726
0.34275114155251141
0.34560502283105021
0.34845890410958902
0.35131278538812788
0.35416666666666663
0.35702054794520549
0.35987442922374424
0.3627283105022831
0.36558219178082191
0.36843607305936077
0.37128995433789952
0.37414383561643838
0.37699771689497713
0.37985159817351599
0.3827054794520548
0.3855593607305936
0.38841324200913241
0.39126712328767121
0.39412100456621002
0.39697488584474883
0.39982876712328763
0.40268264840182649
0.40553652968036524
0.4083904109589041
0.41124429223744285
0.41409817351598177
0.41695205479452052
0.41980593607305938
0.42265981735159813
0.42551369863013699
0.4283675799086758
0.43122146118721461
0.43407534246575341
0.43692922374429222
0.43978310502283102
0.44263698630136983
0.44549086757990863
0.44834474885844749
0.45119863013698625
0.45405251141552511
0.45690639269406386
0.45976027397260277
0.46261415525114152
0.46546803652968038
0.46832191780821913
0.471175799086758
0.4740296803652968
0.47688356164383561
0.47973744292237441
0.48259132420091322
0.48544520547945202
0.48829908675799083
0.49115296803652964
0.4940068493150685
0.49686073059360725
0.49971461187214611
0.5
0.5
0.5
0.5
0.5
0.5
0.5
0.5
0.5
0.5
0.5
0.5
0.5
0.5
0.5
0.5
0.5
0.5
0.5
0.5
0.5
0.5
0.5
0.5
0.5
0.5
0.5
0.5
0.5
0.5
0.5
0.5
0.5
0.5
0.5
0.5
0.5
0.5
0.5
0.5
0.5
0.5
0.5
0.50028538812785395
0.50313926940639264
0.50599315068493145
0.50884703196347025
0.51170091324200917
0.51455479452054798
0.51740867579908667
0.52026255707762548
0.52311643835616439
0.5259703196347032
0.528824200913242
0.5316780821917807
0.53453196347031962
0.53738584474885842
0.54023972602739723
0.25
0.25
0.25
0.25
0.25
0.25
0.25
0.25
0.25
0.25
0.25
0.25
0.25
0.25
0.25
0.25
0.25
0.25
0.25
0.25
0.25
0.25
0.25
0.25
0.25
0.25
0.25
0.25
0.25
0.25
0.25
0.25
0.25
0.25
0.25
0.25
0.25
0.25
0.25
0.25
0.25
0.25
0.25
0.25
0.25
0.25
0.25
0.25
0.25
0.25
0.25
0.25
0.25
0.25
0.25
0.25
0.25
0.25
0.25
0.25
0.25
0.25
0.25
0.25
0.25
0.25
0.25
0.25
0.25
0.25
0.25
0.25
0.25
0.25
0.25
0.25
0.25
0.25
0.25
0.25
0.25
0.25
0.25
0.25
0.25
0.25
0.25
0.25
0.25
0.25
0.25
0.25
0.25
0.25
0.25
0.25
0.25
0.25
0.25
0.25
0.25
0.25
0.25
0.25
0.25
0.25
0.25
0.25
0.25
0.25
0.25
0.25284090909090906
0.25568181818181812
0.25852272727272729
0.26136363636363635
0.26420454545454541
0.26704545454545453
0.26988636363636365
0.27272727272727271
0.27556818181818182
0.27840909090909088
0.28125
0.28409090909090912
0.28693181818181818
0.28977272727272724
0.29261363636363641
0.29545454545454547
0.29829545454545453
0.30113636363636365
0.30397727272727271
0.30681818181818182
0.30965909090909094
0.3125
0.31534090909090906
0.31818181818181823
0.32102272727272729
0.32386363636363635
0.32670454545454541
0.32954545454545459
0.33238636363636365
0.33522727272727271
0.33806818181818177
0.34090909090909094
0.34375
0.34659090909090906
0.34943181818181818
0.35227272727272729
0.35511363636363635
0.35795454545454547
0.36079545454545453
0.36363636363636359
0.36647727272727276
0.36931818181818182
0.37215909090909088
0.375
0.37784090909090912
0.38068181818181818
0.38352272727272729
0.38636363636363635
0.38920454545454547
0.39204545454545459
0.39488636363636365
0.39772727272727271
0.40056818181818188
0.40340909090909094
0.40625
0.40909090909090906
0.41193181818181812
0.41477272727272729
0.41761363636363635
0.42045454545454541
0.42329545454545447
0.42613636363636365
0.42897727272727271
0.43181818181818177
0.43465909090909088
0.4375
0.44034090909090906
0.44318181818181818
0.44602272727272724
0.44886363636363635
0.45170454545454547
0.45454545454545453
0.45738636363636365
0.46022727272727271
0.46306818181818182
0.46590909090909094
0.46875
0.47159090909090906
0.47443181818181823
0.47727272727272729
0.48011363636363635
0.48295454545454541
0.48579545454545459
0.48863636363636365
0.49147727272727271
0.49431818181818177
0.49715909090909094
0.5
0.5
0.5
0.5
0.5
0.5
0.5
0.5
0.5
0.5
0.5
0.5
0.5
0.5
0.5
0.5
0.5
0.5
0.5
0.5
0.5
0.5
0.5
0.5
0.5
0.5
0.5
0.5
0.5
0.5
0.5
0.5
0.5
0.5
0.5
0.5
0.5
0.5
0.5
0.5
0.5
0.5
0.5
0.5
0.5
0.50284090909090906
0.50568181818181812
0.50852272727272718
0.51136363636363635
0.51420454545454541
0.51704545454545447
0.51988636363636365
0.52272727272727271
0.52556818181818177
0.52840909090909094
0.53124999999999989
0.53409090909090906
0.53693181818181823
0.25
0.25
0.25
0.25
0.25
0.25
0.25
0.25
0.25
0.25
0.25
0.25
0.25
0.25
0.25
0.25
0.25
0.25
0.25
0.25
0.25
0.25
0.25
0.25
0.25
0.25
0.25
0.25
0.25
0.25
0.25
0.25
0.25
0.25
0.25
0.25
0.25
0.25
0.25
0.25
0.25
0.25
0.25
0.25
0.25
0.25
0.25
0.25
0.25
0.25
0.25
0.25
0.25
0.25
0.25
0.25
0.25
0.25
0.25
0.25
0.25
0.25
0.25
0.25
0.25
0.25
0.25
0.25
0.25
0.25
0.25
0.25
0.25
0.25
0.25
0.25
0.25
0.25
0.25
0.25
0.25
0.25
0.25
0.25
0.25
0.25
0.25
0.25
0.25
0.25
0.25
0.25
0.25
0.25
0.25
0.25
0.25
0.25
0.25
0.25
0.25
0.25
0.25
0.25
0.25
0.25
0.25
0.25
0.25
0.25
0.25
0.25141402714932126
0.25424208144796379
0.25707013574660631
0.25989819004524889
0.26272624434389141
0.26555429864253394
0.26838235294117646
0.27121040723981898
0.27403846153846151
0.27686651583710403
0.27969457013574661
0.28252262443438914
0.28535067873303166
0.28817873303167418
0.29100678733031671
0.29383484162895923
0.29666289592760176
0.29949095022624439
0.30231900452488691
0.30514705882352944
0.30797511312217196
0.31080316742081449
0.31363122171945701
0.31645927601809953
0.31928733031674211
0.32211538461538464
0.32494343891402716
0.32777149321266968
0.33059954751131221
0.33342760180995473
0.33625565610859726
0.33908371040723984
0.34191176470588236
0.34473981900452488
0.34756787330316741
0.35039592760180993
0.35322398190045246
0.35605203619909498
0.35888009049773761
0.36170814479638014
0.36453619909502266
0.36736425339366519
0.37019230769230771
0.37302036199095023
0.37584841628959276
0.37867647058823528
0.3815045248868778
0.38433257918552033
0.38716063348416285
0.38998868778280538
0.3928167420814479
0.39564479638009042
0.39847285067873306
0.40130090497737558
0.40412895927601811
0.40695701357466063
0.40978506787330315
0.41261312217194568
0.4154411764705882
0.41826923076923078
0.42109728506787331
0.42392533936651583
0.42675339366515835
0.42958144796380088
0.4324095022624434
0.43523755656108593
0.4380656108597285
0.44089366515837103
0.44372171945701355
0.44654977375565608
0.4493778280542986
0.45220588235294112
0.45503393665158365
0.45786199095022628
0.46069004524886881
0.46351809954751133
0.46634615384615385
0.46917420814479638
0.4720022624434389
0.47483031674208148
0.47765837104072401
0.48048642533936653
0.48331447963800905
0.48614253393665158
0.4889705882352941
0.49179864253393663
0.4946266968325792
0.49745475113122173
0.5
0.5
0.5
0.5
0.5
0.5
0.5
0.5
0.5
0.5
0.5
0.5
0.5
0.5
0.5
0.5
0.5
0.5
0.5
0.5
0.5
0.5
0.5
0.5
0.5
0.5
0.5
0.5
0.5
0.5
0.5
0.5
0.5
0.5
0.5
0.5
0.5
0.5
0.5
0.5
0.5
0.5
0.5
0.5
0.5
0.50254524886877827
0.5053733031674208
0.50820135746606332
0.51102941176470584
0.51385746606334837
0.51668552036199089
0.51951357466063341
0.52234162895927594
0.52516968325791846
0.52799773755656099
0.53082579185520351
0.53365384615384603
0.25
0.25
0.25
0.25
0.25
0.25
0.25
0.25
0.25
0.25
0.25
0.25
0.25
0.25
0.25
0.25
0.25
0.25
0.25
0.25
0.25
0.25
0.25
0.25
0.25
0.25
0.25
0.25
0.25
0.25
0.25
0.25
0.25
0.25
0.25
0.25
0.25
0.25
0.25
0.25
0.25
0.25
0.25
0.25
0.25
0.25
0.25
0.25
0.25
0.25
0.25
0.25
0.25
0.25
0.25
0.25
0.25
0.25
0.25
0.25
0.25
0.25
0.25
0.25
0.25
0.25
0.25
0.25
0.25
0.25
0.25
0.25
0.25
0.25
0.25
0.25
0.25
0.25
0.25
0.25
0.25
0.25
0.25
0.25
0.25
0.25
0.25
0.25
0.25
0.25
0.25
0.25
0.25
0.25
0.25
0.25
0.25
0.25
0.25
0.25
0.25
0.25
0.25
0.25
0.25
0.25
0.25
0.25
0.25
0.25
0.25
0.25
0.25281531531531531
0.25563063063063063
0.25844594594594594
0.26126126126126126
0.26407657657657657
0.26689189189189189
0.2697072072072072
0.27252252252252251
0.27533783783783783
0.27815315315315314
0.28096846846846851
0.28378378378378377
0.28659909909909909
0.2894144144144144
0.29222972972972971
0.29504504504504508
0.29786036036036034
0.30067567567567566
0.30349099099099097
0.30630630630630629
0.30912162162162166
0.31193693693693691
0.31475225225225228
0.31756756756756754
0.32038288288288286
0.32319819819819823
0.32601351351351349
0.32882882882882886
0.33164414414414412
0.33445945945945943
0.3372747747747748
0.34009009009009006
0.34290540540540543
0.34572072072072069
0.34853603603603606
0.35135135135135137
0.35416666666666663
0.356981981981982
0.35979729729729726
0.36261261261261263
0.36542792792792794
0.3682432432432432
0.37105855855855857
0.37387387387387383
0.3766891891891892
0.37950450450450446
0.38231981981981977
0.38513513513513514
0.3879504504504504
0.39076576576576577
0.39358108108108103
0.39639639639639646
0.39921171171171171
0.40202702702702697
0.40484234234234234
0.4076576576576576
0.41047297297297303
0.41328828828828829
0.41610360360360354
0.41891891891891891
0.42173423423423417
0.4245495495495496
0.42736486486486486
0.43018018018018023
0.43299549549549549
0.43581081081081074
0.43862612612612617
0.44144144144144143
0.4442567567567568
0.44707207207207206
0.44988738738738732
0.45270270270270274
0.455518018018018
0.45833333333333337
0.46114864864864863
0.46396396396396389
0.46677927927927931
0.46959459459459457
0.47240990990990994
0.4752252252252252
0.47804054054054057
0.48085585585585588
0.48367117117117114
0.48648648648648651
0.48930180180180177
0.49211711711711714
0.49493243243243246
0.49774774774774772
0.5
0.5
0.5
0.5
0.5
0.5
0.5
0.5
0.5
0.5
0.5
0.5
0.5
0.5
0.5
0.5
0.5
0.5
0.5
0.5
0.5
0.5
0.5
0.5
0.5
0.5
0.5
0.5
0.5
0.5
0.5
0.5
0.5
0.5
0.5
0.5
0.5
0.5
0.5
0.5
0.5
0.5
0.5
0.5
0.5
0.50225225225225223
0.50506756756756754
0.50788288288288286
0.51069819819819806
0.51351351351351349
0.5163288288288288
0.51914414414414412
0.52195945945945943
0.52477477477477463
0.52759009009009006
0.53040540540540537
0.25
0.25
0.25
0.25
0.25
0.25
0.25
0.25
0.25
0.25
0.25
0.25
0.25
0.25
0.25
0.25
0.25
0.25
0.25
0.25
0.25
0.25
0.25
0.25
0.25
0.25
0.25
0.25
0.25
0.25
0.25
0.25
0.25
0.25
0.25
0.25
0.25
0.25
0.25
0.25
0.25
0.25
0.25
0.25
0.25
0.25
0.25
0.25
0.25
0.25
0.25
0.25
0.25
0.25
0.25
0.25
0.25
0.25
0.25
0.25
0.25
0.25
0.25
0.25
0.25
0.25
0.25
0.25
0.25
0.25
0.25
0.25
0.25
0.25
0.25
0.25
0.25
0.25
0.25
0.25
0.25
0.25
0.25
0.25
0.25
0.25
0.25
0.25
0.25
0.25
0.25
0.25
0.25
0.25
0.25
0.25
0.25
0.25
0.25
0.25
0.25
0.25
0.25
0.25
0.25
0.25
0.25
0.25
0.25
0.25
0.25
0.25
0.25140134529147984
0.25420403587443946
0.25700672645739914
0.25980941704035876
0.26261210762331832
0.265414798206278
0.26821748878923768
0.2710201793721973
0.27382286995515692
0.2766255605381166
0.27942825112107628
0.2822309417040359
0.28503363228699552
0.28783632286995514
0.29063901345291476
0.29344170403587444
0.29624439461883406
0.29904708520179374
0.30184977578475336
0.30465246636771304
0.30745515695067266
0.31025784753363228
0.3130605381165919
0.31586322869955152
0.3186659192825112
0.32146860986547088
0.3242713004484305
0.32707399103139012
0.3298766816143498
0.33267937219730948
0.33548206278026904
0.33828475336322866
0.34108744394618834
0.34389013452914796
0.34669282511210764
0.34949551569506726
0.35229820627802694
0.35510089686098656
0.35790358744394624
0.3607062780269058
0.36350896860986548
0.3663116591928251
0.36911434977578472
0.3719170403587444
0.37471973094170408
0.3775224215246637
0.38032511210762332
0.38312780269058289
0.38593049327354256
0.38873318385650224
0.39153587443946186
0.39433856502242148
0.39714125560538116
0.39994394618834084
0.40274663677130046
0.40554932735426008
0.4083520179372197
0.41115470852017932
0.413957399103139
0.41676008968609868
0.4195627802690583
0.42236547085201792
0.4251681614349776
0.42797085201793728
0.43077354260089684
0.43357623318385646
0.43637892376681608
0.43918161434977576
0.44198430493273544
0.44478699551569506
0.44758968609865468
0.45039237668161436
0.45319506726457404
0.4559977578475336
0.45880044843049328
0.4616031390134529
0.46440582959641252
0.4672085201793722
0.47001121076233188
0.4728139013452915
0.47561659192825112
0.47841928251121069
0.48122197309417036
0.48402466367713004
0.48682735426008966
0.48963004484304928
0.49243273542600896
0.49523542600896864
0.49803811659192826
0.5
0.5
0.5
0.5
0.5
0.5
0.5
0.5
0.5
0.5
0.5
0.5
0.5
0.5
0.5
0.5
0.5
0.5
0.5
0.5
0.5
0.5
0.5
0.5
0.5
0.5
0.5
0.5
0.5
0.5
0.5
0.5
0.5
0.5
0.5
0.5
0.5
0.5
0.5
0.5
0.5
0.5
0.5
0.5
0.5
0.5019618834080718
0.50476457399103136
0.50756726457399104
0.51036995515695061
0.51317264573991017
0.51597533632286985
0.51877802690582953
0.5215807174887892
0.52438340807174877
0.52718609865470845
0.25
0.25
0.25
0.25
0.25
0.25
0.25
0.25
0.25
0.25
0.25
0.25
0.25
0.25
0.25
0.25
0.25
0.25
0.25
0.25
0.25
0.25
0.25
0.25
0.25
0.25
0.25
0.25
0.25
0.25
0.25
0.25
0.25
0.25
0.25
0.25
0.25
0.25
0.25
0.25
0.25
0.25
0.25
0.25
0.25
0.25
0.25
0.25
0.25
0.25
0.25
0.25
0.25
0.25
0.25
0.25
0.25
0.25
0.25
0.25
0.25
0.25
0.25
0.25
0.25
0.25
0.25
0.25
0.25
0.25
0.25
0.25
0.25
0.25
0.25
0.25
0.25
0.25
0.25
0.25
0.25
0.25
0.25
0.25
0.25
0.25
0.25
0.25
0.25
0.25
0.25
0.25
0.25
0.25
0.25
0.25
0.25
0.25
0.25
0.25
0.25
0.25
0.25
0.25
0.25
0.25
0.25
0.25
0.25
0.25
0.25
0.25
0.25
0.25279017857142855
0.2555803571428571
0.2583705357142857
0.2611607142857143
0.2639508928571429
0.26674107142857145
0.26953125
0.27232142857142855
0.2751116071428571
0.2779017857142857
0.2806919642857143
0.2834821428571429
0.28627232142857145
0.2890625
0.29185267857142855
0.2946428571428571
0.2974330357142857
0.3002232142857143
0.3030133928571429
0.30580357142857145
0.30859375
0.31138392857142855
0.3141741071428571
0.3169642857142857
0.3197544642857143
0.3225446428571429
0.32533482142857145
0.328125
0.33091517857142855
0.3337053571428571
0.3364955357142857
0.3392857142857143
0.3420758928571429
0.34486607142857145
0.34765625
0.35044642857142855
0.3532366071428571
0.3560267857142857
0.3588169642857143
0.3616071428571429
0.36439732142857145
0.3671875
0.36997767857142855
0.3727678571428571
0.3755580357142857
0.3783482142857143
0.3811383928571429
0.3839285714285714
0.38671875
0.38950892857142855
0.3922991071428571
0.3950892857142857
0.3978794642857143
0.4006696428571429
0.4034598214285714
0.40625
0.40904017857142855
0.4118303571428571
0.4146205357142857
0.4174107142857143
0.4202008928571429
0.4229910714285714
0.42578125
0.42857142857142855
0.4313616071428571
0.4341517857142857
0.4369419642857143
0.4397321428571429
0.4425223214285714
0.4453125
0.44810267857142855
0.4508928571428571
0.4536830357142857
0.4564732142857143
0.4592633928571429
0.4620535714285714
0.46484375
0.46763392857142855
0.4704241071428571
0.4732142857142857
0.4760044642857143
0.4787946428571429
0.4815848214285714
0.484375
0.48716517857142855
0.4899553571428571
0.4927455357142857
0.4955357142857143
0.4983258928571429
0.5
0.5
0.5
0.5
0.5
0.5
0.5
0.5
0.5
0.5
0.5
0.5
0.5
0.5
0.5
0.5
0.5
0.5
0.5
0.5
0.5
0.5
0.5
0.5
0.5
0.5
0.5
0.5
0.5
0.5
0.5
0.5
0.5
0.5
0.5
0.5
0.5
0.5
0.5
0.5
0.5
0.5
0.5
0.5
0.5
0.5016741071428571
0.5044642857142857
0.50725446428571419
0.51004464285714279
0.51283482142857129
0.515625
0.5184151785714286
0.5212053571428571
0.5239955357142857
0.25
0.25
0.25
0.25
0.25
0.25
0.25
0.25
0.25
0.25
0.25
0.25
0.25
0.25
0.25
0.25
0.25
0.25
0.25
0.25
0.25
0.25
0.25
0.25
0.25
0.25
0.25
0.25
0.25
0.25
0.25
0.25
0.25
0.25
0.25
0.25
0.25
0.25
0.25
0.25
0.25
0.25
0.25
0.25
0.25
0.25
0.25
0.25
0.25
0.25
0.25
0.25
0.25
0.25
0.25
0.25
0.25
0.25
0.25
0.25
0.25
0.25
0.25
0.25
0.25
0.25
0.25
0.25
0.25
0.25
0.25
0.25
0.25
0.25
0.25
0.25
0.25
0.25
0.25
0.25
0.25
0.25
0.25
0.25
0.25
0.25
0.25
0.25
0.25
0.25
0.25
0.25
0.25
0.25
0.25
0.25
0.25
0.25
0.25
0.25
0.25
0.25
0.25
0.25
0.25
0.25
0.25
0.25
0.25
0.25
0.25
0.25
0.25
0.25138888888888888
0.25416666666666671
0.25694444444444442
0.25972222222222219
0.26250000000000001
0.26527777777777783
0.26805555555555555
0.27083333333333331
0.27361111111111114
0.27638888888888891
0.27916666666666667
0.28194444444444444
0.28472222222222221
0.28750000000000003
0.29027777777777775
0.29305555555555557
0.29583333333333334
0.29861111111111105
0.30138888888888887
0.3041666666666667
0.30694444444444446
0.30972222222222218
0.3125
0.31527777777777777
0.31805555555555559
0.3208333333333333
0.32361111111111107
0.3263888888888889
0.32916666666666672
0.33194444444444443
0.3347222222222222
0.33750000000000002
0.34027777777777779
0.34305555555555556
0.34583333333333333
0.34861111111111109
0.35138888888888892
0.35416666666666663
0.35694444444444445
0.35972222222222222
0.36250000000000004
0.36527777777777776
0.36805555555555558
0.37083333333333335
0.37361111111111112
0.37638888888888888
0.37916666666666665
0.38194444444444442
0.38472222222222219
0.38749999999999996
0.39027777777777778
0.3930555555555556
0.39583333333333326
0.39861111111111108
0.40138888888888891
0.40416666666666667
0.40694444444444444
0.40972222222222221
0.41249999999999998
0.4152777777777778
0.41805555555555551
0.42083333333333328
0.4236111111111111
0.42638888888888893
0.42916666666666664
0.43194444444444446
0.43472222222222223
0.4375
0.44027777777777777
0.44305555555555554
0.4458333333333333
0.44861111111111113
0.45138888888888884
0.45416666666666666
0.45694444444444449
0.45972222222222225
0.46249999999999997
0.46527777777777779
0.46805555555555556
0.47083333333333333
0.47361111111111109
0.47638888888888886
0.47916666666666669
0.4819444444444444
0.48472222222222217
0.48749999999999999
0.49027777777777781
0.49305555555555552
0.49583333333333335
0.49861111111111112
0.5
0.5
0.5
0.5
0.5
0.5
0.5
0.5
0.5
0.5
0.5
0.5
0.5
0.5
0.5
0.5
0.5
0.5
0.5
0.5
0.5
0.5
0.5
0.5
0.5
0.5
0.5
0.5
0.5
0.5
0.5
0.5
0.5
0.5
0.5
0.5
0.5
0.5
0.5
0.5
0.5
0.5
0.5
0.5
0.5
0.50138888888888888
0.50416666666666665
0.50694444444444442
0.50972222222222219
0.51250000000000007
0.51527777777777772
0.51805555555555549
0.52083333333333326
0.25
0.25
0.25
0.25
0.25
0.25
0.25
0.25
0.25
0.25
0.25
0.25
0.25
0.25
0.25
0.25
0.25
0.25
0.25
0.25
0.25
0.25
0.25
0.25
0.25
0.25
0.25
0.25
0.25
0.25
0.25
0.25
0.25
0.25
0.25
0.25
0.25
0.25
0.25
0.25
0.25
0.25
0.25
0.25
0.25
0.25
0.25
0.25
0.25
0.25
0.25
0.25
0.25
0.25
0.25
0.25
0.25
0.25
0.25
0.25
0.25
0.25
0.25
0.25
0.25
0.25
0.25
0.25
0.25
0.25
0.25
0.25
0.25
0.25
0.25
0.25
0.25
0.25
0.25
0.25
0.25
0.25
0.25
0.25
0.25
0.25
0.25
0.25
0.25
0.25
0.25
0.25
0.25
0.25
0.25
0.25
0.25
0.25
0.25
0.25
0.25
0.25
0.25
0.25
0.25
0.25
0.25
0.25
0.25
0.25
0.25
0.25
0.25
0.25
0.25276548672566373
0.25553097345132747
0.25829646017699115
0.26106194690265488
0.26382743362831862
0.2665929203539823
0.26935840707964603
0.27212389380530977
0.27488938053097345
0.27765486725663713
0.28042035398230086
0.2831858407079646
0.28595132743362828
0.28871681415929201
0.29148230088495575
0.29424778761061948
0.29701327433628322
0.2997787610619469
0.30254424778761063
0.30530973451327437
0.30807522123893805
0.31084070796460178
0.31360619469026552
0.31637168141592925
0.31913716814159288
0.32190265486725661
0.32466814159292035
0.32743362831858402
0.33019911504424776
0.33296460176991149
0.33573008849557523
0.33849557522123896
0.34126106194690264
0.34402654867256638
0.34679203539823011
0.34955752212389379
0.35232300884955753
0.35508849557522126
0.357853982300885
0.36061946902654873
0.36338495575221236
0.36615044247787609
0.36891592920353977
0.37168141592920351
0.37444690265486724
0.37721238938053092
0.37997787610619471
0.38274336283185839
0.38550884955752213
0.38827433628318586
0.39103982300884954
0.39380530973451328
0.39657079646017701
0.39933628318584069
0.40210176991150448
0.40486725663716816
0.40763274336283184
0.41039823008849552
0.41316371681415925
0.41592920353982299
0.41869469026548667
0.42146017699115046
0.42422566371681414
0.42699115044247787
0.42975663716814161
0.43252212389380529
0.43528761061946902
0.43805309734513276
0.44081858407079644
0.44358407079646023
0.44634955752212391
0.44911504424778764
0.45188053097345127
0.454646017699115
0.45741150442477874
0.46017699115044242
0.46294247787610621
0.46570796460176989
0.46847345132743362
0.47123893805309736
0.47400442477876104
0.47676991150442477
0.47953539823008851
0.48230088495575218
0.48506637168141598
0.48783185840707965
0.49059734513274339
0.49336283185840712
0.49612831858407075
0.49889380530973448
0.5
0.5
0.5
0.5
0.5
0.5
0.5
0.5
0.5
0.5
0.5
0.5
0.5
0.5
0.5
0.5
0.5
0.5
0.5
0.5
0.5
0.5
0.5
0.5
0.5
0.5
0.5
0.5
0.5
0.5
0.5
0.5
0.5
0.5
0.5
0.5
0.5
0.5
0.5
0.5
0.5
0.5
0.5
0.5
0.5
0.50110619469026552
0.50387168141592908
0.50663716814159288
0.50940265486725655
0.51216814159292035
0.51493362831858402
0.51769911504424782
0.25
0.25
0.25
0.25
0.25
0.25
0.25
0.25
0.25
0.25
0.25
0.25
0.25
0.25
0.25
0.25
0.25
0.25
0.25
0.25
0.25
0.25
0.25
0.25
0.25
0.25
0.25
0.25
0.25
0.25
0.25
0.25
0.25
0.25
0.25
0.25
0.25
0.25
0.25
0.25
0.25
0.25
0.25
0.25
0.25
0.25
0.25
0.25
0.25
0.25
0.25
0.25
0.25
0.25
0.25
0.25
0.25
0.25
0.25
0.25
0.25
0.25
0.25
0.25
0.25
0.25
0.25
0.25
0.25
0.25
0.25
0.25
0.25
0.25
0.25
0.25
0.25
0.25
0.25
0.25
0.25
0.25
0.25
0.25
0.25
0.25
0.25
0.25
0.25
0.25
0.25
0.25
0.25
0.25
0.25
0.25
0.25
0.25
0.25
0.25
0.25
0.25
0.25
0.25
0.25
0.25
0.25
0.25
0.25
0.25
0.25
0.25
0.25
0.25
0.25137665198237885
0.25412995594713661
0.25688325991189426
0.25963656387665202
0.26238986784140972
0.26514317180616737
0.26789647577092512
0.27064977973568283
0.27340308370044053
0.27615638766519823
0.27890969162995594
0.28166299559471364
0.28441629955947134
0.2871696035242291
0.2899229074889868
0.29267621145374445
0.29542951541850221
0.29818281938325997
0.30093612334801761
0.30368942731277532
0.30644273127753308
0.30919603524229072
0.31194933920704848
0.31470264317180618
0.31745594713656383
0.32020925110132159
0.32296255506607929
0.32571585903083705
0.3284691629955947
0.3312224669603524
0.33397577092511016
0.33672907488986781
0.33948237885462557
0.34223568281938327
0.34498898678414092
0.34774229074889867
0.35049559471365643
0.35324889867841408
0.35600220264317178
0.35875550660792954
0.36150881057268724
0.36426211453744495
0.36701541850220265
0.36976872246696035
0.37252202643171806
0.37527533039647576
0.37802863436123346
0.38078193832599116
0.38353524229074887
0.38628854625550663
0.38904185022026427
0.39179515418502198
0.39454845814977973
0.39730176211453749
0.40005506607929514
0.4028083700440529
0.4055616740088106
0.40831497797356825
0.41106828193832601
0.41382158590308371
0.41657488986784141
0.41932819383259912
0.42208149779735682
0.42483480176211452
0.42758810572687223
0.43034140969162993
0.43309471365638763
0.43584801762114533
0.43860132158590309
0.44135462555066085
0.44410792951541844
0.4468612334801762
0.44961453744493396
0.45236784140969161
0.45512114537444937
0.45787444933920707
0.46062775330396472
0.46338105726872247
0.46613436123348018
0.46888766519823788
0.47164096916299558
0.47439427312775329
0.47714757709251104
0.47990088105726869
0.48265418502202639
0.48540748898678415
0.4881607929515418
0.49091409691629956
0.49366740088105732
0.49642070484581491
0.49917400881057267
0.5
0.5
0.5
0.5
0.5
0.5
0.5
0.5
0.5
0.5
0.5
0.5
0.5
0.5
0.5
0.5
0.5
0.5
0.5
0.5
0.5
0.5
0.5
0.5
0.5
0.5
0.5
0.5
0.5
0.5
0.5
0.5
0.5
0.5
0.5
0.5
0.5
0.5
0.5
0.5
0.5
0.5
0.5
0.5
0.5
0.50082599118942717
0.50357929515418498
0.50633259911894268
0.50908590308370039
0.51183920704845809
0.5145925110132159
0.25
0.25
0.25
0.25
0.25
0.25
0.25
0.25
0.25
0.25
0.25
0.25
0.25
0.25
0.25
0.25
0.25
0.25
0.25
0.25
0.25
0.25
0.25
0.25
0.25
0.25
0.25
0.25
0.25
0.25
0.25
0.25
0.25
0.25
0.25
0.25
0.25
0.25
0.25
0.25
0.25
0.25
0.25
0.25
0.25
0.25
0.25
0.25
0.25
0.25
0.25
0.25
0.25
0.25
0.25
0.25
0.25
0.25
0.25
0.25
0.25
0.25
0.25
0.25
0.25
0.25
0.25
0.25
0.25
0.25
0.25
0.25
0.25
0.25
0.25
0.25
0.25
0.25
0.25
0.25
0.25
0.25
0.25
0.25
0.25
0.25
0.25
0.25
0.25
0.25
0.25
0.25
0.25
0.25
0.25
0.25
0.25
0.25
0.25
0.25
0.25
0.25
0.25
0.25
0.25
0.25
0.25
0.25
0.25
0.25
0.25
0.25
0.25
0.25
0.25
0.25274122807017546
0.25548245614035092
0.25822368421052633
0.26096491228070179
0.26370614035087714
0.2664473684210526
0.26918859649122806
0.27192982456140352
0.27467105263157898
0.27741228070175439
0.28015350877192985
0.28289473684210531
0.28563596491228066
0.28837719298245612
0.29111842105263158
0.29385964912280704
0.29660087719298245
0.29934210526315791
0.30208333333333337
0.30482456140350878
0.30756578947368418
0.31030701754385964
0.3130482456140351
0.31578947368421051
0.31853070175438597
0.32127192982456143
0.32401315789473684
0.3267543859649123
0.3294956140350877
0.33223684210526316
0.33497807017543857
0.33771929824561403
0.34046052631578949
0.3432017543859649
0.34594298245614036
0.34868421052631582
0.35142543859649122
0.35416666666666663
0.35690789473684209
0.35964912280701755
0.36239035087719296
0.36513157894736842
0.36787280701754388
0.37061403508771934
0.37335526315789469
0.37609649122807015
0.37883771929824561
0.38157894736842102
0.38432017543859648
0.38706140350877194
0.38980263157894735
0.39254385964912286
0.39528508771929821
0.39802631578947367
0.40076754385964908
0.40350877192982454
0.40625
0.40899122807017541
0.41173245614035092
0.41447368421052633
0.41721491228070179
0.41995614035087714
0.4226973684210526
0.42543859649122806
0.42817982456140347
0.43092105263157898
0.43366228070175439
0.43640350877192985
0.43914473684210531
0.44188596491228066
0.44462719298245612
0.44736842105263153
0.45010964912280704
0.45285087719298245
0.45559210526315791
0.45833333333333337
0.46107456140350878
0.46381578947368418
0.46655701754385959
0.4692982456140351
0.47203947368421051
0.47478070175438597
0.47752192982456143
0.48026315789473684
0.4830043859649123
0.48574561403508765
0.48848684210526316
0.49122807017543857
0.49396929824561403
0.49671052631578949
0.4994517543859649
0.5
0.5
0.5
0.5
0.5
0.5
0.5
0.5
0.5
0.5
0.5
0.5
0.5
0.5
0.5
0.5
0.5
0.5
0.5
0.5
0.5
0.5
0.5
0.5
0.5
0.5
0.5
0.5
0.5
0.5
0.5
0.5
0.5
0.5
0.5
0.5
0.5
0.5
0.5
0.5
0.5
0.5
0.5
0.5
0.5
0.50054824561403499
0.50328947368421051
0.50603070175438591
0.50877192982456132
0.51151315789473684
0.25
0.25
0.25
0.25
0.25
0.25
0.25
0.25
0.25
0.25
0.25
0.25
0.25
0.25
0.25
0.25
0.25
0.25
0.25
0.25
0.25
0.25
0.25
0.25
0.25
0.25
0.25
0.25
0.25
0.25
0.25
0.25
0.25
0.25
0.25
0.25
0.25
0.25
0.25
0.25
0.25
0.25
0.25
0.25
0.25
0.25
0.25
0.25
0.25
0.25
0.25
0.25
0.25
0.25
0.25
0.25
0.25
0.25
0.25
0.25
0.25
0.25
0.25
0.25
0.25
0.25
0.25
0.25
0.25
0.25
0.25
0.25
0.25
0.25
0.25
0.25
0.25
0.25
0.25
0.25
0.25
0.25
0.25
0.25
0.25
0.25
0.25
0.25
0.25
0.25
0.25
0.25
0.25
0.25
0.25
0.25
0.25
0.25
0.25
0.25
0.25
0.25
0.25
0.25
0.25
0.25
0.25
0.25
0.25
0.25
0.25
0.25
0.25
0.25
0.25
0.25136462882096067
0.25409388646288206
0.25682314410480345
0.25955240174672489
0.26228165938864628
0.26501091703056767
0.26774017467248912
0.27046943231441051
0.2731986899563319
0.27592794759825329
0.27865720524017468
0.28138646288209601
0.28411572052401746
0.28684497816593885
0.28957423580786024
0.29230349344978168
0.29503275109170307
0.29776200873362446
0.30049126637554585
0.30322052401746724
0.30594978165938869
0.30867903930131008
0.31140829694323141
0.3141375545851528
0.31686681222707425
0.31959606986899564
0.32232532751091703
0.32505458515283842
0.32778384279475981
0.33051310043668125
0.33324235807860264
0.33597161572052403
0.33870087336244548
0.34143013100436681
0.3441593886462882
0.34688864628820959
0.34961790393013098
0.35234716157205237
0.35507641921397382
0.3578056768558952
0.36053493449781659
0.36326419213973804
0.36599344978165943
0.36872270742358082
0.37145196506550215
0.37418122270742354
0.37691048034934493
0.37963973799126638
0.38236899563318777
0.38509825327510916
0.3878275109170306
0.39055676855895194
0.39328602620087338
0.39601528384279477
0.39874454148471616
0.4014737991266375
0.40420305676855894
0.40693231441048033
0.40966157205240172
0.41239082969432317
0.4151200873362445
0.41784934497816595
0.42057860262008734
0.42330786026200873
0.42603711790393017
0.42876637554585151
0.4314956331877729
0.43422489082969429
0.43695414847161573
0.43968340611353707
0.44241266375545851
0.4451419213973799
0.44787117903930129
0.45060043668122274
0.45332969432314413
0.45605895196506552
0.45878820960698685
0.4615174672489083
0.46424672489082963
0.46697598253275108
0.46970524017467247
0.47243449781659386
0.4751637554585153
0.47789301310043669
0.48062227074235808
0.48335152838427953
0.48608078602620086
0.4888100436681222
0.49153930131004364
0.49426855895196503
0.49699781659388642
0.49972707423580787
0.5
0.5
0.5
0.5
0.5
0.5
0.5
0.5
0.5
0.5
0.5
0.5
0.5
0.5
0.5
0.5
0.5
0.5
0.5
0.5
0.5
0.5
0.5
0.5
0.5
0.5
0.5
0.5
0.5
0.5
0.5
0.5
0.5
0.5
0.5
0.5
0.5
0.5
0.5
0.5
0.5
0.5
0.5
0.5
0.5
0.50027292576419202
0.50300218340611347
0.5057314410480348
0.50846069868995636
0.25
0.25
0.25
0.25
0.25
0.25
0.25
0.25
0.25
0.25
0.25
0.25
0.25
0.25
0.25
0.25
0.25
0.25
0.25
0.25
0.25
0.25
0.25
0.25
0.25
0.25
0.25
0.25
0.25
0.25
0.25
0.25
0.25
0.25
0.25
0.25
0.25
0.25
0.25
0.25
0.25
0.25
0.25
0.25
0.25
0.25
0.25
0.25
0.25
0.25
0.25
0.25
0.25
0.25
0.25
0.25
0.25
0.25
0.25
0.25
0.25
0.25
0.25
0.25
0.25
0.25
0.25
0.25
0.25
0.25
0.25
0.25
0.25
0.25
0.25
0.25
0.25
0.25
0.25
0.25
0.25
0.25
0.25
0.25
0.25
0.25
0.25
0.25
0.25
0.25
0.25
0.25
0.25
0.25
0.25
0.25
0.25
0.25
0.25
0.25
0.25
0.25
0.25
0.25
0.25
0.25
0.25
0.25
0.25
0.25
0.25
0.25
0.25
0.25
0.25
0.25
0.25271739130434778
0.25543478260869562
0.25815217391304351
0.2608695652173913
0.26358695652173914
0.26630434782608692
0.26902173913043481
0.27173913043478259
0.27445652173913043
0.27717391304347827
0.27989130434782605
0.28260869565217395
0.28532608695652173
0.28804347826086957
0.29076086956521735
0.29347826086956524
0.29619565217391308
0.29891304347826086
0.30163043478260865
0.30434782608695654
0.30706521739130438
0.30978260869565216
0.3125
0.31521739130434778
0.31793478260869568
0.32065217391304346
0.3233695652173913
0.32608695652173914
0.32880434782608697
0.33152173913043481
0.33423913043478259
0.33695652173913043
0.33967391304347822
0.34239130434782611
0.34510869565217395
0.34782608695652173
0.35054347826086951
0.35326086956521741
0.35597826086956524
0.35869565217391303
0.36141304347826086
0.36413043478260865
0.36684782608695654
0.36956521739130432
0.37228260869565216
0.375
0.37771739130434784
0.38043478260869568
0.38315217391304346
0.38586956521739124
0.38858695652173914
0.39130434782608697
0.39402173913043481
0.39673913043478259
0.39945652173913038
0.40217391304347827
0.40489130434782605
0.40760869565217389
0.41032608695652173
0.41304347826086962
0.41576086956521741
0.41847826086956519
0.42119565217391303
0.42391304347826086
0.4266304347826087
0.42934782608695654
0.43206521739130432
0.43478260869565211
0.4375
0.44021739130434784
0.44293478260869568
0.44565217391304346
0.44836956521739135
0.45108695652173914
0.45380434782608692
0.45652173913043476
0.45923913043478259
0.46195652173913049
0.46467391304347827
0.46739130434782605
0.47010869565217389
0.47282608695652173
0.47554347826086957
0.47826086956521741
0.48097826086956519
0.48369565217391297
0.48641304347826086
0.4891304347826087
0.49184782608695654
0.49456521739130432
0.49728260869565222
0.5
0.5
0.5
0.5
0.5
0.5
0.5
0.5
0.5
0.5
0.5
0.5
0.5
0.5
0.5
0.5
0.5
0.5
0.5
0.5
0.5
0.5
0.5
0.5
0.5
0.5
0.5
0.5
0.5
0.5
0.5
0.5
0.5
0.5
0.5
0.5
0.5
0.5
0.5
0.5
0.5
0.5
0.5
0.5
0.5
0.5
0.5
0.50271739130434778
0.50543478260869568
0.25
0.25
0.25
0.25
0.25
0.25
0.25
0.25
0.25
0.25
0.25
0.25
0.25
0.25
0.25
0.25
0.25
0.25
0.25
0.25
0.25
0.25
0.25
0.25
0.25
0.25
0.25
0.25
0.25
0.25
0.25
0.25
0.25
0.25
0.25
0.25
0.25
0.25
0.25
0.25
0.25
0.25
0.25
0.25
0.25
0.25
0.25
0.25
0.25
0.25
0.25
0.25
0.25
0.25
0.25
0.25
0.25
0.25
0.25
0.25
0.25
0.25
0.25
0.25
0.25
0.25
0.25
0.25
0.25
0.25
0.25
0.25
0.25
0.25
0.25
0.25
0.25
0.25
0.25
0.25
0.25
0.25
0.25
0.25
0.25
0.25
0.25
0.25
0.25
0.25
0.25
0.25
0.25
0.25
0.25
0.25
0.25
0.25
0.25
0.25
0.25
0.25
0.25
0.25
0.25
0.25
0.25
0.25
0.25
0.25
0.25
0.25
0.25
0.25
0.25
0.25
0.25135281385281383
0.25405844155844154
0.25676406926406925
0.25946969696969696
0.26217532467532467
0.26488095238095238
0.26758658008658009
0.27029220779220775
0.27299783549783552
0.27570346320346317
0.27840909090909088
0.28111471861471865
0.28382034632034631
0.28652597402597402
0.28923160173160178
0.29193722943722944
0.2946428571428571
0.29734848484848486
0.30005411255411257
0.30275974025974023
0.305465367965368
0.30817099567099571
0.31087662337662336
0.31358225108225113
0.31628787878787878
0.3189935064935065
0.32169913419913415
0.32440476190476192
0.32711038961038963
0.32981601731601728
0.33252164502164505
0.33522727272727271
0.33793290043290042
0.34063852813852813
0.34334415584415584
0.34604978354978355
0.34875541125541126
0.35146103896103897
0.35416666666666663
0.3568722943722944
0.35957792207792205
0.36228354978354976
0.36498917748917753
0.36769480519480519
0.3704004329004329
0.37310606060606066
0.37581168831168832
0.37851731601731597
0.38122294372294374
0.3839285714285714
0.38663419913419911
0.38933982683982682
0.39204545454545459
0.39475108225108224
0.3974567099567099
0.40016233766233766
0.40286796536796532
0.40557359307359303
0.4082792207792208
0.41098484848484851
0.41369047619047616
0.41639610389610393
0.41910173160173159
0.42180735930735924
0.42451298701298701
0.42721861471861472
0.42992424242424243
0.43262987012987014
0.43533549783549785
0.43804112554112551
0.44074675324675328
0.44345238095238093
0.44615800865800864
0.44886363636363635
0.45156926406926406
0.45427489177489178
0.45698051948051954
0.4596861471861472
0.46239177489177485
0.46509740259740256
0.46780303030303028
0.47050865800865799
0.4732142857142857
0.47591991341991347
0.47862554112554112
0.48133116883116878
0.48403679653679654
0.4867424242424242
0.48944805194805191
0.49215367965367968
0.49485930735930739
0.49756493506493504
0.5
0.5
0.5
0.5
0.5
0.5
0.5
0.5
0.5
0.5
0.5
0.5
0.5
0.5
0.5
0.5
0.5
0.5
0.5
0.5
0.5
0.5
0.5
0.5
0.5
0.5
0.5
0.5
0.5
0.5
0.5
0.5
0.5
0.5
0.5
0.5
0.5
0.5
0.5
0.5
0.5
0.5
0.5
0.5
0.5
0.5
0.5
0.50243506493506496
0.25
0.25
0.25
0.25
0.25
0.25
0.25
0.25
0.25
0.25
0.25
0.25
0.25
0.25
0.25
0.25
0.25
0.25
0.25
0.25
0.25
0.25
0.25
0.25
0.25
0.25
0.25
0.25
0.25
0.25
0.25
0.25
0.25
0.25
0.25
0.25
0.25
0.25
0.25
0.25
0.25
0.25
0.25
0.25
0.25
0.25
0.25
0.25
0.25
0.25
0.25
0.25
0.25
0.25
0.25
0.25
0.25
0.25
0.25
0.25
0.25
0.25
0.25
0.25
0.25
0.25
0.25
0.25
0.25
0.25
0.25
0.25
0.25
0.25
0.25
0.25
0.25
0.25
0.25
0.25
0.25
0.25
0.25
0.25
0.25
0.25
0.25
0.25
0.25
0.25
0.25
0.25
0.25
0.25
0.25
0.25
0.25
0.25
0.25
0.25
0.25
0.25
0.25
0.25
0.25
0.25
0.25
0.25
0.25
0.25
0.25
0.25
0.25
0.25
0.25
0.25
0.25
0.25269396551724138
0.25538793103448276
0.2580818965517242
0.26077586206896552
0.26346982758620691
0.26616379310344829
0.26885775862068961
0.27155172413793099
0.27424568965517243
0.27693965517241381
0.27963362068965519
0.28232758620689657
0.2850215517241379
0.28771551724137928
0.29040948275862072
0.2931034482758621
0.29579741379310343
0.29849137931034481
0.30118534482758619
0.30387931034482757
0.30657327586206901
0.30926724137931039
0.31196120689655171
0.31465517241379309
0.31734913793103448
0.3200431034482758
0.32273706896551724
0.32543103448275862
0.328125
0.33081896551724138
0.33351293103448276
0.3362068965517242
0.33890086206896552
0.34159482758620691
0.34428879310344829
0.34698275862068961
0.34967672413793099
0.35237068965517243
0.35506465517241381
0.35775862068965519
0.36045258620689657
0.3631465517241379
0.36584051724137928
0.36853448275862072
0.3712284482758621
0.37392241379310343
0.37661637931034481
0.37931034482758619
0.38200431034482751
0.38469827586206895
0.38739224137931039
0.39008620689655171
0.39278017241379309
0.39547413793103448
0.3981681034482758
0.40086206896551724
0.40355603448275862
0.40625
0.40894396551724133
0.41163793103448276
0.4143318965517242
0.41702586206896552
0.41971982758620691
0.42241379310344829
0.42510775862068961
0.42780172413793099
0.43049568965517243
0.43318965517241381
0.43588362068965514
0.43857758620689657
0.4412715517241379
0.44396551724137928
0.44665948275862072
0.4493534482758621
0.45204741379310343
0.45474137931034481
0.45743534482758619
0.46012931034482751
0.46282327586206895
0.46551724137931039
0.46821120689655171
0.47090517241379309
0.47359913793103448
0.4762931034482758
0.47898706896551724
0.48168103448275862
0.484375
0.48706896551724133
0.48976293103448276
0.4924568965517242
0.49515086206896552
0.49784482758620691
0.5
0.5
0.5
0.5
0.5
0.5
0.5
0.5
0.5
0.5
0.5
0.5
0.5
0.5
0.5
0.5
0.5
0.5
0.5
0.5
0.5
0.5
0.5
0.5
0.5
0.5
0.5
0.5
0.5
0.5
0.5
0.5
0.5
0.5
0.5
0.5
0.5
0.5
0.5
0.5
0.5
0.5
0.5
0.5
0.5
0.5
0.5
0.25
0.25
0.25
0.25
0.25
0.25
0.25
0.25
0.25
0.25
0.25
0.25
0.25
0.25
0.25
0.25
0.25
0.25
0.25
0.25
0.25
0.25
0.25
0.25
0.25
0.25
0.25
0.25
0.25
0.25
0.25
0.25
0.25
0.25
0.25
0.25
0.25
0.25
0.25
0.25
0.25
0.25
0.25
0.25
0.25
0.25
0.25
0.25
0.25
0.25
0.25
0.25
0.25
0.25
0.25
0.25
0.25
0.25
0.25
0.25
0.25
0.25
0.25
0.25
0.25
0.25
0.25
0.25
0.25
0.25
0.25
0.25
0.25
0.25
0.25
0.25
0.25
0.25
0.25
0.25
0.25
0.25
0.25
0.25
0.25
0.25
0.25
0.25
0.25
0.25
0.25
0.25
0.25
0.25
0.25
0.25
0.25
0.25
0.25
0.25
0.25
0.25
0.25
0.25
0.25
0.25
0.25
0.25
0.25
0.25
0.25
0.25
0.25
0.25
0.25
0.25
0.25
0.25134120171673824
0.2540236051502146
0.25670600858369097
0.25938841201716734
0.26207081545064376
0.26475321888412018
0.26743562231759654
0.27011802575107297
0.27280042918454933
0.27548283261802575
0.27816523605150217
0.28084763948497854
0.28353004291845491
0.28621244635193133
0.28889484978540775
0.29157725321888411
0.29425965665236054
0.2969420600858369
0.29962446351931332
0.30230686695278974
0.30498927038626611
0.30767167381974247
0.31035407725321884
0.31303648068669532
0.31571888412017168
0.31840128755364805
0.32108369098712441
0.32376609442060089
0.32644849785407726
0.32913090128755362
0.33181330472103004
0.33449570815450641
0.33717811158798283
0.33986051502145925
0.34254291845493562
0.34522532188841198
0.34790772532188841
0.35059012875536483
0.35327253218884119
0.35595493562231761
0.35863733905579398
0.3613197424892704
0.36400214592274682
0.36668454935622319
0.36936695278969955
0.37204935622317592
0.3747317596566524
0.37741416309012876
0.38009656652360513
0.38277896995708149
0.38546137339055797
0.38814377682403434
0.3908261802575107
0.39350858369098707
0.39619098712446349
0.39887339055793991
0.40155579399141628
0.4042381974248927
0.40692060085836906
0.40960300429184548
0.41228540772532191
0.41496781115879827
0.41765021459227469
0.42033261802575106
0.42301502145922748
0.4256974248927039
0.42837982832618027
0.43106223175965663
0.433744635193133
0.43642703862660948
0.43910944206008584
0.44179184549356221
0.44447424892703857
0.44715665236051505
0.44983905579399142
0.45252145922746778
0.45520386266094415
0.45788626609442057
0.46056866952789699
0.46325107296137336
0.46593347639484978
0.46861587982832614
0.47129828326180256
0.47398068669527899
0.47666309012875535
0.47934549356223177
0.48202789699570814
0.48471030042918456
0.48739270386266098
0.49007510729613735
0.49275751072961371
0.49543991416309019
0.49812231759656656
0.5
0.5
0.5
0.5
0.5
0.5
0.5
0.5
0.5
0.5
0.5
0.5
0.5
0.5
0.5
0.5
0.5
0.5
0.5
0.5
0.5
0.5
0.5
0.5
0.5
0.5
0.5
0.5
0.5
0.5
0.5
0.5
0.5
0.5
0.5
0.5
0.5
0.5
0.5
0.5
0.5
0.5
0.5
0.5
0.5
0.5
0.25
0.25
0.25
0.25
0.25
0.25
0.25
0.25
0.25
0.25
0.25
0.25
0.25
0.25
0.25
0.25
0.25
0.25
0.25
0.25
0.25
0.25
0.25
0.25
0.25
0.25
0.25
0.25
0.25
0.25
0.25
0.25
0.25
0.25
0.25
0.25
0.25
0.25
0.25
0.25
0.25
0.25
0.25
0.25
0.25
0.25
0.25
0.25
0.25
0.25
0.25
0.25
0.25
0.25
0.25
0.25
0.25
0.25
0.25
0.25
0.25
0.25
0.25
0.25
0.25
0.25
0.25
0.25
0.25
0.25
0.25
0.25
0.25
0.25
0.25
0.25
0.25
0.25
0.25
0.25
0.25
0.25
0.25
0.25
0.25
0.25
0.25
0.25
0.25
0.25
0.25
0.25
0.25
0.25
0.25
0.25
0.25
0.25
0.25
0.25
0.25
0.25
0.25
0.25
0.25
0.25
0.25
0.25
0.25
0.25
0.25
0.25
0.25
0.25
0.25
0.25
0.25
0.25
0.25267094017094016
0.25534188034188032
0.25801282051282048
0.2606837606837607
0.26335470085470086
0.26602564102564102
0.26869658119658119
0.27136752136752135
0.27403846153846151
0.27670940170940167
0.27938034188034189
0.28205128205128205
0.28472222222222221
0.28739316239316237
0.29006410256410253
0.29273504273504269
0.29540598290598286
0.29807692307692302
0.30074786324786329
0.30341880341880345
0.30608974358974361
0.30876068376068377
0.31143162393162394
0.3141025641025641
0.31677350427350426
0.31944444444444448
0.32211538461538464
0.3247863247863248
0.32745726495726496
0.33012820512820512
0.33279914529914528
0.33547008547008544
0.33814102564102566
0.34081196581196582
0.34348290598290598
0.34615384615384615
0.34882478632478631
0.35149572649572647
0.35416666666666663
0.35683760683760679
0.35950854700854706
0.36217948717948723
0.36485042735042739
0.36752136752136755
0.37019230769230771
0.37286324786324787
0.37553418803418803
0.37820512820512819
0.38087606837606836
0.38354700854700852
0.38621794871794868
0.38888888888888884
0.391559829059829
0.39423076923076916
0.39690170940170943
0.3995726495726496
0.40224358974358976
0.40491452991452992
0.40758547008547008
0.41025641025641024
0.4129273504273504
0.41559829059829057
0.41826923076923078
0.42094017094017094
0.4236111111111111
0.42628205128205127
0.42895299145299143
0.43162393162393159
0.43429487179487175
0.43696581196581197
0.43963675213675213
0.44230769230769229
0.44497863247863245
0.44764957264957261
0.45032051282051277
0.45299145299145294
0.45566239316239321
0.45833333333333337
0.46100427350427353
0.46367521367521369
0.46634615384615385
0.46901709401709402
0.47168803418803418
0.47435897435897434
0.47702991452991456
0.47970085470085472
0.48237179487179488
0.48504273504273504
0.4877136752136752
0.49038461538461536
0.49305555555555552
0.49572649572649574
0.4983974358974359
0.5
0.5
0.5
0.5
0.5
0.5
0.5
0.5
0.5
0.5
0.5
0.5
0.5
0.5
0.5
0.5
0.5
0.5
0.5
0.5
0.5
0.5
0.5
0.5
0.5
0.5
0.5
0.5
0.5
0.5
0.5
0.5
0.5
0.5
0.5
0.5
0.5
0.5
0.5
0.5
0.5
0.5
0.5
0.5
0.5
0.25
0.25
0.25
0.25
0.25
0.25
0.25
0.25
0.25
0.25
0.25
0.25
0.25
0.25
0.25
0.25
0.25
0.25
0.25
0.25
0.25
0.25
0.25
0.25
0.25
0.25
0.25
0.25
0.25
0.25
0.25
0.25
0.25
0.25
0.25
0.25
0.25
0.25
0.25
0.25
0.25
0.25
0.25
0.25
0.25
0.25
0.25
0.25
0.25
0.25
0.25
0.25
0.25
0.25
0.25
0.25
0.25
0.25
0.25
0.25
0.25
0.25
0.25
0.25
0.25
0.25
0.25
0.25
0.25
0.25
0.25
0.25
0.25
0.25
0.25
0.25
0.25
0.25
0.25
0.25
0.25
0.25
0.25
0.25
0.25
0.25
0.25
0.25
0.25
0.25
0.25
0.25
0.25
0.25
0.25
0.25
0.25
0.25
0.25
0.25
0.25
0.25
0.25
0.25
0.25
0.25
0.25
0.25
0.25
0.25
0.25
0.25
0.25
0.25
0.25
0.25
0.25
0.25
0.25132978723404253
0.2539893617021276
0.25664893617021273
0.25930851063829785
0.26196808510638298
0.2646276595744681
0.26728723404255317
0.26994680851063829
0.27260638297872342
0.27526595744680848
0.27792553191489361
0.28058510638297873
0.28324468085106386
0.28590425531914898
0.28856382978723405
0.29122340425531917
0.2938829787234043
0.29654255319148937
0.29920212765957444
0.30186170212765956
0.30452127659574468
0.30718085106382975
0.30984042553191488
0.3125
0.31515957446808507
0.31781914893617019
0.32047872340425532
0.32313829787234044
0.32579787234042556
0.32845744680851063
0.33111702127659576
0.33377659574468088
0.33643617021276595
0.33909574468085107
0.3417553191489362
0.34441489361702132
0.34707446808510634
0.34973404255319146
0.35239361702127658
0.35505319148936165
0.35771276595744678
0.3603723404255319
0.36303191489361702
0.36569148936170215
0.36835106382978722
0.37101063829787234
0.37367021276595747
0.37632978723404253
0.37898936170212766
0.38164893617021278
0.38430851063829785
0.38696808510638303
0.3896276595744681
0.39228723404255322
0.39494680851063824
0.39760638297872336
0.40026595744680848
0.40292553191489355
0.40558510638297873
0.4082446808510638
0.41090425531914893
0.41356382978723405
0.41622340425531912
0.41888297872340424
0.42154255319148937
0.42420212765957444
0.42686170212765961
0.42952127659574468
0.43218085106382981
0.43484042553191493
0.4375
0.44015957446808512
0.44281914893617014
0.44547872340425532
0.44813829787234039
0.45079787234042551
0.45345744680851063
0.4561170212765957
0.45877659574468083
0.46143617021276595
0.46409574468085102
0.4667553191489362
0.46941489361702127
0.47207446808510639
0.47473404255319152
0.47739361702127658
0.48005319148936171
0.48271276595744683
0.4853723404255319
0.48803191489361708
0.49069148936170209
0.49335106382978722
0.49601063829787229
0.49867021276595741
0.5
0.5
0.5
0.5
0.5
0.5
0.5
0.5
0.5
0.5
0.5
0.5
0.5
0.5
0.5
0.5
0.5
0.5
0.5
0.5
0.5
0.5
0.5
0.5
0.5
0.5
0.5
0.5
0.5
0.5
0.5
0.5
0.5
0.5
0.5
0.5
0.5
0.5
0.5
0.5
0.5
0.5
0.5
0.5
0.25
0.25
0.25
0.25
0.25
0.25
0.25
0.25
0.25
0.25
0.25
0.25
0.25
0.25
0.25
0.25
0.25
0.25
0.25
0.25
0.25
0.25
0.25
0.25
0.25
0.25
0.25
0.25
0.25
0.25
0.25
0.25
0.25
0.25
0.25
0.25
0.25
0.25
0.25
0.25
0.25
0.25
0.25
0.25
0.25
0.25
0.25
0.25
0.25
0.25
0.25
0.25
0.25
0.25
0.25
0.25
0.25
0.25
0.25
0.25
0.25
0.25
0.25
0.25
0.25
0.25
0.25
0.25
0.25
0.25
0.25
0.25
0.25
0.25
0.25
0.25
0.25
0.25
0.25
0.25
0.25
0.25
0.25
0.25
0.25
0.25
0.25
0.25
0.25
0.25
0.25
0.25
0.25
0.25
0.25
0.25
0.25
0.25
0.25
0.25
0.25
0.25
0.25
0.25
0.25
0.25
0.25
0.25
0.25
0.25
0.25
0.25
0.25
0.25
0.25
0.25
0.25
0.25
0.25
0.25264830508474578
0.25529661016949151
0.25794491525423724
0.26059322033898302
0.26324152542372886
0.26588983050847459
0.26853813559322037
0.2711864406779661
0.27383474576271188
0.27648305084745761
0.2791313559322034
0.28177966101694912
0.28442796610169491
0.28707627118644063
0.28972457627118647
0.2923728813559322
0.29502118644067798
0.29766949152542377
0.3003177966101695
0.30296610169491522
0.30561440677966101
0.30826271186440679
0.31091101694915252
0.31355932203389825
0.31620762711864409
0.31885593220338987
0.3215042372881356
0.32415254237288138
0.32680084745762711
0.32944915254237289
0.33209745762711862
0.3347457627118644
0.33739406779661013
0.34004237288135591
0.34269067796610175
0.34533898305084748
0.34798728813559321
0.35063559322033899
0.35328389830508478
0.3559322033898305
0.35858050847457623
0.36122881355932202
0.3638771186440678
0.36652542372881353
0.36917372881355937
0.37182203389830509
0.37447033898305088
0.3771186440677966
0.37976694915254239
0.38241525423728812
0.38506355932203384
0.38771186440677963
0.39036016949152541
0.39300847457627114
0.39565677966101698
0.39830508474576276
0.40095338983050849
0.40360169491525422
0.40625
0.40889830508474578
0.41154661016949151
0.41419491525423724
0.41684322033898302
0.41949152542372881
0.42213983050847459
0.42478813559322037
0.4274364406779661
0.43008474576271183
0.43273305084745761
0.4353813559322034
0.43802966101694912
0.44067796610169485
0.44332627118644063
0.44597457627118647
0.4486228813559322
0.45127118644067798
0.45391949152542377
0.4565677966101695
0.45921610169491522
0.46186440677966101
0.46451271186440679
0.46716101694915252
0.46980932203389825
0.47245762711864409
0.47510593220338981
0.4777542372881356
0.48040254237288138
0.48305084745762711
0.48569915254237284
0.48834745762711862
0.4909957627118644
0.49364406779661013
0.49629237288135586
0.49894067796610175
0.5
0.5
0.5
0.5
0.5
0.5
0.5
0.5
0.5
0.5
0.5
0.5
0.5
0.5
0.5
0.5
0.5
0.5
0.5
0.5
0.5
0.5
0.5
0.5
0.5
0.5
0.5
0.5
0.5
0.5
0.5
0.5
0.5
0.5
0.5
0.5
0.5
0.5
0.5
0.5
0.5
0.5
0.5
0.25
0.25
0.25
0.25
0.25
0.25
0.25
0.25
0.25
0.25
0.25
0.25
0.25
0.25
0.25
0.25
0.25
0.25
0.25
0.25
0.25
0.25
0.25
0.25
0.25
0.25
0.25
0.25
0.25
0.25
0.25
0.25
0.25
0.25
0.25
0.25
0.25
0.25
0.25
0.25
0.25
0.25
0.25
0.25
0.25
0.25
0.25
0.25
0.25
0.25
0.25
0.25
0.25
0.25
0.25
0.25
0.25
0.25
0.25
0.25
0.25
0.25
0.25
0.25
0.25
0.25
0.25
0.25
0.25
0.25
0.25
0.25
0.25
0.25
0.25
0.25
0.25
0.25
0.25
0.25
0.25
0.25
0.25
0.25
0.25
0.25
0.25
0.25
0.25
0.25
0.25
0.25
0.25
0.25
0.25
0.25
0.25
0.25
0.25
0.25
0.25
0.25
0.25
0.25
0.25
0.25
0.25
0.25
0.25
0.25
0.25
0.25
0.25
0.25
0.25
0.25
0.25
0.25
0.25
0.25131856540084385
0.25395569620253167
0.25659282700421937
0.25922995780590719
0.26186708860759494
0.2645042194092827
0.26714135021097046
0.26977848101265822
0.27241561181434598
0.27505274261603374
0.27768987341772156
0.28032700421940926
0.28296413502109707
0.28560126582278478
0.28823839662447259
0.2908755274261603
0.29351265822784811
0.29614978902953587
0.29878691983122363
0.30142405063291139
0.3040611814345992
0.30669831223628691
0.30933544303797467
0.31197257383966248
0.31460970464135019
0.317246835443038
0.3198839662447257
0.32252109704641352
0.32515822784810122
0.32779535864978904
0.3304324894514768
0.33306962025316456
0.33570675105485231
0.33834388185654013
0.34098101265822783
0.34361814345991559
0.34625527426160341
0.34889240506329111
0.35152953586497893
0.35416666666666663
0.35680379746835444
0.35944092827004215
0.36207805907172996
0.36471518987341772
0.36735232067510548
0.36998945147679324
0.37262658227848106
0.37526371308016876
0.37790084388185657
0.38053797468354433
0.38317510548523204
0.38581223628691985
0.38844936708860756
0.39108649789029537
0.39372362869198307
0.39636075949367089
0.39899789029535859
0.40163502109704641
0.40427215189873417
0.40690928270042193
0.40954641350210969
0.4121835443037975
0.41482067510548526
0.41745780590717296
0.42009493670886078
0.42273206751054848
0.4253691983122363
0.428006329113924
0.43064345991561181
0.43328059071729952
0.43591772151898733
0.43855485232067509
0.44119198312236285
0.44382911392405061
0.44646624472573843
0.44910337552742619
0.45174050632911394
0.4543776371308017
0.45701476793248941
0.45965189873417722
0.46228902953586493
0.46492616033755274
0.46756329113924044
0.47020042194092826
0.47283755274261602
0.47547468354430378
0.47811181434599154
0.48074894514767935
0.48338607594936711
0.48602320675105487
0.48866033755274263
0.49129746835443033
0.49393459915611815
0.49657172995780585
0.49920886075949367
0.5
0.5
0.5
0.5
0.5
0.5
0.5
0.5
0.5
0.5
0.5
0.5
0.5
0.5
0.5
0.5
0.5
0.5
0.5
0.5
0.5
0.5
0.5
0.5
0.5
0.5
0.5
0.5
0.5
0.5
0.5
0.5
0.5
0.5
0.5
0.5
0.5
0.5
0.5
0.5
0.5
0.5
0.25
0.25
0.25
0.25
0.25
0.25
0.25
0.25
0.25
0.25
0.25
0.25
0.25
0.25
0.25
0.25
0.25
0.25
0.25
0.25
0.25
0.25
0.25
0.25
0.25
0.25
0.25
0.25
0.25
0.25
0.25
0.25
0.25
0.25
0.25
0.25
0.25
0.25
0.25
0.25
0.25
0.25
0.25
0.25
0.25
0.25
0.25
0.25
0.25
0.25
0.25
0.25
0.25
0.25
0.25
0.25
0.25
0.25
0.25
0.25
0.25
0.25
0.25
0.25
0.25
0.25
0.25
0.25
0.25
0.25
0.25
0.25
0.25
0.25
0.25
0.25
0.25
0.25
0.25
0.25
0.25
0.25
0.25
0.25
0.25
0.25
0.25
0.25
0.25
0.25
0.25
0.25
0.25
0.25
0.25
0.25
0.25
0.25
0.25
0.25
0.25
0.25
0.25
0.25
0.25
0.25
0.25
0.25
0.25
0.25
0.25
0.25
0.25
0.25
0.25
0.25
0.25
0.25
0.25
0.25
0.25262605042016806
0.25525210084033612
0.25787815126050417
0.26050420168067229
0.26313025210084034
0.2657563025210084
0.26838235294117646
0.27100840336134452
0.27363445378151258
0.27626050420168063
0.27888655462184869
0.28151260504201681
0.28413865546218486
0.28676470588235292
0.28939075630252098
0.29201680672268904
0.2946428571428571
0.29726890756302515
0.29989495798319332
0.30252100840336138
0.30514705882352944
0.3077731092436975
0.31039915966386555
0.31302521008403361
0.31565126050420167
0.31827731092436973
0.32090336134453784
0.3235294117647059
0.32615546218487396
0.32878151260504201
0.33140756302521007
0.33403361344537813
0.33665966386554619
0.3392857142857143
0.34191176470588236
0.34453781512605042
0.34716386554621848
0.34978991596638653
0.35241596638655459
0.35504201680672265
0.35766806722689082
0.36029411764705888
0.36292016806722693
0.36554621848739499
0.36817226890756305
0.37079831932773111
0.37342436974789917
0.37605042016806722
0.37867647058823528
0.38130252100840334
0.3839285714285714
0.38655462184873945
0.38918067226890751
0.39180672268907557
0.39443277310924363
0.3970588235294118
0.39968487394957986
0.40231092436974791
0.40493697478991597
0.40756302521008403
0.41018907563025209
0.41281512605042014
0.4154411764705882
0.41806722689075632
0.42069327731092437
0.42331932773109243
0.42594537815126049
0.42857142857142855
0.43119747899159661
0.43382352941176466
0.43644957983193278
0.43907563025210083
0.44170168067226889
0.44432773109243695
0.44695378151260501
0.44957983193277307
0.45220588235294112
0.45483193277310918
0.45745798319327735
0.46008403361344541
0.46271008403361347
0.46533613445378152
0.46796218487394958
0.47058823529411764
0.4732142857142857
0.47584033613445381
0.47846638655462187
0.48109243697478993
0.48371848739495799
0.48634453781512604
0.4889705882352941
0.49159663865546216
0.49422268907563027
0.49684873949579833
0.49947478991596639
0.5
0.5
0.5
0.5
0.5
0.5
0.5
0.5
0.5
0.5
0.5
0.5
0.5
0.5
0.5
0.5
0.5
0.5
0.5
0.5
0.5
0.5
0.5
0.5
0.5
0.5
0.5
0.5
0.5
0.5
0.5
0.5
0.5
0.5
0.5
0.5
0.5
0.5
0.5
0.5
0.5
0.25
0.25
0.25
0.25
0.25
0.25
0.25
0.25
0.25
0.25
0.25
0.25
0.25
0.25
0.25
0.25
0.25
0.25
0.25
0.25
0.25
0.25
0.25
0.25
0.25
0.25
0.25
0.25
0.25
0.25
0.25
0.25
0.25
0.25
0.25
0.25
0.25
0.25
0.25
0.25
0.25
0.25
0.25
0.25
0.25
0.25
0.25
0.25
0.25
0.25
0.25
0.25
0.25
0.25
0.25
0.25
0.25
0.25
0.25
0.25
0.25
0.25
0.25
0.25
0.25
0.25
0.25
0.25
0.25
0.25
0.25
0.25
0.25
0.25
0.25
0.25
0.25
0.25
0.25
0.25
0.25
0.25
0.25
0.25
0.25
0.25
0.25
0.25
0.25
0.25
0.25
0.25
0.25
0.25
0.25
0.25
0.25
0.25
0.25
0.25
0.25
0.25
0.25
0.25
0.25
0.25
0.25
0.25
0.25
0.25
0.25
0.25
0.25
0.25
0.25
0.25
0.25
0.25
0.25
0.25
0.25130753138075312
0.25392259414225943
0.25653765690376568
0.25915271966527192
0.26176778242677823
0.26438284518828448
0.26699790794979084
0.26961297071129708
0.27222803347280333
0.27484309623430964
0.27745815899581588
0.28007322175732219
0.28268828451882844
0.28530334728033468
0.28791841004184104
0.29053347280334729
0.2931485355648536
0.29576359832635984
0.29837866108786609
0.3009937238493724
0.30360878661087864
0.30622384937238495
0.3088389121338912
0.31145397489539745
0.31406903765690375
0.31668410041841
0.31929916317991636
0.3219142259414226
0.32452928870292885
0.32714435146443516
0.32975941422594141
0.33237447698744771
0.33498953974895396
0.33760460251046021
0.34021966527196656
0.34283472803347281
0.34544979079497912
0.34806485355648537
0.35067991631799161
0.35329497907949792
0.35591004184100417
0.35852510460251047
0.36114016736401672
0.36375523012552297
0.36637029288702927
0.36898535564853552
0.37160041841004188
0.37421548117154813
0.37683054393305437
0.37944560669456068
0.38206066945606693
0.38467573221757323
0.38729079497907948
0.38990585774058573
0.39252092050209209
0.39513598326359833
0.39775104602510458
0.40036610878661083
0.40298117154811708
0.40559623430962344
0.40821129707112969
0.41082635983263599
0.41344142259414224
0.41605648535564854
0.41867154811715479
0.42128661087866104
0.4239016736401674
0.42651673640167365
0.42913179916317995
0.4317468619246862
0.43436192468619245
0.43697698744769875
0.439592050209205
0.44220711297071136
0.44482217573221761
0.44743723849372385
0.4500523012552301
0.45266736401673635
0.45528242677824271
0.45789748953974896
0.46051255230125521
0.46312761506276151
0.46574267782426776
0.46835774058577406
0.47097280334728031
0.47358786610878656
0.47620292887029292
0.47881799163179917
0.48143305439330547
0.48404811715481172
0.48666317991631797
0.48927824267782427
0.49189330543933052
0.49450836820083688
0.49712343096234313
0.49973849372384938
0.5
0.5
0.5
0.5
0.5
0.5
0.5
0.5
0.5
0.5
0.5
0.5
0.5
0.5
0.5
0.5
0.5
0.5
0.5
0.5
0.5
0.5
0.5
0.5
0.5
0.5
0.5
0.5
0.5
0.5
0.5
0.5
0.5
0.5
0.5
0.5
0.5
0.5
0.5
0.5
0.25
0.25
0.25
0.25
0.25
0.25
0.25
0.25
0.25
0.25
0.25
0.25
0.25
0.25
0.25
0.25
0.25
0.25
0.25
0.25
0.25
0.25
0.25
0.25
0.25
0.25
0.25
0.25
0.25
0.25
0.25
0.25
0.25
0.25
0.25
0.25
0.25
0.25
0.25
0.25
0.25
0.25
0.25
0.25
0.25
0.25
0.25
0.25
0.25
0.25
0.25
0.25
0.25
0.25
0.25
0.25
0.25
0.25
0.25
0.25
0.25
0.25
0.25
0.25
0.25
0.25
0.25
0.25
0.25
0.25
0.25
0.25
0.25
0.25
0.25
0.25
0.25
0.25
0.25
0.25
0.25
0.25
0.25
0.25
0.25
0.25
0.25
0.25
0.25
0.25
0.25
0.25
0.25
0.25
0.25
0.25
0.25
0.25
0.25
0.25
0.25
0.25
0.25
0.25
0.25
0.25
0.25
0.25
0.25
0.25
0.25
0.25
0.25
0.25
0.25
0.25
0.25
0.25
0.25
0.25
0.25
0.25260416666666663
0.25520833333333331
0.2578125
0.26041666666666669
0.26302083333333337
0.265625
0.26822916666666669
0.27083333333333331
0.2734375
0.27604166666666663
0.27864583333333331
0.28125
0.28385416666666669
0.28645833333333337
0.2890625
0.29166666666666663
0.29427083333333331
0.296875
0.29947916666666669
0.30208333333333337
0.3046875
0.30729166666666669
0.30989583333333331
0.3125
0.31510416666666663
0.31770833333333331
0.3203125
0.32291666666666669
0.32552083333333337
0.328125
0.33072916666666663
0.33333333333333331
0.3359375
0.33854166666666669
0.34114583333333337
0.34375
0.34635416666666669
0.34895833333333331
0.3515625
0.35416666666666663
0.35677083333333331
0.359375
0.36197916666666669
0.36458333333333337
0.3671875
0.36979166666666663
0.37239583333333331
0.375
0.37760416666666669
0.38020833333333337
0.3828125
0.38541666666666663
0.38802083333333331
0.390625
0.39322916666666663
0.39583333333333326
0.3984375
0.40104166666666669
0.40364583333333337
0.40625
0.40885416666666663
0.41145833333333331
0.4140625
0.41666666666666669
0.41927083333333337
0.421875
0.42447916666666663
0.42708333333333331
0.4296875
0.43229166666666663
0.43489583333333326
0.4375
0.44010416666666669
0.44270833333333337
0.4453125
0.44791666666666663
0.45052083333333331
0.453125
0.45572916666666669
0.45833333333333337
0.4609375
0.46354166666666663
0.46614583333333331
0.46875
0.47135416666666663
0.47395833333333326
0.4765625
0.47916666666666669
0.48177083333333337
0.484375
0.48697916666666663
0.48958333333333331
0.4921875
0.49479166666666669
0.49739583333333337
0.5
0.5
0.5
0.5
0.5
0.5
0.5
0.5
0.5
0.5
0.5
0.5
0.5
0.5
0.5
0.5
0.5
0.5
0.5
0.5
0.5
0.5
0.5
0.5
0.5
0.5
0.5
0.5
0.5
0.5
0.5
0.5
0.5
0.5
0.5
0.5
0.5
0.5
0.5
0.5
0.25
0.25
0.25
0.25
0.25
0.25
0.25
0.25
0.25
0.25
0.25
0.25
0.25
0.25
0.25
0.25
0.25
0.25
0.25
0.25
0.25
0.25
0.25
0.25
0.25
0.25
0.25
0.25
0.25
0.25
0.25
0.25
0.25
0.25
0.25
0.25
0.25
0.25
0.25
0.25
0.25
0.25
0.25
0.25
0.25
0.25
0.25
0.25
0.25
0.25
0.25
0.25
0.25
0.25
0.25
0.25
0.25
0.25
0.25
0.25
0.25
0.25
0.25
0.25
0.25
0.25
0.25
0.25
0.25
0.25
0.25
0.25
0.25
0.25
0.25
0.25
0.25
0.25
0.25
0.25
0.25
0.25
0.25
0.25
0.25
0.25
0.25
0.25
0.25
0.25
0.25
0.25
0.25
0.25
0.25
0.25
0.25
0.25
0.25
0.25
0.25
0.25
0.25
0.25
0.25
0.25
0.25
0.25
0.25
0.25
0.25
0.25
0.25
0.25
0.25
0.25
0.25
0.25
0.25
0.25
0.25
0.25129668049792531
0.25389004149377592
0.25648340248962653
0.25907676348547715
0.26167012448132781
0.26426348547717843
0.26685684647302904
0.26945020746887965
0.27204356846473027
0.27463692946058088
0.27723029045643149
0.27982365145228216
0.28241701244813278
0.28501037344398339
0.287603734439834
0.29019709543568462
0.29279045643153523
0.29538381742738584
0.29797717842323646
0.30057053941908718
0.30316390041493779
0.30575726141078841
0.30835062240663902
0.31094398340248963
0.31353734439834025
0.31613070539419086
0.31872406639004153
0.32131742738589214
0.32391078838174275
0.32650414937759337
0.32909751037344398
0.33169087136929459
0.33428423236514521
0.33687759336099582
0.33947095435684649
0.3420643153526971
0.34465767634854771
0.34725103734439833
0.34984439834024894
0.35243775933609955
0.35503112033195017
0.35762448132780089
0.3602178423236515
0.36281120331950212
0.36540456431535273
0.36799792531120334
0.37059128630705396
0.37318464730290457
0.37577800829875518
0.3783713692946058
0.38096473029045641
0.38355809128630702
0.38615145228215764
0.38874481327800825
0.39133817427385886
0.39393153526970948
0.3965248962655602
0.39911825726141081
0.40171161825726143
0.40430497925311204
0.40689834024896265
0.40949170124481327
0.41208506224066388
0.41467842323651449
0.41727178423236516
0.41986514522821577
0.42245850622406639
0.425051867219917
0.42764522821576761
0.43023858921161823
0.43283195020746884
0.43542531120331945
0.43801867219917012
0.44061203319502074
0.44320539419087135
0.44579875518672196
0.44839211618257258
0.45098547717842319
0.4535788381742738
0.45617219917012453
0.45876556016597514
0.46135892116182575
0.46395228215767637
0.46654564315352698
0.46913900414937759
0.47173236514522821
0.47432572614107882
0.47691908713692949
0.4795124481327801
0.48210580912863071
0.48469917012448133
0.48729253112033194
0.48988589211618255
0.49247925311203317
0.49507261410788383
0.49766597510373445
0.5
0.5
0.5
0.5
0.5
0.5
0.5
0.5
0.5
0.5
0.5
0.5
0.5
0.5
0.5
0.5
0.5
0.5
0.5
0.5
0.5
0.5
0.5
0.5
0.5
0.5
0.5
0.5
0.5
0.5
0.5
0.5
0.5
0.5
0.5
0.5
0.5
0.5
0.5
0.25
0.25
0.25
0.25
0.25
0.25
0.25
0.25
0.25
0.25
0.25
0.25
0.25
0.25
0.25
0.25
0.25
0.25
0.25
0.25
0.25
0.25
0.25
0.25
0.25
0.25
0.25
0.25
0.25
0.25
0.25
0.25
0.25
0.25
0.25
0.25
0.25
0.25
0.25
0.25
0.25
0.25
0.25
0.25
0.25
0.25
0.25
0.25
0.25
0.25
0.25
0.25
0.25
0.25
0.25
0.25
0.25
0.25
0.25
0.25
0.25
0.25
0.25
0.25
0.25
0.25
0.25
0.25
0.25
0.25
0.25
0.25
0.25
0.25
0.25
0.25
0.25
0.25
0.25
0.25
0.25
0.25
0.25
0.25
0.25
0.25
0.25
0.25
0.25
0.25
0.25
0.25
0.25
0.25
0.25
0.25
0.25
0.25
0.25
0.25
0.25
0.25
0.25
0.25
0.25
0.25
0.25
0.25
0.25
0.25
0.25
0.25
0.25
0.25
0.25
0.25
0.25
0.25
0.25
0.25
0.25
0.25
0.25258264462809915
0.2551652892561983
0.25774793388429751
0.26033057851239666
0.26291322314049592
0.26549586776859507
0.26807851239669422
0.27066115702479338
0.27324380165289253
0.27582644628099173
0.27840909090909088
0.28099173553719003
0.2835743801652893
0.28615702479338845
0.2887396694214876
0.29132231404958675
0.29390495867768596
0.29648760330578511
0.29907024793388426
0.30165289256198347
0.30423553719008267
0.30681818181818182
0.30940082644628097
0.31198347107438018
0.31456611570247933
0.31714876033057848
0.31973140495867769
0.32231404958677684
0.32489669421487605
0.3274793388429752
0.3300619834710744
0.33264462809917356
0.33522727272727271
0.33780991735537191
0.34039256198347106
0.34297520661157022
0.34555785123966942
0.34814049586776863
0.35072314049586778
0.35330578512396693
0.35588842975206614
0.35847107438016529
0.36105371900826444
0.36363636363636359
0.36621900826446285
0.368801652892562
0.37138429752066116
0.37396694214876036
0.37654958677685946
0.37913223140495866
0.38171487603305781
0.38429752066115697
0.38688016528925623
0.38946280991735538
0.39204545454545459
0.39462809917355368
0.39721074380165289
0.39979338842975204
0.40237603305785119
0.4049586776859504
0.4075413223140496
0.41012396694214881
0.41270661157024791
0.41528925619834711
0.41787190082644626
0.42045454545454541
0.42303719008264462
0.42561983471074377
0.42820247933884303
0.43078512396694213
0.43336776859504134
0.43595041322314049
0.43853305785123964
0.44111570247933884
0.443698347107438
0.44628099173553715
0.44886363636363635
0.45144628099173556
0.45402892561983471
0.45661157024793386
0.45919421487603307
0.46177685950413222
0.46435950413223137
0.46694214876033058
0.46952479338842978
0.47210743801652894
0.47469008264462809
0.47727272727272729
0.47985537190082644
0.4824380165289256
0.4850206611570248
0.4876033057851239
0.49018595041322316
0.49276859504132231
0.49535123966942152
0.49793388429752067
0.5
0.5
0.5
0.5
0.5
0.5
0.5
0.5
0.5
0.5
0.5
0.5
0.5
0.5
0.5
0.5
0.5
0.5
0.5
0.5
0.5
0.5
0.5
0.5
0.5
0.5
0.5
0.5
0.5
0.5
0.5
0.5
0.5
0.5
0.5
0.5
0.5
0.5
0.25
0.25
0.25
0.25
0.25
0.25
0.25
0.25
0.25
0.25
0.25
0.25
0.25
0.25
0.25
0.25
0.25
0.25
0.25
0.25
0.25
0.25
0.25
0.25
0.25
0.25
0.25
0.25
0.25
0.25
0.25
0.25
0.25
0.25
0.25
0.25
0.25
0.25
0.25
0.25
0.25
0.25
0.25
0.25
0.25
0.25
0.25
0.25
0.25
0.25
0.25
0.25
0.25
0.25
0.25
0.25
0.25
0.25
0.25
0.25
0.25
0.25
0.25
0.25
0.25
0.25
0.25
0.25
0.25
0.25
0.25
0.25
0.25
0.25
0.25
0.25
0.25
0.25
0.25
0.25
0.25
0.25
0.25
0.25
0.25
0.25
0.25
0.25
0.25
0.25
0.25
0.25
0.25
0.25
0.25
0.25
0.25
0.25
0.25
0.25
0.25
0.25
0.25
0.25
0.25
0.25
0.25
0.25
0.25
0.25
0.25
0.25
0.25
0.25
0.25
0.25
0.25
0.25
0.25
0.25
0.25
0.25
0.25128600823045272
0.25385802469135804
0.25643004115226337
0.25900205761316875
0.26157407407407407
0.26414609053497939
0.26671810699588483
0.26929012345679015
0.27186213991769548
0.2744341563786008
0.27700617283950613
0.27957818930041151
0.28215020576131689
0.28472222222222221
0.28729423868312759
0.28986625514403291
0.29243827160493824
0.29501028806584362
0.297582304526749
0.30015432098765432
0.3027263374485597
0.30529835390946503
0.30787037037037035
0.31044238683127567
0.31301440329218111
0.31558641975308643
0.31815843621399176
0.32073045267489708
0.32330246913580246
0.32587448559670779
0.32844650205761317
0.33101851851851855
0.33359053497942387
0.33616255144032919
0.33873456790123457
0.3413065843621399
0.34387860082304528
0.34645061728395066
0.34902263374485598
0.35159465020576131
0.35416666666666663
0.35673868312757206
0.35931069958847739
0.36188271604938271
0.36445473251028804
0.36702674897119342
0.36959876543209874
0.37217078189300412
0.3747427983539095
0.37731481481481483
0.37988683127572015
0.38245884773662553
0.38503086419753085
0.38760288065843623
0.39017489711934161
0.39274691358024694
0.39531893004115226
0.39789094650205759
0.40046296296296291
0.40303497942386834
0.40560699588477367
0.40817901234567899
0.41075102880658432
0.4133230452674897
0.41589506172839502
0.4184670781893004
0.42103909465020578
0.4236111111111111
0.42618312757201648
0.42875514403292181
0.43132716049382713
0.43389917695473257
0.43647119341563789
0.43904320987654322
0.44161522633744854
0.44418724279835387
0.44675925925925919
0.44933127572016462
0.45190329218106995
0.45447530864197527
0.45704732510288065
0.45961934156378598
0.46219135802469136
0.46476337448559674
0.46733539094650206
0.46990740740740744
0.47247942386831276
0.47505144032921809
0.47762345679012341
0.48019547325102885
0.48276748971193417
0.4853395061728395
0.48791152263374482
0.49048353909465014
0.49305555555555552
0.4956275720164609
0.49819958847736623
0.5
0.5
0.5
0.5
0.5
0.5
0.5
0.5
0.5
0.5
0.5
0.5
0.5
0.5
0.5
0.5
0.5
0.5
0.5
0.5
0.5
0.5
0.5
0.5
0.5
0.5
0.5
0.5
0.5
0.5
0.5
0.5
0.5
0.5
0.5
0.5
0.5
0.25
0.25
0.25
0.25
0.25
0.25
0.25
0.25
0.25
0.25
0.25
0.25
0.25
0.25
0.25
0.25
0.25
0.25
0.25
0.25
0.25
0.25
0.25
0.25
0.25
0.25
0.25
0.25
0.25
0.25
0.25
0.25
0.25
0.25
0.25
0.25
0.25
0.25
0.25
0.25
0.25
0.25
0.25
0.25
0.25
0.25
0.25
0.25
0.25
0.25
0.25
0.25
0.25
0.25
0.25
0.25
0.25
0.25
0.25
0.25
0.25
0.25
0.25
0.25
0.25
0.25
0.25
0.25
0.25
0.25
0.25
0.25
0.25
0.25
0.25
0.25
0.25
0.25
0.25
0.25
0.25
0.25
0.25
0.25
0.25
0.25
0.25
0.25
0.25
0.25
0.25
0.25
0.25
0.25
0.25
0.25
0.25
0.25
0.25
0.25
0.25
0.25
0.25
0.25
0.25
0.25
0.25
0.25
0.25
0.25
0.25
0.25
0.25
0.25
0.25
0.25
0.25
0.25
0.25
0.25
0.25
0.25
0.25
0.25256147540983603
0.25512295081967212
0.25768442622950816
0.26024590163934425
0.26280737704918034
0.26536885245901642
0.26793032786885246
0.27049180327868855
0.27305327868852458
0.27561475409836067
0.2781762295081967
0.28073770491803285
0.28329918032786883
0.28586065573770492
0.28842213114754101
0.29098360655737704
0.29354508196721313
0.29610655737704916
0.29866803278688525
0.30122950819672129
0.30379098360655743
0.30635245901639341
0.30891393442622955
0.31147540983606559
0.31403688524590162
0.31659836065573771
0.31915983606557374
0.32172131147540983
0.32428278688524587
0.32684426229508201
0.32940573770491799
0.33196721311475413
0.33452868852459017
0.33709016393442626
0.33965163934426229
0.34221311475409838
0.34477459016393441
0.34733606557377045
0.34989754098360659
0.35245901639344257
0.35502049180327871
0.35758196721311475
0.36014344262295084
0.36270491803278687
0.36526639344262296
0.36782786885245899
0.37038934426229508
0.37295081967213117
0.37551229508196715
0.37807377049180324
0.38063524590163933
0.38319672131147542
0.38575819672131145
0.38831967213114754
0.39088114754098358
0.39344262295081966
0.39600409836065575
0.39856557377049184
0.40112704918032782
0.40368852459016397
0.40625
0.40881147540983603
0.41137295081967212
0.41393442622950816
0.41649590163934425
0.41905737704918034
0.42161885245901642
0.4241803278688524
0.42674180327868855
0.42930327868852458
0.43186475409836067
0.4344262295081967
0.43698770491803285
0.43954918032786883
0.44211065573770492
0.44467213114754101
0.44723360655737698
0.44979508196721313
0.45235655737704916
0.45491803278688525
0.45747950819672129
0.46004098360655743
0.46260245901639341
0.4651639344262295
0.46772540983606559
0.47028688524590156
0.47284836065573771
0.47540983606557374
0.47797131147540983
0.48053278688524587
0.48309426229508201
0.48565573770491799
0.48821721311475408
0.49077868852459017
0.49334016393442626
0.49590163934426229
0.49846311475409838
0.5
0.5
0.5
0.5
0.5
0.5
0.5
0.5
0.5
0.5
0.5
0.5
0.5
0.5
0.5
0.5
0.5
0.5
0.5
0.5
0.5
0.5
0.5
0.5
0.5
0.5
0.5
0.5
0.5
0.5
0.5
0.5
0.5
0.5
0.5
0.5
0.25
0.25
0.25
0.25
0.25
0.25
0.25
0.25
0.25
0.25
0.25
0.25
0.25
0.25
0.25
0.25
0.25
0.25
0.25
0.25
0.25
0.25
0.25
0.25
0.25
0.25
0.25
0.25
0.25
0.25
0.25
0.25
0.25
0.25
0.25
0.25
0.25
0.25
0.25
0.25
0.25
0.25
0.25
0.25
0.25
0.25
0.25
0.25
0.25
0.25
0.25
0.25
0.25
0.25
0.25
0.25
0.25
0.25
0.25
0.25
0.25
0.25
0.25
0.25
0.25
0.25
0.25
0.25
0.25
0.25
0.25
0.25
0.25
0.25
0.25
0.25
0.25
0.25
0.25
0.25
0.25
0.25
0.25
0.25
0.25
0.25
0.25
0.25
0.25
0.25
0.25
0.25
0.25
0.25
0.25
0.25
0.25
0.25
0.25
0.25
0.25
0.25
0.25
0.25
0.25
0.25
0.25
0.25
0.25
0.25
0.25
0.25
0.25
0.25
0.25
0.25
0.25
0.25
0.25
0.25
0.25
0.25
0.25
0.25127551020408168
0.25382653061224486
0.25637755102040816
0.2589285714285714
0.26147959183673469
0.26403061224489799
0.26658163265306123
0.26913265306122452
0.27168367346938771
0.27423469387755106
0.27678571428571425
0.27933673469387754
0.28188775510204078
0.28443877551020408
0.28698979591836737
0.28954081632653061
0.29209183673469391
0.2946428571428571
0.29719387755102045
0.29974489795918363
0.30229591836734693
0.30484693877551022
0.30739795918367346
0.30994897959183676
0.3125
0.3150510204081633
0.31760204081632648
0.32015306122448983
0.32270408163265302
0.32525510204081631
0.32780612244897961
0.33035714285714285
0.33290816326530615
0.33545918367346939
0.33801020408163268
0.34056122448979587
0.34311224489795922
0.3456632653061224
0.3482142857142857
0.35076530612244899
0.35331632653061223
0.35586734693877553
0.35841836734693877
0.36096938775510207
0.36352040816326525
0.3660714285714286
0.36862244897959184
0.37117346938775508
0.37372448979591838
0.37627551020408162
0.37882653061224492
0.38137755102040816
0.3839285714285714
0.38647959183673464
0.38903061224489799
0.39158163265306123
0.39413265306122447
0.39668367346938777
0.39923469387755101
0.4017857142857143
0.40433673469387754
0.40688775510204078
0.40943877551020402
0.41198979591836737
0.41454081632653061
0.41709183673469385
0.41964285714285715
0.42219387755102039
0.42474489795918369
0.42729591836734693
0.42984693877551017
0.43239795918367341
0.43494897959183676
0.4375
0.44005102040816324
0.44260204081632654
0.44515306122448978
0.44770408163265307
0.45025510204081631
0.45280612244897955
0.4553571428571429
0.45790816326530615
0.46045918367346939
0.46301020408163263
0.46556122448979592
0.46811224489795916
0.47066326530612246
0.4732142857142857
0.47576530612244894
0.47831632653061229
0.48086734693877553
0.48341836734693877
0.48596938775510201
0.48852040816326531
0.49107142857142855
0.49362244897959184
0.49617346938775508
0.49872448979591832
0.5
0.5
0.5
0.5
0.5
0.5
0.5
0.5
0.5
0.5
0.5
0.5
0.5
0.5
0.5
0.5
0.5
0.5
0.5
0.5
0.5
0.5
0.5
0.5
0.5
0.5
0.5
0.5
0.5
0.5
0.5
0.5
0.5
0.5
0.5
0.25
0.25
0.25
0.25
0.25
0.25
0.25
0.25
0.25
0.25
0.25
0.25
0.25
0.25
0.25
0.25
0.25
0.25
0.25
0.25
0.25
0.25
0.25
0.25
0.25
0.25
0.25
0.25
0.25
0.25
0.25
0.25
0.25
0.25
0.25
0.25
0.25
0.25
0.25
0.25
0.25
0.25
0.25
0.25
0.25
0.25
0.25
0.25
0.25
0.25
0.25
0.25
0.25
0.25
0.25
0.25
0.25
0.25
0.25
0.25
0.25
0.25
0.25
0.25
0.25
0.25
0.25
0.25
0.25
0.25
0.25
0.25
0.25
0.25
0.25
0.25
0.25
0.25
0.25
0.25
0.25
0.25
0.25
0.25
0.25
0.25
0.25
0.25
0.25
0.25
0.25
0.25
0.25
0.25
0.25
0.25
0.25
0.25
0.25
0.25
0.25
0.25
0.25
0.25
0.25
0.25
0.25
0.25
0.25
0.25
0.25
0.25
0.25
0.25
0.25
0.25
0.25
0.25
0.25
0.25
0.25
0.25
0.25
0.25
0.25254065040650403
0.25508130081300817
0.2576219512195122
0.26016260162601623
0.26270325203252037
0.2652439024390244
0.26778455284552843
0.27032520325203246
0.27286585365853661
0.27540650406504064
0.27794715447154472
0.28048780487804881
0.28302845528455284
0.28556910569105687
0.28810975609756101
0.29065040650406504
0.29319105691056913
0.29573170731707316
0.29827235772357724
0.30081300813008127
0.30335365853658536
0.30589430894308944
0.30843495934959353
0.31097560975609756
0.31351626016260165
0.31605691056910568
0.31859756097560976
0.32113821138211379
0.32367886178861793
0.32621951219512196
0.32876016260162599
0.33130081300813008
0.33384146341463417
0.3363821138211382
0.33892276422764234
0.34146341463414637
0.3440040650406504
0.34654471544715443
0.34908536585365857
0.3516260162601626
0.35416666666666663
0.35670731707317077
0.3592479674796748
0.36178861788617883
0.36432926829268297
0.366869918699187
0.36941056910569103
0.37195121951219512
0.37449186991869921
0.37703252032520324
0.37957317073170727
0.38211382113821141
0.38465447154471544
0.38719512195121952
0.38973577235772361
0.39227642276422764
0.39481707317073167
0.39735772357723576
0.39989837398373984
0.40243902439024393
0.4049796747967479
0.40752032520325204
0.41006097560975607
0.41260162601626016
0.41514227642276424
0.41768292682926833
0.42022357723577231
0.42276422764227639
0.42530487804878048
0.42784552845528456
0.43038617886178859
0.43292682926829273
0.43546747967479671
0.43800813008130079
0.44054878048780488
0.44308943089430897
0.445630081300813
0.44817073170731703
0.45071138211382111
0.4532520325203252
0.45579268292682923
0.45833333333333337
0.4608739837398374
0.46341463414634143
0.46595528455284552
0.4684959349593496
0.47103658536585363
0.47357723577235766
0.4761178861788618
0.47865853658536583
0.48119918699186992
0.48373983739837401
0.48628048780487804
0.48882113821138207
0.49136178861788621
0.49390243902439024
0.49644308943089432
0.4989837398373983
0.5
0.5
0.5
0.5
0.5
0.5
0.5
0.5
0.5
0.5
0.5
0.5
0.5
0.5
0.5
0.5
0.5
0.5
0.5
0.5
0.5
0.5
0.5
0.5
0.5
0.5
0.5
0.5
0.5
0.5
0.5
0.5
0.5
0.5
0.25
0.25
0.25
0.25
0.25
0.25
0.25
0.25
0.25
0.25
0.25
0.25
0.25
0.25
0.25
0.25
0.25
0.25
0.25
0.25
0.25
0.25
0.25
0.25
0.25
0.25
0.25
0.25
0.25
0.25
0.25
0.25
0.25
0.25
0.25
0.25
0.25
0.25
0.25
0.25
0.25
0.25
0.25
0.25
0.25
0.25
0.25
0.25
0.25
0.25
0.25
0.25
0.25
0.25
0.25
0.25
0.25
0.25
0.25
0.25
0.25
0.25
0.25
0.25
0.25
0.25
0.25
0.25
0.25
0.25
0.25
0.25
0.25
0.25
0.25
0.25
0.25
0.25
0.25
0.25
0.25
0.25
0.25
0.25
0.25
0.25
0.25
0.25
0.25
0.25
0.25
0.25
0.25
0.25
0.25
0.25
0.25
0.25
0.25
0.25
0.25
0.25
0.25
0.25
0.25
0.25
0.25
0.25
0.25
0.25
0.25
0.25
0.25
0.25
0.25
0.25
0.25
0.25
0.25
0.25
0.25
0.25
0.25
0.25
0.25126518218623478
0.25379554655870445
0.25632591093117413
0.25885627530364369
0.26138663967611336
0.26391700404858304
0.2664473684210526
0.26897773279352227
0.27150809716599195
0.27403846153846151
0.27656882591093118
0.27909919028340086
0.28162955465587042
0.28415991902834009
0.28669028340080976
0.28922064777327933
0.291751012145749
0.29428137651821862
0.29681174089068824
0.29934210526315791
0.30187246963562753
0.30440283400809715
0.30693319838056682
0.30946356275303644
0.31199392712550605
0.31452429149797573
0.31705465587044535
0.31958502024291496
0.32211538461538464
0.32464574898785425
0.32717611336032387
0.32970647773279355
0.33223684210526316
0.33476720647773278
0.33729757085020245
0.33982793522267207
0.34235829959514169
0.34488866396761136
0.34741902834008098
0.3499493927125506
0.35247975708502027
0.35501012145748989
0.35754048582995951
0.36007085020242918
0.3626012145748988
0.36513157894736842
0.36766194331983804
0.37019230769230771
0.37272267206477733
0.37525303643724695
0.37778340080971662
0.38031376518218624
0.38284412955465585
0.38537449392712553
0.38790485829959515
0.39043522267206476
0.39296558704453444
0.39549595141700405
0.39802631578947367
0.40055668016194335
0.40308704453441296
0.40561740890688258
0.40814777327935226
0.41067813765182187
0.41320850202429149
0.41573886639676116
0.41826923076923078
0.4207995951417004
0.42332995951417007
0.42586032388663969
0.42839068825910931
0.43092105263157898
0.4334514170040486
0.43598178137651822
0.43851214574898789
0.44104251012145751
0.44357287449392713
0.4461032388663968
0.44863360323886636
0.45116396761133604
0.45369433198380571
0.45622469635627527
0.45875506072874495
0.46128542510121462
0.46381578947368418
0.46634615384615385
0.46887651821862353
0.47140688259109309
0.47393724696356276
0.47646761133603244
0.478997975708502
0.48152834008097167
0.48405870445344135
0.48658906882591091
0.48911943319838058
0.49164979757085026
0.49418016194331982
0.49671052631578949
0.49924089068825916
0.5
0.5
0.5
0.5
0.5
0.5
0.5
0.5
0.5
0.5
0.5
0.5
0.5
0.5
0.5
0.5
0.5
0.5
0.5
0.5
0.5
0.5
0.5
0.5
0.5
0.5
0.5
0.5
0.5
0.5
0.5
0.5
0.5
0.25
0.25
0.25
0.25
0.25
0.25
0.25
0.25
0.25
0.25
0.25
0.25
0.25
0.25
0.25
0.25
0.25
0.25
0.25
0.25
0.25
0.25
0.25
0.25
0.25
0.25
0.25
0.25
0.25
0.25
0.25
0.25
0.25
0.25
0.25
0.25
0.25
0.25
0.25
0.25
0.25
0.25
0.25
0.25
0.25
0.25
0.25
0.25
0.25
0.25
0.25
0.25
0.25
0.25
0.25
0.25
0.25
0.25
0.25
0.25
0.25
0.25
0.25
0.25
0.25
0.25
0.25
0.25
0.25
0.25
0.25
0.25
0.25
0.25
0.25
0.25
0.25
0.25
0.25
0.25
0.25
0.25
0.25
0.25
0.25
0.25
0.25
0.25
0.25
0.25
0.25
0.25
0.25
0.25
0.25
0.25
0.25
0.25
0.25
0.25
0.25
0.25
0.25
0.25
0.25
0.25
0.25
0.25
0.25
0.25
0.25
0.25
0.25
0.25
0.25
0.25
0.25
0.25
0.25
0.25
0.25
0.25
0.25
0.25
0.25
0.25252016129032256
0.25504032258064513
0.25756048387096775
0.26008064516129031
0.26260080645161288
0.2651209677419355
0.26764112903225806
0.27016129032258063
0.27268145161290319
0.27520161290322576
0.27772177419354838
0.28024193548387094
0.28276209677419351
0.28528225806451613
0.28780241935483869
0.29032258064516131
0.29284274193548387
0.29536290322580649
0.29788306451612906
0.30040322580645162
0.30292338709677424
0.30544354838709681
0.30796370967741937
0.31048387096774194
0.3130040322580645
0.31552419354838712
0.31804435483870969
0.32056451612903225
0.32308467741935487
0.32560483870967744
0.328125
0.33064516129032256
0.33316532258064513
0.33568548387096775
0.33820564516129031
0.34072580645161288
0.3432459677419355
0.34576612903225806
0.34828629032258063
0.35080645161290319
0.35332661290322576
0.35584677419354838
0.35836693548387094
0.36088709677419351
0.36340725806451613
0.36592741935483869
0.36844758064516131
0.37096774193548387
0.37348790322580649
0.37600806451612906
0.37852822580645162
0.38104838709677424
0.38356854838709675
0.38608870967741937
0.38860887096774194
0.3911290322580645
0.39364919354838712
0.39616935483870969
0.39868951612903225
0.40120967741935487
0.40372983870967738
0.40625
0.40877016129032256
0.41129032258064513
0.41381048387096775
0.41633064516129031
0.41885080645161288
0.4213709677419355
0.42389112903225801
0.42641129032258063
0.42893145161290319
0.43145161290322576
0.43397177419354838
0.43649193548387094
0.43901209677419351
0.44153225806451613
0.44405241935483863
0.44657258064516131
0.44909274193548387
0.45161290322580649
0.45413306451612906
0.45665322580645162
0.45917338709677424
0.46169354838709675
0.46421370967741937
0.46673387096774194
0.4692540322580645
0.47177419354838712
0.47429435483870969
0.47681451612903225
0.47933467741935487
0.48185483870967738
0.484375
0.48689516129032256
0.48941532258064513
0.49193548387096775
0.49445564516129031
0.49697580645161288
0.4994959677419355
0.5
0.5
0.5
0.5
0.5
0.5
0.5
0.5
0.5
0.5
0.5
0.5
0.5
0.5
0.5
0.5
0.5
0.5
0.5
0.5
0.5
0.5
0.5
0.5
0.5
0.5
0.5
0.5
0.5
0.5
0.5
0.5
0.25
0.25
0.25
0.25
0.25
0.25
0.25
0.25
0.25
0.25
0.25
0.25
0.25
0.25
0.25
0.25
0.25
0.25
0.25
0.25
0.25
0.25
0.25
0.25
0.25
0.25
0.25
0.25
0.25
0.25
0.25
0.25
0.25
0.25
0.25
0.25
0.25
0.25
0.25
0.25
0.25
0.25
0.25
0.25
0.25
0.25
0.25
0.25
0.25
0.25
0.25
0.25
0.25
0.25
0.25
0.25
0.25
0.25
0.25
0.25
0.25
0.25
0.25
0.25
0.25
0.25
0.25
0.25
0.25
0.25
0.25
0.25
0.25
0.25
0.25
0.25
0.25
0.25
0.25
0.25
0.25
0.25
0.25
0.25
0.25
0.25
0.25
0.25
0.25
0.25
0.25
0.25
0.25
0.25
0.25
0.25
0.25
0.25
0.25
0.25
0.25
0.25
0.25
0.25
0.25
0.25
0.25
0.25
0.25
0.25
0.25
0.25
0.25
0.25
0.25
0.25
0.25
0.25
0.25
0.25
0.25
0.25
0.25
0.25
0.25
0.2512550200803213
0.25376506024096385
0.25627510040160645
0.25878514056224899
0.2612951807228916
0.2638052208835342
0.26631526104417669
0.26882530120481929
0.27133534136546184
0.27384538152610444
0.27635542168674698
0.27886546184738958
0.28137550200803207
0.28388554216867468
0.28639558232931722
0.28890562248995982
0.29141566265060243
0.29392570281124497
0.29643574297188757
0.29894578313253012
0.30145582329317272
0.30396586345381527
0.30647590361445787
0.30898594377510036
0.31149598393574296
0.31400602409638556
0.31651606425702811
0.31902610441767071
0.32153614457831325
0.32404618473895586
0.32655622489959835
0.32906626506024095
0.33157630522088349
0.3340863453815261
0.33659638554216864
0.33910642570281124
0.34161646586345384
0.34412650602409639
0.34663654618473899
0.34914658634538154
0.35165662650602414
0.35416666666666663
0.35667670682730923
0.35918674698795178
0.36169678714859438
0.36420682730923698
0.36671686746987953
0.36922690763052213
0.37173694779116462
0.37424698795180722
0.37675702811244977
0.37926706827309237
0.38177710843373491
0.38428714859437751
0.38679718875502
0.38930722891566261
0.39181726907630521
0.39432730923694781
0.39683734939759041
0.3993473895582329
0.4018574297188755
0.40436746987951805
0.40687751004016065
0.4093875502008032
0.4118975903614458
0.4144076305220884
0.41691767068273089
0.41942771084337349
0.42193775100401604
0.42444779116465864
0.42695783132530118
0.42946787148594379
0.43197791164658628
0.43448795180722888
0.43699799196787148
0.43950803212851408
0.44201807228915668
0.44452811244979917
0.44703815261044177
0.44954819277108432
0.45205823293172692
0.45456827309236947
0.45707831325301207
0.45958835341365456
0.46209839357429716
0.46460843373493976
0.46711847389558231
0.46962851405622491
0.47213855421686746
0.47464859437751006
0.47715863453815255
0.47966867469879515
0.48217871485943775
0.48468875502008035
0.48719879518072284
0.48970883534136544
0.49221887550200805
0.49472891566265059
0.49723895582329319
0.49974899598393574
0.5
0.5
0.5
0.5
0.5
0.5
0.5
0.5
0.5
0.5
0.5
0.5
0.5
0.5
0.5
0.5
0.5
0.5
0.5
0.5
0.5
0.5
0.5
0.5
0.5
0.5
0.5
0.5
0.5
0.5
0.5
0.25
0.25
0.25
0.25
0.25
0.25
0.25
0.25
0.25
0.25
0.25
0.25
0.25
0.25
0.25
0.25
0.25
0.25
0.25
0.25
0.25
0.25
0.25
0.25
0.25
0.25
0.25
0.25
0.25
0.25
0.25
0.25
0.25
0.25
0.25
0.25
0.25
0.25
0.25
0.25
0.25
0.25
0.25
0.25
0.25
0.25
0.25
0.25
0.25
0.25
0.25
0.25
0.25
0.25
0.25
0.25
0.25
0.25
0.25
0.25
0.25
0.25
0.25
0.25
0.25
0.25
0.25
0.25
0.25
0.25
0.25
0.25
0.25
0.25
0.25
0.25
0.25
0.25
0.25
0.25
0.25
0.25
0.25
0.25
0.25
0.25
0.25
0.25
0.25
0.25
0.25
0.25
0.25
0.25
0.25
0.25
0.25
0.25
0.25
0.25
0.25
0.25
0.25
0.25
0.25
0.25
0.25
0.25
0.25
0.25
0.25
0.25
0.25
0.25
0.25
0.25
0.25
0.25
0.25
0.25
0.25
0.25
0.25
0.25
0.25
0.25
0.2525
0.255
0.25750000000000001
0.26000000000000001
0.26250000000000001
0.26500000000000001
0.26750000000000002
0.27000000000000002
0.27250000000000002
0.27500000000000002
0.27750000000000002
0.28000000000000003
0.28250000000000003
0.28500000000000003
0.28750000000000003
0.28999999999999998
0.29249999999999998
0.29499999999999998
0.29749999999999999
0.29999999999999999
0.30249999999999999
0.30499999999999999
0.3075
0.31
0.3125
0.315
0.3175
0.32000000000000001
0.32250000000000001
0.32500000000000001
0.32750000000000001
0.33000000000000002
0.33250000000000002
0.33500000000000002
0.33750000000000002
0.34000000000000002
0.34250000000000003
0.34500000000000003
0.34750000000000003
0.35000000000000003
0.35250000000000004
0.35500000000000004
0.35750000000000004
0.36000000000000004
0.36250000000000004
0.36500000000000005
0.36749999999999994
0.37
0.37249999999999994
0.375
0.37749999999999995
0.38
0.38249999999999995
0.38500000000000001
0.38749999999999996
0.39000000000000001
0.39249999999999996
0.39500000000000002
0.39749999999999996
0.40000000000000002
0.40249999999999997
0.40500000000000003
0.40749999999999997
0.41000000000000003
0.41249999999999998
0.41500000000000004
0.41749999999999998
0.42000000000000004
0.42249999999999999
0.42500000000000004
0.42749999999999999
0.43000000000000005
0.4325
0.43500000000000005
0.4375
0.44000000000000006
0.4425
0.44500000000000006
0.44749999999999995
0.44999999999999996
0.45249999999999996
0.45499999999999996
0.45749999999999996
0.45999999999999996
0.46249999999999997
0.46499999999999997
0.46749999999999997
0.46999999999999997
0.47249999999999998
0.47499999999999998
0.47749999999999998
0.47999999999999998
0.48249999999999998
0.48499999999999999
0.48749999999999999
0.48999999999999999
0.49249999999999999
0.495
0.4975
0.5
0.5
0.5
0.5
0.5
0.5
0.5
0.5
0.5
0.5
0.5
0.5
0.5
0.5
0.5
0.5
0.5
0.5
0.5
0.5
0.5
0.5
0.5
0.5
0.5
0.5
0.5
0.5
0.5
0.5
0.5
0.25
0.25
0.25
0.25
0.25
0.25
0.25
0.25
0.25
0.25
0.25
0.25
0.25
0.25
0.25
0.25
0.25
0.25
0.25
0.25
0.25
0.25
0.25
0.25
0.25
0.25
0.25
0.25
0.25
0.25
0.25
0.25
0.25
0.25
0.25
0.25
0.25
0.25
0.25
0.25
0.25
0.25
0.25
0.25
0.25
0.25
0.25
0.25
0.25
0.25
0.25
0.25
0.25
0.25
0.25
0.25
0.25
0.25
0.25
0.25
0.25
0.25
0.25
0.25
0.25
0.25
0.25
0.25
0.25
0.25
0.25
0.25
0.25
0.25
0.25
0.25
0.25
0.25
0.25
0.25
0.25
0.25
0.25
0.25
0.25
0.25
0.25
0.25
0.25
0.25
0.25
0.25
0.25
0.25
0.25
0.25
0.25
0.25
0.25
0.25
0.25
0.25
0.25
0.25
0.25
0.25
0.25
0.25
0.25
0.25
0.25
0.25
0.25
0.25
0.25
0.25
0.25
0.25
0.25
0.25
0.25
0.25
0.25
0.25
0.25
0.25
0.25124501992031872
0.25373505976095617
0.25622509960159362
0.25871513944223107
0.26120517928286852
0.26369521912350596
0.26618525896414341
0.26867529880478086
0.27116533864541831
0.27365537848605576
0.2761454183266932
0.27863545816733065
0.2811254980079681
0.28361553784860555
0.286105577689243
0.28859561752988044
0.29108565737051795
0.2935756972111554
0.29606573705179284
0.29855577689243029
0.30104581673306774
0.30353585657370519
0.30602589641434264
0.30851593625498008
0.31100597609561753
0.31349601593625498
0.31598605577689243
0.31847609561752988
0.32096613545816732
0.32345617529880477
0.32594621513944222
0.32843625498007967
0.33092629482071712
0.33341633466135456
0.33590637450199201
0.33839641434262946
0.34088645418326691
0.34337649402390436
0.3458665338645418
0.34835657370517925
0.3508466135458167
0.35333665338645415
0.35582669322709159
0.35831673306772904
0.36080677290836649
0.36329681274900394
0.36578685258964139
0.36827689243027895
0.37076693227091639
0.37325697211155384
0.37574701195219129
0.37823705179282874
0.38072709163346619
0.38321713147410363
0.38570717131474108
0.38819721115537853
0.39068725099601598
0.39317729083665343
0.39566733067729087
0.39815737051792832
0.40064741035856577
0.40313745019920322
0.40562749003984067
0.40811752988047811
0.41060756972111556
0.41309760956175301
0.41558764940239046
0.41807768924302791
0.42056772908366535
0.4230577689243028
0.42554780876494025
0.4280378486055777
0.43052788844621515
0.43301792828685259
0.43550796812749004
0.43799800796812749
0.44048804780876494
0.44297808764940239
0.44546812749003983
0.44795816733067728
0.45044820717131473
0.45293824701195218
0.45542828685258963
0.45791832669322707
0.46040836653386452
0.46289840637450197
0.46538844621513942
0.46787848605577687
0.47036852589641431
0.47285856573705176
0.47534860557768921
0.47783864541832666
0.48032868525896411
0.48281872509960155
0.485308764940239
0.48779880478087645
0.4902888446215139
0.49277888446215135
0.49526892430278879
0.49775896414342624
0.5
0.5
0.5
0.5
0.5
0.5
0.5
0.5
0.5
0.5
0.5
0.5
0.5
0.5
0.5
0.5
0.5
0.5
0.5
0.5
0.5
0.5
0.5
0.5
0.5
0.5
0.5
0.5
0.5
0.5
0.25
0.25
0.25
0.25
0.25
0.25
0.25
0.25
0.25
0.25
0.25
0.25
0.25
0.25
0.25
0.25
0.25
0.25
0.25
0.25
0.25
0.25
0.25
0.25
0.25
0.25
0.25
0.25
0.25
0.25
0.25
0.25
0.25
0.25
0.25
0.25
0.25
0.25
0.25
0.25
0.25
0.25
0.25
0.25
0.25
0.25
0.25
0.25
0.25
0.25
0.25
0.25
0.25
0.25
0.25
0.25
0.25
0.25
0.25
0.25
0.25
0.25
0.25
0.25
0.25
0.25
0.25
0.25
0.25
0.25
0.25
0.25
0.25
0.25
0.25
0.25
0.25
0.25
0.25
0.25
0.25
0.25
0.25
0.25
0.25
0.25
0.25
0.25
0.25
0.25
0.25
0.25
0.25
0.25
0.25
0.25
0.25
0.25
0.25
0.25
0.25
0.25
0.25
0.25
0.25
0.25
0.25
0.25
0.25
0.25
0.25
0.25
0.25
0.25
0.25
0.25
0.25
0.25
0.25
0.25
0.25
0.25
0.25
0.25
0.25
0.25
0.25
0.25248015873015872
0.25496031746031744
0.25744047619047616
0.25992063492063494
0.26240079365079366
0.26488095238095238
0.2673611111111111
0.26984126984126983
0.27232142857142855
0.27480158730158727
0.27728174603174599
0.27976190476190477
0.28224206349206349
0.28472222222222221
0.28720238095238093
0.28968253968253965
0.29216269841269837
0.2946428571428571
0.29712301587301582
0.29960317460317465
0.30208333333333337
0.30456349206349209
0.30704365079365081
0.30952380952380953
0.31200396825396826
0.31448412698412698
0.3169642857142857
0.31944444444444448
0.3219246031746032
0.32440476190476192
0.32688492063492064
0.32936507936507936
0.33184523809523808
0.3343253968253968
0.33680555555555552
0.3392857142857143
0.34176587301587302
0.34424603174603174
0.34672619047619047
0.34920634920634919
0.35168650793650791
0.35416666666666663
0.35664682539682535
0.35912698412698418
0.3616071428571429
0.36408730158730163
0.36656746031746035
0.36904761904761907
0.37152777777777779
0.37400793650793651
0.37648809523809523
0.37896825396825395
0.38144841269841268
0.3839285714285714
0.38640873015873012
0.38888888888888884
0.39136904761904756
0.39384920634920628
0.396329365079365
0.39880952380952384
0.40128968253968256
0.40376984126984128
0.40625
0.40873015873015872
0.41121031746031744
0.41369047619047616
0.41617063492063494
0.41865079365079366
0.42113095238095238
0.4236111111111111
0.42609126984126983
0.42857142857142855
0.43105158730158727
0.43353174603174599
0.43601190476190477
0.43849206349206349
0.44097222222222221
0.44345238095238093
0.44593253968253965
0.44841269841269837
0.4508928571428571
0.45337301587301582
0.45585317460317465
0.45833333333333337
0.46081349206349209
0.46329365079365081
0.46577380952380953
0.46825396825396826
0.47073412698412698
0.4732142857142857
0.47569444444444448
0.4781746031746032
0.48065476190476192
0.48313492063492064
0.48561507936507936
0.48809523809523808
0.4905753968253968
0.49305555555555552
0.4955357142857143
0.49801587301587302
0.5
0.5
0.5
0.5
0.5
0.5
0.5
0.5
0.5
0.5
0.5
0.5
0.5
0.5
0.5
0.5
0.5
0.5
0.5
0.5
0.5
0.5
0.5
0.5
0.5
0.5
0.5
0.5
0.5
0.25
0.25
0.25
0.25
0.25
0.25
0.25
0.25
0.25
0.25
0.25
0.25
0.25
0.25
0.25
0.25
0.25
0.25
0.25
0.25
0.25
0.25
0.25
0.25
0.25
0.25
0.25
0.25
0.25
0.25
0.25
0.25
0.25
0.25
0.25
0.25
0.25
0.25
0.25
0.25
0.25
0.25
0.25
0.25
0.25
0.25
0.25
0.25
0.25
0.25
0.25
0.25
0.25
0.25
0.25
0.25
0.25
0.25
0.25
0.25
0.25
0.25
0.25
0.25
0.25
0.25
0.25
0.25
0.25
0.25
0.25
0.25
0.25
0.25
0.25
0.25
0.25
0.25
0.25
0.25
0.25
0.25
0.25
0.25
0.25
0.25
0.25
0.25
0.25
0.25
0.25
0.25
0.25
0.25
0.25
0.25
0.25
0.25
0.25
0.25
0.25
0.25
0.25
0.25
0.25
0.25
0.25
0.25
0.25
0.25
0.25
0.25
0.25
0.25
0.25
0.25
0.25
0.25
0.25
0.25
0.25
0.25
0.25
0.25
0.25
0.25
0.25
0.25123517786561267
0.2537055335968379
0.25617588932806329
0.25864624505928857
0.26111660079051385
0.26358695652173914
0.26605731225296442
0.26852766798418976
0.27099802371541504
0.27346837944664032
0.2759387351778656
0.27840909090909088
0.28087944664031622
0.2833498023715415
0.28582015810276679
0.28829051383399207
0.29076086956521735
0.29323122529644274
0.29570158102766797
0.29817193675889331
0.30064229249011853
0.30311264822134387
0.30558300395256921
0.30805335968379449
0.31052371541501977
0.31299407114624506
0.31546442687747034
0.31793478260869568
0.32040513833992096
0.32287549407114624
0.32534584980237152
0.32781620553359681
0.33028656126482214
0.33275691699604742
0.33522727272727271
0.33769762845849799
0.34016798418972338
0.34263833992094861
0.34510869565217395
0.34757905138339917
0.35004940711462451
0.35251976284584985
0.35499011857707513
0.35746047430830041
0.3599308300395257
0.36240118577075098
0.36487154150197632
0.3673418972332016
0.36981225296442688
0.37228260869565216
0.37475296442687744
0.37722332015810278
0.37969367588932806
0.38216403162055335
0.38463438735177863
0.38710474308300391
0.38957509881422925
0.39204545454545459
0.39451581027667981
0.39698616600790515
0.39945652173913038
0.40192687747035571
0.40439723320158105
0.40686758893280628
0.40933794466403162
0.41180830039525684
0.41427865612648224
0.41674901185770752
0.4192193675889328
0.42168972332015808
0.42416007905138337
0.4266304347826087
0.42910079051383399
0.43157114624505927
0.43404150197628455
0.43651185770750989
0.43898221343873522
0.44145256916996045
0.44392292490118579
0.44639328063241102
0.44886363636363635
0.45133399209486169
0.45380434782608692
0.45627470355731226
0.45874505928853748
0.46121541501976288
0.46368577075098816
0.46615612648221344
0.46862648221343872
0.471096837944664
0.47356719367588934
0.47603754940711462
0.47850790513833991
0.48097826086956519
0.48344861660079047
0.48591897233201586
0.48838932806324109
0.49085968379446643
0.49333003952569165
0.49580039525691699
0.49827075098814233
0.5
0.5
0.5
0.5
0.5
0.5
0.5
0.5
0.5
0.5
0.5
0.5
0.5
0.5
0.5
0.5
0.5
0.5
0.5
0.5
0.5
0.5
0.5
0.5
0.5
0.5
0.5
0.5
0.25
0.25
0.25
0.25
0.25
0.25
0.25
0.25
0.25
0.25
0.25
0.25
0.25
0.25
0.25
0.25
0.25
0.25
0.25
0.25
0.25
0.25
0.25
0.25
0.25
0.25
0.25
0.25
0.25
0.25
0.25
0.25
0.25
0.25
0.25
0.25
0.25
0.25
0.25
0.25
0.25
0.25
0.25
0.25
0.25
0.25
0.25
0.25
0.25
0.25
0.25
0.25
0.25
0.25
0.25
0.25
0.25
0.25
0.25
0.25
0.25
0.25
0.25
0.25
0.25
0.25
0.25
0.25
0.25
0.25
0.25
0.25
0.25
0.25
0.25
0.25
0.25
0.25
0.25
0.25
0.25
0.25
0.25
0.25
0.25
0.25
0.25
0.25
0.25
0.25
0.25
0.25
0.25
0.25
0.25
0.25
0.25
0.25
0.25
0.25
0.25
0.25
0.25
0.25
0.25
0.25
0.25
0.25
0.25
0.25
0.25
0.25
0.25
0.25
0.25
0.25
0.25
0.25
0.25
0.25
0.25
0.25
0.25
0.25
0.25
0.25
0.25
0.25
0.25246062992125984
0.25492125984251968
0.25738188976377951
0.25984251968503935
0.26230314960629919
0.26476377952755903
0.26722440944881887
0.26968503937007876
0.2721456692913386
0.27460629921259844
0.27706692913385828
0.27952755905511811
0.28198818897637795
0.28444881889763779
0.28690944881889763
0.28937007874015747
0.2918307086614173
0.29429133858267714
0.29675196850393698
0.29921259842519682
0.30167322834645666
0.30413385826771649
0.30659448818897633
0.30905511811023623
0.31151574803149606
0.3139763779527559
0.31643700787401574
0.31889763779527558
0.32135826771653542
0.32381889763779526
0.32627952755905509
0.32874015748031493
0.33120078740157477
0.33366141732283461
0.33612204724409445
0.33858267716535428
0.34104330708661412
0.34350393700787396
0.3459645669291338
0.34842519685039375
0.35088582677165359
0.35334645669291342
0.35580708661417326
0.3582677165354331
0.36072834645669294
0.36318897637795278
0.36564960629921262
0.36811023622047245
0.37057086614173229
0.37303149606299213
0.37549212598425197
0.37795275590551181
0.38041338582677164
0.38287401574803148
0.38533464566929132
0.38779527559055121
0.39025590551181105
0.39271653543307089
0.39517716535433073
0.39763779527559057
0.4000984251968504
0.40255905511811024
0.40501968503937008
0.40748031496062992
0.40994094488188976
0.4124015748031496
0.41486220472440943
0.41732283464566927
0.41978346456692911
0.42224409448818895
0.42470472440944879
0.42716535433070868
0.42962598425196852
0.43208661417322836
0.43454724409448819
0.43700787401574803
0.43946850393700787
0.44192913385826771
0.44438976377952755
0.44685039370078738
0.44931102362204722
0.45177165354330706
0.4542322834645669
0.45669291338582674
0.45915354330708658
0.46161417322834641
0.46407480314960625
0.4665354330708662
0.46899606299212604
0.47145669291338588
0.47391732283464572
0.47637795275590555
0.47883858267716539
0.48129921259842523
0.48375984251968507
0.48622047244094491
0.48868110236220474
0.49114173228346458
0.49360236220472442
0.49606299212598426
0.4985236220472441
0.5
0.5
0.5
0.5
0.5
0.5
0.5
0.5
0.5
0.5
0.5
0.5
0.5
0.5
0.5
0.5
0.5
0.5
0.5
0.5
0.5
0.5
0.5
0.5
0.5
0.5
0.5
0.25
0.25
0.25
0.25
0.25
0.25
0.25
0.25
0.25
0.25
0.25
0.25
0.25
0.25
0.25
0.25
0.25
0.25
0.25
0.25
0.25
0.25
0.25
0.25
0.25
0.25
0.25
0.25
0.25
0.25
0.25
0.25
0.25
0.25
0.25
0.25
0.25
0.25
0.25
0.25
0.25
0.25
0.25
0.25
0.25
0.25
0.25
0.25
0.25
0.25
0.25
0.25
0.25
0.25
0.25
0.25
0.25
0.25
0.25
0.25
0.25
0.25
0.25
0.25
0.25
0.25
0.25
0.25
0.25
0.25
0.25
0.25
0.25
0.25
0.25
0.25
0.25
0.25
0.25
0.25
0.25
0.25
0.25
0.25
0.25
0.25
0.25
0.25
0.25
0.25
0.25
0.25
0.25
0.25
0.25
0.25
0.25
0.25
0.25
0.25
0.25
0.25
0.25
0.25
0.25
0.25
0.25
0.25
0.25
0.25
0.25
0.25
0.25
0.25
0.25
0.25
0.25
0.25
0.25
0.25
0.25
0.25
0.25
0.25
0.25
0.25
0.25
0.25
0.25122549019607843
0.25367647058823528
0.25612745098039214
0.25857843137254899
0.2610294117647059
0.26348039215686275
0.26593137254901961
0.26838235294117646
0.27083333333333331
0.27328431372549017
0.27573529411764702
0.27818627450980388
0.28063725490196079
0.28308823529411764
0.28553921568627449
0.28799019607843135
0.2904411764705882
0.29289215686274506
0.29534313725490191
0.29779411764705876
0.30024509803921573
0.30269607843137258
0.30514705882352944
0.30759803921568629
0.31004901960784315
0.3125
0.31495098039215685
0.31740196078431371
0.31985294117647062
0.32230392156862747
0.32475490196078433
0.32720588235294118
0.32965686274509803
0.33210784313725489
0.33455882352941174
0.3370098039215686
0.33946078431372551
0.34191176470588236
0.34436274509803921
0.34681372549019607
0.34926470588235292
0.35171568627450978
0.35416666666666663
0.35661764705882348
0.35906862745098045
0.3615196078431373
0.36397058823529416
0.36642156862745101
0.36887254901960786
0.37132352941176472
0.37377450980392157
0.37622549019607843
0.37867647058823528
0.38112745098039214
0.38357843137254899
0.38602941176470584
0.3884803921568627
0.39093137254901955
0.39338235294117641
0.39583333333333326
0.39828431372549022
0.40073529411764708
0.40318627450980393
0.40563725490196079
0.40808823529411764
0.41053921568627449
0.41299019607843135
0.4154411764705882
0.41789215686274511
0.42034313725490197
0.42279411764705882
0.42524509803921567
0.42769607843137253
0.43014705882352938
0.43259803921568624
0.43504901960784309
0.4375
0.43995098039215685
0.44240196078431371
0.44485294117647056
0.44730392156862742
0.44975490196078427
0.45220588235294112
0.45465686274509798
0.45710784313725494
0.4595588235294118
0.46200980392156865
0.46446078431372551
0.46691176470588236
0.46936274509803921
0.47181372549019607
0.47426470588235292
0.47671568627450983
0.47916666666666669
0.48161764705882354
0.48406862745098039
0.48651960784313725
0.4889705882352941
0.49142156862745096
0.49387254901960781
0.49632352941176472
0.49877450980392157
0.5
0.5
0.5
0.5
0.5
0.5
0.5
0.5
0.5
0.5
0.5
0.5
0.5
0.5
0.5
0.5
0.5
0.5
0.5
0.5
0.5
0.5
0.5
0.5
0.5
0.5
