2048
2048
3072
3072
3072
3072
3072
3072
3072
3072
3072
3072
3072
3072
3072
3072
3072
3072
3072
3072
3072
3072
3072
3072
3072
3072
3072
3072
3072
3072
3072
3072
3072
3072
3072
3072
3072
3072
3072
3072
3072
3072
3072
3072
3072
3072
3072
3072
3072
3072
3072
3072
3072
3072
3072
3072
3072
3072
3072
3072
3072
3072
3072
3072
3072
3072
3072
3072
3072
3072
3072
3072
3072
3072
3072
3072
3072
3072
3072
3072
3072
3072
3072
3072
3072
3072
3072
3072
3072
3072
3072
3072
3072
3072
3072
3072
3072
3072
3072
3072
3072
3072
3072
3072
3072
3072
3072
3072
3072
3072
3072
3072
3072
3072
3072
3072
3072
3072
3072
3072
3072
3072
3072
3072
3072
3072
3072
3072
3072
3072
3072
3072
3072
3072
3072
3072
3072
3072
3072
3072
3072
3072
3072
3072
3072
3072
3072
3072
3072
3072
3072
3072
3072
3072
3072
3072
3072
3072
3072
3072
3072
3072
3072
3072
3072
3072
3072
3072
3072
3072
3072
3072
3072
3072
3072
3072
3072
3072
3072
3072
3072
3072
3072
3072
3072
3072
3072
3072
3072
3072
3072
3072
3072
3072
3072
3072
3072
3072
3072
3072
3072
3072
3072
3072
3072
3072
3072
3072
3072
3072
3072
3072
3072
3072
3072
3072
3072
3072
3072
3072
3072
3072
3072
3072
3072
3072
3072
3072
3072
3072
3072
3072
3072
3072
3072
3072
3072
3072
3072
3072
3072
3072
3072
3072
3072
3072
3072
3072
3072
3072
3072
3072
3072
3072
3072
3072
1024
2048
3072
3072
3072
3072
3072
3072
3072
3072
3072
3072
3072
3072
3072
3072
3072
3072
3072
3072
3072
3072
3072
3072
3072
3072
3072
3072
3072
3072
3072
3072
3072
3072
3072
3072
3072
3072
3072
3072
3072
3072
3072
3072
3072
3072
3072
3072
3072
3072
3072
3072
3072
3072
3072
3072
3072
3072
3072
3072
3072
3072
3072
3072
3072
3072
3072
3072
3072
3072
3072
3072
3072
3072
3072
3072
3072
3072
3072
3072
3072
3072
3072
3072
3072
3072
3072
3072
3072
3072
3072
3072
3072
3072
3072
3072
3072
3072
3072
3072
3072
3072
3072
3072
3072
3072
3072
3072
3072
3072
3072
3072
3072
3072
3072
3072
3072
3072
3072
3072
3072
3072
3072
3072
3072
3072
3072
3072
3072
3072
3072
3072
3072
3072
3072
3072
3072
3072
3072
3072
3072
3072
3072
3072
3072
3072
3072
3072
3072
3072
3072
3072
3072
3072
3072
3072
3072
3072
3072
3072
3072
3072
3072
3072
3072
3072
3072
3072
3072
3072
3072
3072
3072
3072
3072
3072
3072
3072
3072
3072
3072
3072
3072
3072
3072
3072
3072
3072
3072
3072
3072
3072
3072
3072
3072
3072
3072
3072
3072
3072
3072
3072
3072
3072
3072
3072
3072
3072
3072
3072
3072
3072
3072
3072
3072
3072
3072
3072
3072
3072
3072
3072
3072
3072
3072
3072
3072
3072
3072
3072
3072
3072
3072
3072
3072
3072
3072
3072
3072
3072
3072
3072
3072
3072
3072
3072
3072
3072
3072
3072
3072
3072
3072
3072
3072
3072
1024
1024
2048
3072
3072
3072
3072
3072
3072
3072
3072
3072
3072
3072
3072
3072
3072
3072
3072
3072
3072
3072
3072
3072
3072
3072
3072
3072
3072
3072
3072
3072
3072
3072
3072
3072
3072
3072
3072
3072
3072
3072
3072
3072
3072
3072
3072
3072
3072
3072
3072
3072
3072
3072
3072
3072
3072
3072
3072
3072
3072
3072
3072
3072
3072
3072
3072
3072
3072
3072
3072
3072
3072
3072
3072
3072
3072
3072
3072
3072
3072
3072
3072
3072
3072
3072
3072
3072
3072
3072
3072
3072
3072
3072
3072
3072
3072
3072
3072
3072
3072
3072
3072
3072
3072
3072
3072
3072
3072
3072
3072
3072
3072
3072
3072
3072
3072
3072
3072
3072
3072
3072
3072
3072
3072
3072
3072
3072
3072
3072
3072
3072
3072
3072
3072
3072
3072
3072
3072
3072
3072
3072
3072
3072
3072
3072
3072
3072
3072
3072
3072
3072
3072
3072
3072
3072
3072
3072
3072
3072
3072
3072
3072
3072
3072
3072
3072
3072
3072
3072
3072
3072
3072
3072
3072
3072
3072
3072
3072
3072
3072
3072
3072
3072
3072
3072
3072
3072
3072
3072
3072
3072
3072
3072
3072
3072
3072
3072
3072
3072
3072
3072
3072
3072
3072
3072
3072
3072
3072
3072
3072
3072
3072
3072
3072
3072
3072
3072
3072
3072
3072
3072
3072
3072
3072
3072
3072
3072
3072
3072
3072
3072
3072
3072
3072
3072
3072
3072
3072
3072
3072
3072
3072
3072
3072
3072
3072
3072
3072
3072
3072
3072
3072
3072
3072
3072
1024
1024
1451
2048
2645
3072
3072
3072
3072
3072
3072
3072
3072
3072
3072
3072
3072
3072
3072
3072
3072
3072
3072
3072
3072
3072
3072
3072
3072
3072
3072
3072
3072
3072
3072
3072
3072
3072
3072
3072
3072
3072
3072
3072
3072
3072
3072
3072
3072
3072
3072
3072
3072
3072
3072
3072
3072
3072
3072
3072
3072
3072
3072
3072
3072
3072
3072
3072
3072
3072
3072
3072
3072
3072
3072
3072
3072
3072
3072
3072
3072
3072
3072
3072
3072
3072
3072
3072
3072
3072
3072
3072
3072
3072
3072
3072
3072
3072
3072
3072
3072
3072
3072
3072
3072
3072
3072
3072
3072
3072
3072
3072
3072
3072
3072
3072
3072
3072
3072
3072
3072
3072
3072
3072
3072
3072
3072
3072
3072
3072
3072
3072
3072
3072
3072
3072
3072
3072
3072
3072
3072
3072
3072
3072
3072
3072
3072
3072
3072
3072
3072
3072
3072
3072
3072
3072
3072
3072
3072
3072
3072
3072
3072
3072
3072
3072
3072
3072
3072
3072
3072
3072
3072
3072
3072
3072
3072
3072
3072
3072
3072
3072
3072
3072
3072
3072
3072
3072
3072
3072
3072
3072
3072
3072
3072
3072
3072
3072
3072
3072
3072
3072
3072
3072
3072
3072
3072
3072
3072
3072
3072
3072
3072
3072
3072
3072
3072
3072
3072
3072
3072
3072
3072
3072
3072
3072
3072
3072
3072
3072
3072
3072
3072
3072
3072
3072
3072
3072
3072
3072
3072
3072
3072
3072
3072
3072
3072
3072
3072
3072
3072
3072
3072
3072
3072
3072
1024
1024
1024
1664
2048
2432
3072
3072
3072
3072
3072
3072
3072
3072
3072
3072
3072
3072
3072
3072
3072
3072
3072
3072
3072
3072
3072
3072
3072
3072
3072
3072
3072
3072
3072
3072
3072
3072
3072
3072
3072
3072
3072
3072
3072
3072
3072
3072
3072
3072
3072
3072
3072
3072
3072
3072
3072
3072
3072
3072
3072
3072
3072
3072
3072
3072
3072
3072
3072
3072
3072
3072
3072
3072
3072
3072
3072
3072
3072
3072
3072
3072
3072
3072
3072
3072
3072
3072
3072
3072
3072
3072
3072
3072
3072
3072
3072
3072
3072
3072
3072
3072
3072
3072
3072
3072
3072
3072
3072
3072
3072
3072
3072
3072
3072
3072
3072
3072
3072
3072
3072
3072
3072
3072
3072
3072
3072
3072
3072
3072
3072
3072
3072
3072
3072
3072
3072
3072
3072
3072
3072
3072
3072
3072
3072
3072
3072
3072
3072
3072
3072
3072
3072
3072
3072
3072
3072
3072
3072
3072
3072
3072
3072
3072
3072
3072
3072
3072
3072
3072
3072
3072
3072
3072
3072
3072
3072
3072
3072
3072
3072
3072
3072
3072
3072
3072
3072
3072
3072
3072
3072
3072
3072
3072
3072
3072
3072
3072
3072
3072
3072
3072
3072
3072
3072
3072
3072
3072
3072
3072
3072
3072
3072
3072
3072
3072
3072
3072
3072
3072
3072
3072
3072
3072
3072
3072
3072
3072
3072
3072
3072
3072
3072
3072
3072
3072
3072
3072
3072
3072
3072
3072
3072
3072
3072
3072
3072
3072
3072
3072
3072
3072
3072
3072
3072
3072
1024
1024
1024
1280
1792
2048
2304
2816
3072
3072
3072
3072
3072
3072
3072
3072
3072
3072
3072
3072
3072
3072
3072
3072
3072
3072
3072
3072
3072
3072
3072
3072
3072
3072
3072
3072
3072
3072
3072
3072
3072
3072
3072
3072
3072
3072
3072
3072
3072
3072
3072
3072
3072
3072
3072
3072
3072
3072
3072
3072
3072
3072
3072
3072
3072
3072
3072
3072
3072
3072
3072
3072
3072
3072
3072
3072
3072
3072
3072
3072
3072
3072
3072
3072
3072
3072
3072
3072
3072
3072
3072
3072
3072
3072
3072
3072
3072
3072
3072
3072
3072
3072
3072
3072
3072
3072
3072
3072
3072
3072
3072
3072
3072
3072
3072
3072
3072
3072
3072
3072
3072
3072
3072
3072
3072
3072
3072
3072
3072
3072
3072
3072
3072
3072
3072
3072
3072
3072
3072
3072
3072
3072
3072
3072
3072
3072
3072
3072
3072
3072
3072
3072
3072
3072
3072
3072
3072
3072
3072
3072
3072
3072
3072
3072
3072
3072
3072
3072
3072
3072
3072
3072
3072
3072
3072
3072
3072
3072
3072
3072
3072
3072
3072
3072
3072
3072
3072
3072
3072
3072
3072
3072
3072
3072
3072
3072
3072
3072
3072
3072
3072
3072
3072
3072
3072
3072
3072
3072
3072
3072
3072
3072
3072
3072
3072
3072
3072
3072
3072
3072
3072
3072
3072
3072
3072
3072
3072
3072
3072
3072
3072
3072
3072
3072
3072
3072
3072
3072
3072
3072
3072
3072
3072
3072
3072
3072
3072
3072
3072
3072
3072
3072
3072
3072
3072
3072
1024
1024
1024
1024
1451
1877
2048
2219
2645
3072
3072
3072
3072
3072
3072
3072
3072
3072
3072
3072
3072
3072
3072
3072
3072
3072
3072
3072
3072
3072
3072
3072
3072
3072
3072
3072
3072
3072
3072
3072
3072
3072
3072
3072
3072
3072
3072
3072
3072
3072
3072
3072
3072
3072
3072
3072
3072
3072
3072
3072
3072
3072
3072
3072
3072
3072
3072
3072
3072
3072
3072
3072
3072
3072
3072
3072
3072
3072
3072
3072
3072
3072
3072
3072
3072
3072
3072
3072
3072
3072
3072
3072
3072
3072
3072
3072
3072
3072
3072
3072
3072
3072
3072
3072
3072
3072
3072
3072
3072
3072
3072
3072
3072
3072
3072
3072
3072
3072
3072
3072
3072
3072
3072
3072
3072
3072
3072
3072
3072
3072
3072
3072
3072
3072
3072
3072
3072
3072
3072
3072
3072
3072
3072
3072
3072
3072
3072
3072
3072
3072
3072
3072
3072
3072
3072
3072
3072
3072
3072
3072
3072
3072
3072
3072
3072
3072
3072
3072
3072
3072
3072
3072
3072
3072
3072
3072
3072
3072
3072
3072
3072
3072
3072
3072
3072
3072
3072
3072
3072
3072
3072
3072
3072
3072
3072
3072
3072
3072
3072
3072
3072
3072
3072
3072
3072
3072
3072
3072
3072
3072
3072
3072
3072
3072
3072
3072
3072
3072
3072
3072
3072
3072
3072
3072
3072
3072
3072
3072
3072
3072
3072
3072
3072
3072
3072
3072
3072
3072
3072
3072
3072
3072
3072
3072
3072
3072
3072
3072
3072
3072
3072
3072
3072
3072
3072
3072
1024
1024
1024
1024
1207
1573
1938
2048
2158
2523
2889
3072
3072
3072
3072
3072
3072
3072
3072
3072
3072
3072
3072
3072
3072
3072
3072
3072
3072
3072
3072
3072
3072
3072
3072
3072
3072
3072
3072
3072
3072
3072
3072
3072
3072
3072
3072
3072
3072
3072
3072
3072
3072
3072
3072
3072
3072
3072
3072
3072
3072
3072
3072
3072
3072
3072
3072
3072
3072
3072
3072
3072
3072
3072
3072
3072
3072
3072
3072
3072
3072
3072
3072
3072
3072
3072
3072
3072
3072
3072
3072
3072
3072
3072
3072
3072
3072
3072
3072
3072
3072
3072
3072
3072
3072
3072
3072
3072
3072
3072
3072
3072
3072
3072
3072
3072
3072
3072
3072
3072
3072
3072
3072
3072
3072
3072
3072
3072
3072
3072
3072
3072
3072
3072
3072
3072
3072
3072
3072
3072
3072
3072
3072
3072
3072
3072
3072
3072
3072
3072
3072
3072
3072
3072
3072
3072
3072
3072
3072
3072
3072
3072
3072
3072
3072
3072
3072
3072
3072
3072
3072
3072
3072
3072
3072
3072
3072
3072
3072
3072
3072
3072
3072
3072
3072
3072
3072
3072
3072
3072
3072
3072
3072
3072
3072
3072
3072
3072
3072
3072
3072
3072
3072
3072
3072
3072
3072
3072
3072
3072
3072
3072
3072
3072
3072
3072
3072
3072
3072
3072
3072
3072
3072
3072
3072
3072
3072
3072
3072
3072
3072
3072
3072
3072
3072
3072
3072
3072
3072
3072
3072
3072
3072
3072
3072
3072
3072
3072
3072
3072
3072
3072
3072
3072
3072
3072
1024
1024
1024
1024
1024
1344
1664
1984
2048
2112
2432
2752
3072
3072
3072
3072
3072
3072
3072
3072
3072
3072
3072
3072
3072
3072
3072
3072
3072
3072
3072
3072
3072
3072
3072
3072
3072
3072
3072
3072
3072
3072
3072
3072
3072
3072
3072
3072
3072
3072
3072
3072
3072
3072
3072
3072
3072
3072
3072
3072
3072
3072
3072
3072
3072
3072
3072
3072
3072
3072
3072
3072
3072
3072
3072
3072
3072
3072
3072
3072
3072
3072
3072
3072
3072
3072
3072
3072
3072
3072
3072
3072
3072
3072
3072
3072
3072
3072
3072
3072
3072
3072
3072
3072
3072
3072
3072
3072
3072
3072
3072
3072
3072
3072
3072
3072
3072
3072
3072
3072
3072
3072
3072
3072
3072
3072
3072
3072
3072
3072
3072
3072
3072
3072
3072
3072
3072
3072
3072
3072
3072
3072
3072
3072
3072
3072
3072
3072
3072
3072
3072
3072
3072
3072
3072
3072
3072
3072
3072
3072
3072
3072
3072
3072
3072
3072
3072
3072
3072
3072
3072
3072
3072
3072
3072
3072
3072
3072
3072
3072
3072
3072
3072
3072
3072
3072
3072
3072
3072
3072
3072
3072
3072
3072
3072
3072
3072
3072
3072
3072
3072
3072
3072
3072
3072
3072
3072
3072
3072
3072
3072
3072
3072
3072
3072
3072
3072
3072
3072
3072
3072
3072
3072
3072
3072
3072
3072
3072
3072
3072
3072
3072
3072
3072
3072
3072
3072
3072
3072
3072
3072
3072
3072
3072
3072
3072
3072
3072
3072
3072
3072
3072
3072
3072
3072
3072
1024
1024
1024
1024
1024
1166
1451
1735
2020
2048
2076
2361
2645
2930
3072
3072
3072
3072
3072
3072
3072
3072
3072
3072
3072
3072
3072
3072
3072
3072
3072
3072
3072
3072
3072
3072
3072
3072
3072
3072
3072
3072
3072
3072
3072
3072
3072
3072
3072
3072
3072
3072
3072
3072
3072
3072
3072
3072
3072
3072
3072
3072
3072
3072
3072
3072
3072
3072
3072
3072
3072
3072
3072
3072
3072
3072
3072
3072
3072
3072
3072
3072
3072
3072
3072
3072
3072
3072
3072
3072
3072
3072
3072
3072
3072
3072
3072
3072
3072
3072
3072
3072
3072
3072
3072
3072
3072
3072
3072
3072
3072
3072
3072
3072
3072
3072
3072
3072
3072
3072
3072
3072
3072
3072
3072
3072
3072
3072
3072
3072
3072
3072
3072
3072
3072
3072
3072
3072
3072
3072
3072
3072
3072
3072
3072
3072
3072
3072
3072
3072
3072
3072
3072
3072
3072
3072
3072
3072
3072
3072
3072
3072
3072
3072
3072
3072
3072
3072
3072
3072
3072
3072
3072
3072
3072
3072
3072
3072
3072
3072
3072
3072
3072
3072
3072
3072
3072
3072
3072
3072
3072
3072
3072
3072
3072
3072
3072
3072
3072
3072
3072
3072
3072
3072
3072
3072
3072
3072
3072
3072
3072
3072
3072
3072
3072
3072
3072
3072
3072
3072
3072
3072
3072
3072
3072
3072
3072
3072
3072
3072
3072
3072
3072
3072
3072
3072
3072
3072
3072
3072
3072
3072
3072
3072
3072
3072
3072
3072
3072
3072
3072
3072
3072
3072
3072
3072
1024
1024
1024
1024
1024
1024
1280
1536
1792
2048
2048
2048
2304
2560
2816
3072
3072
3072
3072
3072
3072
3072
3072
3072
3072
3072
3072
3072
3072
3072
3072
3072
3072
3072
3072
3072
3072
3072
3072
3072
3072
3072
3072
3072
3072
3072
3072
3072
3072
3072
3072
3072
3072
3072
3072
3072
3072
3072
3072
3072
3072
3072
3072
3072
3072
3072
3072
3072
3072
3072
3072
3072
3072
3072
3072
3072
3072
3072
3072
3072
3072
3072
3072
3072
3072
3072
3072
3072
3072
3072
3072
3072
3072
3072
3072
3072
3072
3072
3072
3072
3072
3072
3072
3072
3072
3072
3072
3072
3072
3072
3072
3072
3072
3072
3072
3072
3072
3072
3072
3072
3072
3072
3072
3072
3072
3072
3072
3072
3072
3072
3072
3072
3072
3072
3072
3072
3072
3072
3072
3072
3072
3072
3072
3072
3072
3072
3072
3072
3072
3072
3072
3072
3072
3072
3072
3072
3072
3072
3072
3072
3072
3072
3072
3072
3072
3072
3072
3072
3072
3072
3072
3072
3072
3072
3072
3072
3072
3072
3072
3072
3072
3072
3072
3072
3072
3072
3072
3072
3072
3072
3072
3072
3072
3072
3072
3072
3072
3072
3072
3072
3072
3072
3072
3072
3072
3072
3072
3072
3072
3072
3072
3072
3072
3072
3072
3072
3072
3072
3072
3072
3072
3072
3072
3072
3072
3072
3072
3072
3072
3072
3072
3072
3072
3072
3072
3072
3072
3072
3072
3072
3072
3072
3072
3072
3072
3072
3072
3072
3072
3072
3072
3072
3072
3072
3072
3072
1024
1024
1024
1024
1024
1024
1140
1373
1606
1839
2048
2048
2048
2257
2490
2723
2956
3072
3072
3072
3072
3072
3072
3072
3072
3072
3072
3072
3072
3072
3072
3072
3072
3072
3072
3072
3072
3072
3072
3072
3072
3072
3072
3072
3072
3072
3072
3072
3072
3072
3072
3072
3072
3072
3072
3072
3072
3072
3072
3072
3072
3072
3072
3072
3072
3072
3072
3072
3072
3072
3072
3072
3072
3072
3072
3072
3072
3072
3072
3072
3072
3072
3072
3072
3072
3072
3072
3072
3072
3072
3072
3072
3072
3072
3072
3072
3072
3072
3072
3072
3072
3072
3072
3072
3072
3072
3072
3072
3072
3072
3072
3072
3072
3072
3072
3072
3072
3072
3072
3072
3072
3072
3072
3072
3072
3072
3072
3072
3072
3072
3072
3072
3072
3072
3072
3072
3072
3072
3072
3072
3072
3072
3072
3072
3072
3072
3072
3072
3072
3072
3072
3072
3072
3072
3072
3072
3072
3072
3072
3072
3072
3072
3072
3072
3072
3072
3072
3072
3072
3072
3072
3072
3072
3072
3072
3072
3072
3072
3072
3072
3072
3072
3072
3072
3072
3072
3072
3072
3072
3072
3072
3072
3072
3072
3072
3072
3072
3072
3072
3072
3072
3072
3072
3072
3072
3072
3072
3072
3072
3072
3072
3072
3072
3072
3072
3072
3072
3072
3072
3072
3072
3072
3072
3072
3072
3072
3072
3072
3072
3072
3072
3072
3072
3072
3072
3072
3072
3072
3072
3072
3072
3072
3072
3072
3072
3072
3072
3072
3072
3072
3072
3072
3072
3072
3072
3072
1024
1024
1024
1024
1024
1024
1024
1237
1451
1664
1877
2048
2048
2048
2219
2432
2645
2859
3072
3072
3072
3072
3072
3072
3072
3072
3072
3072
3072
3072
3072
3072
3072
3072
3072
3072
3072
3072
3072
3072
3072
3072
3072
3072
3072
3072
3072
3072
3072
3072
3072
3072
3072
3072
3072
3072
3072
3072
3072
3072
3072
3072
3072
3072
3072
3072
3072
3072
3072
3072
3072
3072
3072
3072
3072
3072
3072
3072
3072
3072
3072
3072
3072
3072
3072
3072
3072
3072
3072
3072
3072
3072
3072
3072
3072
3072
3072
3072
3072
3072
3072
3072
3072
3072
3072
3072
3072
3072
3072
3072
3072
3072
3072
3072
3072
3072
3072
3072
3072
3072
3072
3072
3072
3072
3072
3072
3072
3072
3072
3072
3072
3072
3072
3072
3072
3072
3072
3072
3072
3072
3072
3072
3072
3072
3072
3072
3072
3072
3072
3072
3072
3072
3072
3072
3072
3072
3072
3072
3072
3072
3072
3072
3072
3072
3072
3072
3072
3072
3072
3072
3072
3072
3072
3072
3072
3072
3072
3072
3072
3072
3072
3072
3072
3072
3072
3072
3072
3072
3072
3072
3072
3072
3072
3072
3072
3072
3072
3072
3072
3072
3072
3072
3072
3072
3072
3072
3072
3072
3072
3072
3072
3072
3072
3072
3072
3072
3072
3072
3072
3072
3072
3072
3072
3072
3072
3072
3072
3072
3072
3072
3072
3072
3072
3072
3072
3072
3072
3072
3072
3072
3072
3072
3072
3072
3072
3072
3072
3072
3072
3072
3072
3072
3072
3072
3072
3072
1024
1024
1024
1024
1024
1024
1024
1122
1319
1516
1713
1910
2048
2048
2048
2186
2383
2580
2777
2974
3072
3072
3072
3072
3072
3072
3072
3072
3072
3072
3072
3072
3072
3072
3072
3072
3072
3072
3072
3072
3072
3072
3072
3072
3072
3072
3072
3072
3072
3072
3072
3072
3072
3072
3072
3072
3072
3072
3072
3072
3072
3072
3072
3072
3072
3072
3072
3072
3072
3072
3072
3072
3072
3072
3072
3072
3072
3072
3072
3072
3072
3072
3072
3072
3072
3072
3072
3072
3072
3072
3072
3072
3072
3072
3072
3072
3072
3072
3072
3072
3072
3072
3072
3072
3072
3072
3072
3072
3072
3072
3072
3072
3072
3072
3072
3072
3072
3072
3072
3072
3072
3072
3072
3072
3072
3072
3072
3072
3072
3072
3072
3072
3072
3072
3072
3072
3072
3072
3072
3072
3072
3072
3072
3072
3072
3072
3072
3072
3072
3072
3072
3072
3072
3072
3072
3072
3072
3072
3072
3072
3072
3072
3072
3072
3072
3072
3072
3072
3072
3072
3072
3072
3072
3072
3072
3072
3072
3072
3072
3072
3072
3072
3072
3072
3072
3072
3072
3072
3072
3072
3072
3072
3072
3072
3072
3072
3072
3072
3072
3072
3072
3072
3072
3072
3072
3072
3072
3072
3072
3072
3072
3072
3072
3072
3072
3072
3072
3072
3072
3072
3072
3072
3072
3072
3072
3072
3072
3072
3072
3072
3072
3072
3072
3072
3072
3072
3072
3072
3072
3072
3072
3072
3072
3072
3072
3072
3072
3072
3072
3072
3072
3072
3072
3072
3072
3072
1024
1024
1024
1024
1024
1024
1024
1024
1207
1390
1573
1755
1938
2048
2048
2048
2158
2341
2523
2706
2889
3072
3072
3072
3072
3072
3072
3072
3072
3072
3072
3072
3072
3072
3072
3072
3072
3072
3072
3072
3072
3072
3072
3072
3072
3072
3072
3072
3072
3072
3072
3072
3072
3072
3072
3072
3072
3072
3072
3072
3072
3072
3072
3072
3072
3072
3072
3072
3072
3072
3072
3072
3072
3072
3072
3072
3072
3072
3072
3072
3072
3072
3072
3072
3072
3072
3072
3072
3072
3072
3072
3072
3072
3072
3072
3072
3072
3072
3072
3072
3072
3072
3072
3072
3072
3072
3072
3072
3072
3072
3072
3072
3072
3072
3072
3072
3072
3072
3072
3072
3072
3072
3072
3072
3072
3072
3072
3072
3072
3072
3072
3072
3072
3072
3072
3072
3072
3072
3072
3072
3072
3072
3072
3072
3072
3072
3072
3072
3072
3072
3072
3072
3072
3072
3072
3072
3072
3072
3072
3072
3072
3072
3072
3072
3072
3072
3072
3072
3072
3072
3072
3072
3072
3072
3072
3072
3072
3072
3072
3072
3072
3072
3072
3072
3072
3072
3072
3072
3072
3072
3072
3072
3072
3072
3072
3072
3072
3072
3072
3072
3072
3072
3072
3072
3072
3072
3072
3072
3072
3072
3072
3072
3072
3072
3072
3072
3072
3072
3072
3072
3072
3072
3072
3072
3072
3072
3072
3072
3072
3072
3072
3072
3072
3072
3072
3072
3072
3072
3072
3072
3072
3072
3072
3072
3072
3072
3072
3072
3072
3072
3072
3072
3072
3072
3072
3072
1024
1024
1024
1024
1024
1024
1024
1024
1109
1280
1451
1621
1792
1963
2048
2048
2048
2133
2304
2475
2645
2816
2987
3072
3072
3072
3072
3072
3072
3072
3072
3072
3072
3072
3072
3072
3072
3072
3072
3072
3072
3072
3072
3072
3072
3072
3072
3072
3072
3072
3072
3072
3072
3072
3072
3072
3072
3072
3072
3072
3072
3072
3072
3072
3072
3072
3072
3072
3072
3072
3072
3072
3072
3072
3072
3072
3072
3072
3072
3072
3072
3072
3072
3072
3072
3072
3072
3072
3072
3072
3072
3072
3072
3072
3072
3072
3072
3072
3072
3072
3072
3072
3072
3072
3072
3072
3072
3072
3072
3072
3072
3072
3072
3072
3072
3072
3072
3072
3072
3072
3072
3072
3072
3072
3072
3072
3072
3072
3072
3072
3072
3072
3072
3072
3072
3072
3072
3072
3072
3072
3072
3072
3072
3072
3072
3072
3072
3072
3072
3072
3072
3072
3072
3072
3072
3072
3072
3072
3072
3072
3072
3072
3072
3072
3072
3072
3072
3072
3072
3072
3072
3072
3072
3072
3072
3072
3072
3072
3072
3072
3072
3072
3072
3072
3072
3072
3072
3072
3072
3072
3072
3072
3072
3072
3072
3072
3072
3072
3072
3072
3072
3072
3072
3072
3072
3072
3072
3072
3072
3072
3072
3072
3072
3072
3072
3072
3072
3072
3072
3072
3072
3072
3072
3072
3072
3072
3072
3072
3072
3072
3072
3072
3072
3072
3072
3072
3072
3072
3072
3072
3072
3072
3072
3072
3072
3072
3072
3072
3072
3072
3072
3072
3072
3072
3072
3072
1024
1024
1024
1024
1024
1024
1024
1024
1024
1184
1344
1504
1664
1824
1984
2048
2048
2048
2112
2272
2432
2592
2752
2912
3072
3072
3072
3072
3072
3072
3072
3072
3072
3072
3072
3072
3072
3072
3072
3072
3072
3072
3072
3072
3072
3072
3072
3072
3072
3072
3072
3072
3072
3072
3072
3072
3072
3072
3072
3072
3072
3072
3072
3072
3072
3072
3072
3072
3072
3072
3072
3072
3072
3072
3072
3072
3072
3072
3072
3072
3072
3072
3072
3072
3072
3072
3072
3072
3072
3072
3072
3072
3072
3072
3072
3072
3072
3072
3072
3072
3072
3072
3072
3072
3072
3072
3072
3072
3072
3072
3072
3072
3072
3072
3072
3072
3072
3072
3072
3072
3072
3072
3072
3072
3072
3072
3072
3072
3072
3072
3072
3072
3072
3072
3072
3072
3072
3072
3072
3072
3072
3072
3072
3072
3072
3072
3072
3072
3072
3072
3072
3072
3072
3072
3072
3072
3072
3072
3072
3072
3072
3072
3072
3072
3072
3072
3072
3072
3072
3072
3072
3072
3072
3072
3072
3072
3072
3072
3072
3072
3072
3072
3072
3072
3072
3072
3072
3072
3072
3072
3072
3072
3072
3072
3072
3072
3072
3072
3072
3072
3072
3072
3072
3072
3072
3072
3072
3072
3072
3072
3072
3072
3072
3072
3072
3072
3072
3072
3072
3072
3072
3072
3072
3072
3072
3072
3072
3072
3072
3072
3072
3072
3072
3072
3072
3072
3072
3072
3072
3072
3072
3072
3072
3072
3072
3072
3072
3072
3072
3072
3072
3072
3072
3072
3072
3072
1024
1024
1024
1024
1024
1024
1024
1024
1024
1099
1250
1400
1551
1702
1852
2003
2048
2048
2048
2093
2244
2394
2545
2696
2846
2997
3072
3072
3072
3072
3072
3072
3072
3072
3072
3072
3072
3072
3072
3072
3072
3072
3072
3072
3072
3072
3072
3072
3072
3072
3072
3072
3072
3072
3072
3072
3072
3072
3072
3072
3072
3072
3072
3072
3072
3072
3072
3072
3072
3072
3072
3072
3072
3072
3072
3072
3072
3072
3072
3072
3072
3072
3072
3072
3072
3072
3072
3072
3072
3072
3072
3072
3072
3072
3072
3072
3072
3072
3072
3072
3072
3072
3072
3072
3072
3072
3072
3072
3072
3072
3072
3072
3072
3072
3072
3072
3072
3072
3072
3072
3072
3072
3072
3072
3072
3072
3072
3072
3072
3072
3072
3072
3072
3072
3072
3072
3072
3072
3072
3072
3072
3072
3072
3072
3072
3072
3072
3072
3072
3072
3072
3072
3072
3072
3072
3072
3072
3072
3072
3072
3072
3072
3072
3072
3072
3072
3072
3072
3072
3072
3072
3072
3072
3072
3072
3072
3072
3072
3072
3072
3072
3072
3072
3072
3072
3072
3072
3072
3072
3072
3072
3072
3072
3072
3072
3072
3072
3072
3072
3072
3072
3072
3072
3072
3072
3072
3072
3072
3072
3072
3072
3072
3072
3072
3072
3072
3072
3072
3072
3072
3072
3072
3072
3072
3072
3072
3072
3072
3072
3072
3072
3072
3072
3072
3072
3072
3072
3072
3072
3072
3072
3072
3072
3072
3072
3072
3072
3072
3072
3072
3072
3072
3072
3072
3072
3072
1024
1024
1024
1024
1024
1024
1024
1024
1024
1024
1166
1308
1451
1593
1735
1877
2020
2048
2048
2048
2076
2219
2361
2503
2645
2788
2930
3072
3072
3072
3072
3072
3072
3072
3072
3072
3072
3072
3072
3072
3072
3072
3072
3072
3072
3072
3072
3072
3072
3072
3072
3072
3072
3072
3072
3072
3072
3072
3072
3072
3072
3072
3072
3072
3072
3072
3072
3072
3072
3072
3072
3072
3072
3072
3072
3072
3072
3072
3072
3072
3072
3072
3072
3072
3072
3072
3072
3072
3072
3072
3072
3072
3072
3072
3072
3072
3072
3072
3072
3072
3072
3072
3072
3072
3072
3072
3072
3072
3072
3072
3072
3072
3072
3072
3072
3072
3072
3072
3072
3072
3072
3072
3072
3072
3072
3072
3072
3072
3072
3072
3072
3072
3072
3072
3072
3072
3072
3072
3072
3072
3072
3072
3072
3072
3072
3072
3072
3072
3072
3072
3072
3072
3072
3072
3072
3072
3072
3072
3072
3072
3072
3072
3072
3072
3072
3072
3072
3072
3072
3072
3072
3072
3072
3072
3072
3072
3072
3072
3072
3072
3072
3072
3072
3072
3072
3072
3072
3072
3072
3072
3072
3072
3072
3072
3072
3072
3072
3072
3072
3072
3072
3072
3072
3072
3072
3072
3072
3072
3072
3072
3072
3072
3072
3072
3072
3072
3072
3072
3072
3072
3072
3072
3072
3072
3072
3072
3072
3072
3072
3072
3072
3072
3072
3072
3072
3072
3072
3072
3072
3072
3072
3072
3072
3072
3072
3072
3072
3072
3072
3072
3072
3072
3072
3072
3072
3072
1024
1024
1024
1024
1024
1024
1024
1024
1024
1024
1091
1226
1361
1496
1630
1765
1900
2035
2048
2048
2048
2061
2196
2331
2466
2600
2735
2870
3005
3072
3072
3072
3072
3072
3072
3072
3072
3072
3072
3072
3072
3072
3072
3072
3072
3072
3072
3072
3072
3072
3072
3072
3072
3072
3072
3072
3072
3072
3072
3072
3072
3072
3072
3072
3072
3072
3072
3072
3072
3072
3072
3072
3072
3072
3072
3072
3072
3072
3072
3072
3072
3072
3072
3072
3072
3072
3072
3072
3072
3072
3072
3072
3072
3072
3072
3072
3072
3072
3072
3072
3072
3072
3072
3072
3072
3072
3072
3072
3072
3072
3072
3072
3072
3072
3072
3072
3072
3072
3072
3072
3072
3072
3072
3072
3072
3072
3072
3072
3072
3072
3072
3072
3072
3072
3072
3072
3072
3072
3072
3072
3072
3072
3072
3072
3072
3072
3072
3072
3072
3072
3072
3072
3072
3072
3072
3072
3072
3072
3072
3072
3072
3072
3072
3072
3072
3072
3072
3072
3072
3072
3072
3072
3072
3072
3072
3072
3072
3072
3072
3072
3072
3072
3072
3072
3072
3072
3072
3072
3072
3072
3072
3072
3072
3072
3072
3072
3072
3072
3072
3072
3072
3072
3072
3072
3072
3072
3072
3072
3072
3072
3072
3072
3072
3072
3072
3072
3072
3072
3072
3072
3072
3072
3072
3072
3072
3072
3072
3072
3072
3072
3072
3072
3072
3072
3072
3072
3072
3072
3072
3072
3072
3072
3072
3072
3072
3072
3072
3072
3072
3072
3072
3072
3072
3072
3072
3072
1024
1024
1024
1024
1024
1024
1024
1024
1024
1024
1024
1152
1280
1408
1536
1664
1792
1920
2048
2048
2048
2048
2048
2176
2304
2432
2560
2688
2816
2944
3072
3072
3072
3072
3072
3072
3072
3072
3072
3072
3072
3072
3072
3072
3072
3072
3072
3072
3072
3072
3072
3072
3072
3072
3072
3072
3072
3072
3072
3072
3072
3072
3072
3072
3072
3072
3072
3072
3072
3072
3072
3072
3072
3072
3072
3072
3072
3072
3072
3072
3072
3072
3072
3072
3072
3072
3072
3072
3072
3072
3072
3072
3072
3072
3072
3072
3072
3072
3072
3072
3072
3072
3072
3072
3072
3072
3072
3072
3072
3072
3072
3072
3072
3072
3072
3072
3072
3072
3072
3072
3072
3072
3072
3072
3072
3072
3072
3072
3072
3072
3072
3072
3072
3072
3072
3072
3072
3072
3072
3072
3072
3072
3072
3072
3072
3072
3072
3072
3072
3072
3072
3072
3072
3072
3072
3072
3072
3072
3072
3072
3072
3072
3072
3072
3072
3072
3072
3072
3072
3072
3072
3072
3072
3072
3072
3072
3072
3072
3072
3072
3072
3072
3072
3072
3072
3072
3072
3072
3072
3072
3072
3072
3072
3072
3072
3072
3072
3072
3072
3072
3072
3072
3072
3072
3072
3072
3072
3072
3072
3072
3072
3072
3072
3072
3072
3072
3072
3072
3072
3072
3072
3072
3072
3072
3072
3072
3072
3072
3072
3072
3072
3072
3072
3072
3072
3072
3072
3072
3072
3072
3072
3072
3072
3072
3072
3072
3072
3072
3072
3072
3072
3072
3072
3072
3072
3072
1024
1024
1024
1024
1024
1024
1024
1024
1024
1024
1024
1085
1207
1329
1451
1573
1694
1816
1938
2048
2048
2048
2048
2048
2158
2280
2402
2523
2645
2767
2889
3011
3072
3072
3072
3072
3072
3072
3072
3072
3072
3072
3072
3072
3072
3072
3072
3072
3072
3072
3072
3072
3072
3072
3072
3072
3072
3072
3072
3072
3072
3072
3072
3072
3072
3072
3072
3072
3072
3072
3072
3072
3072
3072
3072
3072
3072
3072
3072
3072
3072
3072
3072
3072
3072
3072
3072
3072
3072
3072
3072
3072
3072
3072
3072
3072
3072
3072
3072
3072
3072
3072
3072
3072
3072
3072
3072
3072
3072
3072
3072
3072
3072
3072
3072
3072
3072
3072
3072
3072
3072
3072
3072
3072
3072
3072
3072
3072
3072
3072
3072
3072
3072
3072
3072
3072
3072
3072
3072
3072
3072
3072
3072
3072
3072
3072
3072
3072
3072
3072
3072
3072
3072
3072
3072
3072
3072
3072
3072
3072
3072
3072
3072
3072
3072
3072
3072
3072
3072
3072
3072
3072
3072
3072
3072
3072
3072
3072
3072
3072
3072
3072
3072
3072
3072
3072
3072
3072
3072
3072
3072
3072
3072
3072
3072
3072
3072
3072
3072
3072
3072
3072
3072
3072
3072
3072
3072
3072
3072
3072
3072
3072
3072
3072
3072
3072
3072
3072
3072
3072
3072
3072
3072
3072
3072
3072
3072
3072
3072
3072
3072
3072
3072
3072
3072
3072
3072
3072
3072
3072
3072
3072
3072
3072
3072
3072
3072
3072
3072
3072
3072
3072
3072
3072
3072
3072
1024
1024
1024
1024
1024
1024
1024
1024
1024
1024
1024
1024
1140
1257
1373
1489
1606
1722
1839
1955
2048
2048
2048
2048
2048
2141
2257
2374
2490
2607
2723
2839
2956
3072
3072
3072
3072
3072
3072
3072
3072
3072
3072
3072
3072
3072
3072
3072
3072
3072
3072
3072
3072
3072
3072
3072
3072
3072
3072
3072
3072
3072
3072
3072
3072
3072
3072
3072
3072
3072
3072
3072
3072
3072
3072
3072
3072
3072
3072
3072
3072
3072
3072
3072
3072
3072
3072
3072
3072
3072
3072
3072
3072
3072
3072
3072
3072
3072
3072
3072
3072
3072
3072
3072
3072
3072
3072
3072
3072
3072
3072
3072
3072
3072
3072
3072
3072
3072
3072
3072
3072
3072
3072
3072
3072
3072
3072
3072
3072
3072
3072
3072
3072
3072
3072
3072
3072
3072
3072
3072
3072
3072
3072
3072
3072
3072
3072
3072
3072
3072
3072
3072
3072
3072
3072
3072
3072
3072
3072
3072
3072
3072
3072
3072
3072
3072
3072
3072
3072
3072
3072
3072
3072
3072
3072
3072
3072
3072
3072
3072
3072
3072
3072
3072
3072
3072
3072
3072
3072
3072
3072
3072
3072
3072
3072
3072
3072
3072
3072
3072
3072
3072
3072
3072
3072
3072
3072
3072
3072
3072
3072
3072
3072
3072
3072
3072
3072
3072
3072
3072
3072
3072
3072
3072
3072
3072
3072
3072
3072
3072
3072
3072
3072
3072
3072
3072
3072
3072
3072
3072
3072
3072
3072
3072
3072
3072
3072
3072
3072
3072
3072
3072
3072
3072
3072
3072
1024
1024
1024
1024
1024
1024
1024
1024
1024
1024
1024
1024
1080
1191
1302
1414
1525
1636
1747
1859
1970
2048
2048
2048
2048
2048
2126
2237
2349
2460
2571
2682
2794
2905
3016
3072
3072
3072
3072
3072
3072
3072
3072
3072
3072
3072
3072
3072
3072
3072
3072
3072
3072
3072
3072
3072
3072
3072
3072
3072
3072
3072
3072
3072
3072
3072
3072
3072
3072
3072
3072
3072
3072
3072
3072
3072
3072
3072
3072
3072
3072
3072
3072
3072
3072
3072
3072
3072
3072
3072
3072
3072
3072
3072
3072
3072
3072
3072
3072
3072
3072
3072
3072
3072
3072
3072
3072
3072
3072
3072
3072
3072
3072
3072
3072
3072
3072
3072
3072
3072
3072
3072
3072
3072
3072
3072
3072
3072
3072
3072
3072
3072
3072
3072
3072
3072
3072
3072
3072
3072
3072
3072
3072
3072
3072
3072
3072
3072
3072
3072
3072
3072
3072
3072
3072
3072
3072
3072
3072
3072
3072
3072
3072
3072
3072
3072
3072
3072
3072
3072
3072
3072
3072
3072
3072
3072
3072
3072
3072
3072
3072
3072
3072
3072
3072
3072
3072
3072
3072
3072
3072
3072
3072
3072
3072
3072
3072
3072
3072
3072
3072
3072
3072
3072
3072
3072
3072
3072
3072
3072
3072
3072
3072
3072
3072
3072
3072
3072
3072
3072
3072
3072
3072
3072
3072
3072
3072
3072
3072
3072
3072
3072
3072
3072
3072
3072
3072
3072
3072
3072
3072
3072
3072
3072
3072
3072
3072
3072
3072
3072
3072
3072
3072
3072
3072
3072
1024
1024
1024
1024
1024
1024
1024
1024
1024
1024
1024
1024
1024
1131
1237
1344
1451
1557
1664
1771
1877
1984
2048
2048
2048
2048
2048
2112
2219
2325
2432
2539
2645
2752
2859
2965
3072
3072
3072
3072
3072
3072
3072
3072
3072
3072
3072
3072
3072
3072
3072
3072
3072
3072
3072
3072
3072
3072
3072
3072
3072
3072
3072
3072
3072
3072
3072
3072
3072
3072
3072
3072
3072
3072
3072
3072
3072
3072
3072
3072
3072
3072
3072
3072
3072
3072
3072
3072
3072
3072
3072
3072
3072
3072
3072
3072
3072
3072
3072
3072
3072
3072
3072
3072
3072
3072
3072
3072
3072
3072
3072
3072
3072
3072
3072
3072
3072
3072
3072
3072
3072
3072
3072
3072
3072
3072
3072
3072
3072
3072
3072
3072
3072
3072
3072
3072
3072
3072
3072
3072
3072
3072
3072
3072
3072
3072
3072
3072
3072
3072
3072
3072
3072
3072
3072
3072
3072
3072
3072
3072
3072
3072
3072
3072
3072
3072
3072
3072
3072
3072
3072
3072
3072
3072
3072
3072
3072
3072
3072
3072
3072
3072
3072
3072
3072
3072
3072
3072
3072
3072
3072
3072
3072
3072
3072
3072
3072
3072
3072
3072
3072
3072
3072
3072
3072
3072
3072
3072
3072
3072
3072
3072
3072
3072
3072
3072
3072
3072
3072
3072
3072
3072
3072
3072
3072
3072
3072
3072
3072
3072
3072
3072
3072
3072
3072
3072
3072
3072
3072
3072
3072
3072
3072
3072
3072
3072
3072
3072
3072
3072
3072
3072
3072
3072
3072
3072
1024
1024
1024
1024
1024
1024
1024
1024
1024
1024
1024
1024
1024
1075
1178
1280
1382
1485
1587
1690
1792
1894
1997
2048
2048
2048
2048
2048
2099
2202
2304
2406
2509
2611
2714
2816
2918
3021
3072
3072
3072
3072
3072
3072
3072
3072
3072
3072
3072
3072
3072
3072
3072
3072
3072
3072
3072
3072
3072
3072
3072
3072
3072
3072
3072
3072
3072
3072
3072
3072
3072
3072
3072
3072
3072
3072
3072
3072
3072
3072
3072
3072
3072
3072
3072
3072
3072
3072
3072
3072
3072
3072
3072
3072
3072
3072
3072
3072
3072
3072
3072
3072
3072
3072
3072
3072
3072
3072
3072
3072
3072
3072
3072
3072
3072
3072
3072
3072
3072
3072
3072
3072
3072
3072
3072
3072
3072
3072
3072
3072
3072
3072
3072
3072
3072
3072
3072
3072
3072
3072
3072
3072
3072
3072
3072
3072
3072
3072
3072
3072
3072
3072
3072
3072
3072
3072
3072
3072
3072
3072
3072
3072
3072
3072
3072
3072
3072
3072
3072
3072
3072
3072
3072
3072
3072
3072
3072
3072
3072
3072
3072
3072
3072
3072
3072
3072
3072
3072
3072
3072
3072
3072
3072
3072
3072
3072
3072
3072
3072
3072
3072
3072
3072
3072
3072
3072
3072
3072
3072
3072
3072
3072
3072
3072
3072
3072
3072
3072
3072
3072
3072
3072
3072
3072
3072
3072
3072
3072
3072
3072
3072
3072
3072
3072
3072
3072
3072
3072
3072
3072
3072
3072
3072
3072
3072
3072
3072
3072
3072
3072
3072
3072
3072
3072
3072
3072
1024
1024
1024
1024
1024
1024
1024
1024
1024
1024
1024
1024
1024
1024
1122
1221
1319
1418
1516
1615
1713
1812
1910
2009
2048
2048
2048
2048
2048
2087
2186
2284
2383
2481
2580
2678
2777
2875
2974
3072
3072
3072
3072
3072
3072
3072
3072
3072
3072
3072
3072
3072
3072
3072
3072
3072
3072
3072
3072
3072
3072
3072
3072
3072
3072
3072
3072
3072
3072
3072
3072
3072
3072
3072
3072
3072
3072
3072
3072
3072
3072
3072
3072
3072
3072
3072
3072
3072
3072
3072
3072
3072
3072
3072
3072
3072
3072
3072
3072
3072
3072
3072
3072
3072
3072
3072
3072
3072
3072
3072
3072
3072
3072
3072
3072
3072
3072
3072
3072
3072
3072
3072
3072
3072
3072
3072
3072
3072
3072
3072
3072
3072
3072
3072
3072
3072
3072
3072
3072
3072
3072
3072
3072
3072
3072
3072
3072
3072
3072
3072
3072
3072
3072
3072
3072
3072
3072
3072
3072
3072
3072
3072
3072
3072
3072
3072
3072
3072
3072
3072
3072
3072
3072
3072
3072
3072
3072
3072
3072
3072
3072
3072
3072
3072
3072
3072
3072
3072
3072
3072
3072
3072
3072
3072
3072
3072
3072
3072
3072
3072
3072
3072
3072
3072
3072
3072
3072
3072
3072
3072
3072
3072
3072
3072
3072
3072
3072
3072
3072
3072
3072
3072
3072
3072
3072
3072
3072
3072
3072
3072
3072
3072
3072
3072
3072
3072
3072
3072
3072
3072
3072
3072
3072
3072
3072
3072
3072
3072
3072
3072
3072
3072
3072
3072
3072
3072
1024
1024
1024
1024
1024
1024
1024
1024
1024
1024
1024
1024
1024
1024
1071
1166
1261
1356
1451
1545
1640
1735
1830
1925
2020
2048
2048
2048
2048
2048
2076
2171
2266
2361
2456
2551
2645
2740
2835
2930
3025
3072
3072
3072
3072
3072
3072
3072
3072
3072
3072
3072
3072
3072
3072
3072
3072
3072
3072
3072
3072
3072
3072
3072
3072
3072
3072
3072
3072
3072
3072
3072
3072
3072
3072
3072
3072
3072
3072
3072
3072
3072
3072
3072
3072
3072
3072
3072
3072
3072
3072
3072
3072
3072
3072
3072
3072
3072
3072
3072
3072
3072
3072
3072
3072
3072
3072
3072
3072
3072
3072
3072
3072
3072
3072
3072
3072
3072
3072
3072
3072
3072
3072
3072
3072
3072
3072
3072
3072
3072
3072
3072
3072
3072
3072
3072
3072
3072
3072
3072
3072
3072
3072
3072
3072
3072
3072
3072
3072
3072
3072
3072
3072
3072
3072
3072
3072
3072
3072
3072
3072
3072
3072
3072
3072
3072
3072
3072
3072
3072
3072
3072
3072
3072
3072
3072
3072
3072
3072
3072
3072
3072
3072
3072
3072
3072
3072
3072
3072
3072
3072
3072
3072
3072
3072
3072
3072
3072
3072
3072
3072
3072
3072
3072
3072
3072
3072
3072
3072
3072
3072
3072
3072
3072
3072
3072
3072
3072
3072
3072
3072
3072
3072
3072
3072
3072
3072
3072
3072
3072
3072
3072
3072
3072
3072
3072
3072
3072
3072
3072
3072
3072
3072
3072
3072
3072
3072
3072
3072
3072
3072
3072
3072
3072
3072
3072
1024
1024
1024
1024
1024
1024
1024
1024
1024
1024
1024
1024
1024
1024
1024
1115
1207
1298
1390
1481
1573
1664
1755
1847
1938
2030
2048
2048
2048
2048
2048
2066
2158
2249
2341
2432
2523
2615
2706
2798
2889
2981
3072
3072
3072
3072
3072
3072
3072
3072
3072
3072
3072
3072
3072
3072
3072
3072
3072
3072
3072
3072
3072
3072
3072
3072
3072
3072
3072
3072
3072
3072
3072
3072
3072
3072
3072
3072
3072
3072
3072
3072
3072
3072
3072
3072
3072
3072
3072
3072
3072
3072
3072
3072
3072
3072
3072
3072
3072
3072
3072
3072
3072
3072
3072
3072
3072
3072
3072
3072
3072
3072
3072
3072
3072
3072
3072
3072
3072
3072
3072
3072
3072
3072
3072
3072
3072
3072
3072
3072
3072
3072
3072
3072
3072
3072
3072
3072
3072
3072
3072
3072
3072
3072
3072
3072
3072
3072
3072
3072
3072
3072
3072
3072
3072
3072
3072
3072
3072
3072
3072
3072
3072
3072
3072
3072
3072
3072
3072
3072
3072
3072
3072
3072
3072
3072
3072
3072
3072
3072
3072
3072
3072
3072
3072
3072
3072
3072
3072
3072
3072
3072
3072
3072
3072
3072
3072
3072
3072
3072
3072
3072
3072
3072
3072
3072
3072
3072
3072
3072
3072
3072
3072
3072
3072
3072
3072
3072
3072
3072
3072
3072
3072
3072
3072
3072
3072
3072
3072
3072
3072
3072
3072
3072
3072
3072
3072
3072
3072
3072
3072
3072
3072
3072
3072
3072
3072
3072
3072
3072
3072
3072
3072
3072
3072
3072
1024
1024
1024
1024
1024
1024
1024
1024
1024
1024
1024
1024
1024
1024
1024
1068
1156
1245
1333
1421
1510
1598
1686
1774
1863
1951
2039
2048
2048
2048
2048
2048
2057
2145
2233
2322
2410
2498
2586
2675
2763
2851
2940
3028
3072
3072
3072
3072
3072
3072
3072
3072
3072
3072
3072
3072
3072
3072
3072
3072
3072
3072
3072
3072
3072
3072
3072
3072
3072
3072
3072
3072
3072
3072
3072
3072
3072
3072
3072
3072
3072
3072
3072
3072
3072
3072
3072
3072
3072
3072
3072
3072
3072
3072
3072
3072
3072
3072
3072
3072
3072
3072
3072
3072
3072
3072
3072
3072
3072
3072
3072
3072
3072
3072
3072
3072
3072
3072
3072
3072
3072
3072
3072
3072
3072
3072
3072
3072
3072
3072
3072
3072
3072
3072
3072
3072
3072
3072
3072
3072
3072
3072
3072
3072
3072
3072
3072
3072
3072
3072
3072
3072
3072
3072
3072
3072
3072
3072
3072
3072
3072
3072
3072
3072
3072
3072
3072
3072
3072
3072
3072
3072
3072
3072
3072
3072
3072
3072
3072
3072
3072
3072
3072
3072
3072
3072
3072
3072
3072
3072
3072
3072
3072
3072
3072
3072
3072
3072
3072
3072
3072
3072
3072
3072
3072
3072
3072
3072
3072
3072
3072
3072
3072
3072
3072
3072
3072
3072
3072
3072
3072
3072
3072
3072
3072
3072
3072
3072
3072
3072
3072
3072
3072
3072
3072
3072
3072
3072
3072
3072
3072
3072
3072
3072
3072
3072
3072
3072
3072
3072
3072
3072
3072
3072
3072
3072
1024
1024
1024
1024
1024
1024
1024
1024
1024
1024
1024
1024
1024
1024
1024
1024
1109
1195
1280
1365
1451
1536
1621
1707
1792
1877
1963
2048
2048
2048
2048
2048
2048
2048
2133
2219
2304
2389
2475
2560
2645
2731
2816
2901
2987
3072
3072
3072
3072
3072
3072
3072
3072
3072
3072
3072
3072
3072
3072
3072
3072
3072
3072
3072
3072
3072
3072
3072
3072
3072
3072
3072
3072
3072
3072
3072
3072
3072
3072
3072
3072
3072
3072
3072
3072
3072
3072
3072
3072
3072
3072
3072
3072
3072
3072
3072
3072
3072
3072
3072
3072
3072
3072
3072
3072
3072
3072
3072
3072
3072
3072
3072
3072
3072
3072
3072
3072
3072
3072
3072
3072
3072
3072
3072
3072
3072
3072
3072
3072
3072
3072
3072
3072
3072
3072
3072
3072
3072
3072
3072
3072
3072
3072
3072
3072
3072
3072
3072
3072
3072
3072
3072
3072
3072
3072
3072
3072
3072
3072
3072
3072
3072
3072
3072
3072
3072
3072
3072
3072
3072
3072
3072
3072
3072
3072
3072
3072
3072
3072
3072
3072
3072
3072
3072
3072
3072
3072
3072
3072
3072
3072
3072
3072
3072
3072
3072
3072
3072
3072
3072
3072
3072
3072
3072
3072
3072
3072
3072
3072
3072
3072
3072
3072
3072
3072
3072
3072
3072
3072
3072
3072
3072
3072
3072
3072
3072
3072
3072
3072
3072
3072
3072
3072
3072
3072
3072
3072
3072
3072
3072
3072
3072
3072
3072
3072
3072
3072
3072
3072
3072
3072
3072
3072
3072
3072
3072
1024
1024
1024
1024
1024
1024
1024
1024
1024
1024
1024
1024
1024
1024
1024
1024
1065
1148
1230
1313
1396
1478
1561
1643
1726
1809
1891
1974
2048
2048
2048
2048
2048
2048
2048
2122
2205
2287
2370
2453
2535
2618
2700
2783
2866
2948
3031
3072
3072
3072
3072
3072
3072
3072
3072
3072
3072
3072
3072
3072
3072
3072
3072
3072
3072
3072
3072
3072
3072
3072
3072
3072
3072
3072
3072
3072
3072
3072
3072
3072
3072
3072
3072
3072
3072
3072
3072
3072
3072
3072
3072
3072
3072
3072
3072
3072
3072
3072
3072
3072
3072
3072
3072
3072
3072
3072
3072
3072
3072
3072
3072
3072
3072
3072
3072
3072
3072
3072
3072
3072
3072
3072
3072
3072
3072
3072
3072
3072
3072
3072
3072
3072
3072
3072
3072
3072
3072
3072
3072
3072
3072
3072
3072
3072
3072
3072
3072
3072
3072
3072
3072
3072
3072
3072
3072
3072
3072
3072
3072
3072
3072
3072
3072
3072
3072
3072
3072
3072
3072
3072
3072
3072
3072
3072
3072
3072
3072
3072
3072
3072
3072
3072
3072
3072
3072
3072
3072
3072
3072
3072
3072
3072
3072
3072
3072
3072
3072
3072
3072
3072
3072
3072
3072
3072
3072
3072
3072
3072
3072
3072
3072
3072
3072
3072
3072
3072
3072
3072
3072
3072
3072
3072
3072
3072
3072
3072
3072
3072
3072
3072
3072
3072
3072
3072
3072
3072
3072
3072
3072
3072
3072
3072
3072
3072
3072
3072
3072
3072
3072
3072
3072
3072
3072
3072
3072
3072
1024
1024
1024
1024
1024
1024
1024
1024
1024
1024
1024
1024
1024
1024
1024
1024
1024
1104
1184
1264
1344
1424
1504
1584
1664
1744
1824
1904
1984
2048
2048
2048
2048
2048
2048
2048
2112
2192
2272
2352
2432
2512
2592
2672
2752
2832
2912
2992
3072
3072
3072
3072
3072
3072
3072
3072
3072
3072
3072
3072
3072
3072
3072
3072
3072
3072
3072
3072
3072
3072
3072
3072
3072
3072
3072
3072
3072
3072
3072
3072
3072
3072
3072
3072
3072
3072
3072
3072
3072
3072
3072
3072
3072
3072
3072
3072
3072
3072
3072
3072
3072
3072
3072
3072
3072
3072
3072
3072
3072
3072
3072
3072
3072
3072
3072
3072
3072
3072
3072
3072
3072
3072
3072
3072
3072
3072
3072
3072
3072
3072
3072
3072
3072
3072
3072
3072
3072
3072
3072
3072
3072
3072
3072
3072
3072
3072
3072
3072
3072
3072
3072
3072
3072
3072
3072
3072
3072
3072
3072
3072
3072
3072
3072
3072
3072
3072
3072
3072
3072
3072
3072
3072
3072
3072
3072
3072
3072
3072
3072
3072
3072
3072
3072
3072
3072
3072
3072
3072
3072
3072
3072
3072
3072
3072
3072
3072
3072
3072
3072
3072
3072
3072
3072
3072
3072
3072
3072
3072
3072
3072
3072
3072
3072
3072
3072
3072
3072
3072
3072
3072
3072
3072
3072
3072
3072
3072
3072
3072
3072
3072
3072
3072
3072
3072
3072
3072
3072
3072
3072
3072
3072
3072
3072
3072
3072
3072
3072
3072
3072
3072
3072
3072
3072
3072
3072
3072
1024
1024
1024
1024
1024
1024
1024
1024
1024
1024
1024
1024
1024
1024
1024
1024
1024
1063
1140
1218
1296
1373
1451
1528
1606
1683
1761
1839
1916
1994
2048
2048
2048
2048
2048
2048
2048
2102
2180
2257
2335
2413
2490
2568
2645
2723
2800
2878
2956
3033
3072
3072
3072
3072
3072
3072
3072
3072
3072
3072
3072
3072
3072
3072
3072
3072
3072
3072
3072
3072
3072
3072
3072
3072
3072
3072
3072
3072
3072
3072
3072
3072
3072
3072
3072
3072
3072
3072
3072
3072
3072
3072
3072
3072
3072
3072
3072
3072
3072
3072
3072
3072
3072
3072
3072
3072
3072
3072
3072
3072
3072
3072
3072
3072
3072
3072
3072
3072
3072
3072
3072
3072
3072
3072
3072
3072
3072
3072
3072
3072
3072
3072
3072
3072
3072
3072
3072
3072
3072
3072
3072
3072
3072
3072
3072
3072
3072
3072
3072
3072
3072
3072
3072
3072
3072
3072
3072
3072
3072
3072
3072
3072
3072
3072
3072
3072
3072
3072
3072
3072
3072
3072
3072
3072
3072
3072
3072
3072
3072
3072
3072
3072
3072
3072
3072
3072
3072
3072
3072
3072
3072
3072
3072
3072
3072
3072
3072
3072
3072
3072
3072
3072
3072
3072
3072
3072
3072
3072
3072
3072
3072
3072
3072
3072
3072
3072
3072
3072
3072
3072
3072
3072
3072
3072
3072
3072
3072
3072
3072
3072
3072
3072
3072
3072
3072
3072
3072
3072
3072
3072
3072
3072
3072
3072
3072
3072
3072
3072
3072
3072
3072
3072
3072
3072
3072
3072
1024
1024
1024
1024
1024
1024
1024
1024
1024
1024
1024
1024
1024
1024
1024
1024
1024
1024
1099
1175
1250
1325
1400
1476
1551
1626
1702
1777
1852
1928
2003
2048
2048
2048
2048
2048
2048
2048
2093
2168
2244
2319
2394
2470
2545
2620
2696
2771
2846
2921
2997
3072
3072
3072
3072
3072
3072
3072
3072
3072
3072
3072
3072
3072
3072
3072
3072
3072
3072
3072
3072
3072
3072
3072
3072
3072
3072
3072
3072
3072
3072
3072
3072
3072
3072
3072
3072
3072
3072
3072
3072
3072
3072
3072
3072
3072
3072
3072
3072
3072
3072
3072
3072
3072
3072
3072
3072
3072
3072
3072
3072
3072
3072
3072
3072
3072
3072
3072
3072
3072
3072
3072
3072
3072
3072
3072
3072
3072
3072
3072
3072
3072
3072
3072
3072
3072
3072
3072
3072
3072
3072
3072
3072
3072
3072
3072
3072
3072
3072
3072
3072
3072
3072
3072
3072
3072
3072
3072
3072
3072
3072
3072
3072
3072
3072
3072
3072
3072
3072
3072
3072
3072
3072
3072
3072
3072
3072
3072
3072
3072
3072
3072
3072
3072
3072
3072
3072
3072
3072
3072
3072
3072
3072
3072
3072
3072
3072
3072
3072
3072
3072
3072
3072
3072
3072
3072
3072
3072
3072
3072
3072
3072
3072
3072
3072
3072
3072
3072
3072
3072
3072
3072
3072
3072
3072
3072
3072
3072
3072
3072
3072
3072
3072
3072
3072
3072
3072
3072
3072
3072
3072
3072
3072
3072
3072
3072
3072
3072
3072
3072
3072
3072
3072
3072
3072
3072
1024
1024
1024
1024
1024
1024
1024
1024
1024
1024
1024
1024
1024
1024
1024
1024
1024
1024
1061
1134
1207
1280
1353
1426
1499
1573
1646
1719
1792
1865
1938
2011
2048
2048
2048
2048
2048
2048
2048
2085
2158
2231
2304
2377
2450
2523
2597
2670
2743
2816
2889
2962
3035
3072
3072
3072
3072
3072
3072
3072
3072
3072
3072
3072
3072
3072
3072
3072
3072
3072
3072
3072
3072
3072
3072
3072
3072
3072
3072
3072
3072
3072
3072
3072
3072
3072
3072
3072
3072
3072
3072
3072
3072
3072
3072
3072
3072
3072
3072
3072
3072
3072
3072
3072
3072
3072
3072
3072
3072
3072
3072
3072
3072
3072
3072
3072
3072
3072
3072
3072
3072
3072
3072
3072
3072
3072
3072
3072
3072
3072
3072
3072
3072
3072
3072
3072
3072
3072
3072
3072
3072
3072
3072
3072
3072
3072
3072
3072
3072
3072
3072
3072
3072
3072
3072
3072
3072
3072
3072
3072
3072
3072
3072
3072
3072
3072
3072
3072
3072
3072
3072
3072
3072
3072
3072
3072
3072
3072
3072
3072
3072
3072
3072
3072
3072
3072
3072
3072
3072
3072
3072
3072
3072
3072
3072
3072
3072
3072
3072
3072
3072
3072
3072
3072
3072
3072
3072
3072
3072
3072
3072
3072
3072
3072
3072
3072
3072
3072
3072
3072
3072
3072
3072
3072
3072
3072
3072
3072
3072
3072
3072
3072
3072
3072
3072
3072
3072
3072
3072
3072
3072
3072
3072
3072
3072
3072
3072
3072
3072
3072
3072
3072
3072
3072
3072
3072
1024
1024
1024
1024
1024
1024
1024
1024
1024
1024
1024
1024
1024
1024
1024
1024
1024
1024
1024
1095
1166
1237
1308
1380
1451
1522
1593
1664
1735
1806
1877
1948
2020
2048
2048
2048
2048
2048
2048
2048
2076
2148
2219
2290
2361
2432
2503
2574
2645
2716
2788
2859
2930
3001
3072
3072
3072
3072
3072
3072
3072
3072
3072
3072
3072
3072
3072
3072
3072
3072
3072
3072
3072
3072
3072
3072
3072
3072
3072
3072
3072
3072
3072
3072
3072
3072
3072
3072
3072
3072
3072
3072
3072
3072
3072
3072
3072
3072
3072
3072
3072
3072
3072
3072
3072
3072
3072
3072
3072
3072
3072
3072
3072
3072
3072
3072
3072
3072
3072
3072
3072
3072
3072
3072
3072
3072
3072
3072
3072
3072
3072
3072
3072
3072
3072
3072
3072
3072
3072
3072
3072
3072
3072
3072
3072
3072
3072
3072
3072
3072
3072
3072
3072
3072
3072
3072
3072
3072
3072
3072
3072
3072
3072
3072
3072
3072
3072
3072
3072
3072
3072
3072
3072
3072
3072
3072
3072
3072
3072
3072
3072
3072
3072
3072
3072
3072
3072
3072
3072
3072
3072
3072
3072
3072
3072
3072
3072
3072
3072
3072
3072
3072
3072
3072
3072
3072
3072
3072
3072
3072
3072
3072
3072
3072
3072
3072
3072
3072
3072
3072
3072
3072
3072
3072
3072
3072
3072
3072
3072
3072
3072
3072
3072
3072
3072
3072
3072
3072
3072
3072
3072
3072
3072
3072
3072
3072
3072
3072
3072
3072
3072
3072
3072
3072
3072
3072
1024
1024
1024
1024
1024
1024
1024
1024
1024
1024
1024
1024
1024
1024
1024
1024
1024
1024
1024
1059
1128
1197
1266
1335
1405
1474
1543
1612
1681
1750
1820
1889
1958
2027
2048
2048
2048
2048
2048
2048
2048
2069
2138
2207
2276
2346
2415
2484
2553
2622
2691
2761
2830
2899
2968
3037
3072
3072
3072
3072
3072
3072
3072
3072
3072
3072
3072
3072
3072
3072
3072
3072
3072
3072
3072
3072
3072
3072
3072
3072
3072
3072
3072
3072
3072
3072
3072
3072
3072
3072
3072
3072
3072
3072
3072
3072
3072
3072
3072
3072
3072
3072
3072
3072
3072
3072
3072
3072
3072
3072
3072
3072
3072
3072
3072
3072
3072
3072
3072
3072
3072
3072
3072
3072
3072
3072
3072
3072
3072
3072
3072
3072
3072
3072
3072
3072
3072
3072
3072
3072
3072
3072
3072
3072
3072
3072
3072
3072
3072
3072
3072
3072
3072
3072
3072
3072
3072
3072
3072
3072
3072
3072
3072
3072
3072
3072
3072
3072
3072
3072
3072
3072
3072
3072
3072
3072
3072
3072
3072
3072
3072
3072
3072
3072
3072
3072
3072
3072
3072
3072
3072
3072
3072
3072
3072
3072
3072
3072
3072
3072
3072
3072
3072
3072
3072
3072
3072
3072
3072
3072
3072
3072
3072
3072
3072
3072
3072
3072
3072
3072
3072
3072
3072
3072
3072
3072
3072
3072
3072
3072
3072
3072
3072
3072
3072
3072
3072
3072
3072
3072
3072
3072
3072
3072
3072
3072
3072
3072
3072
3072
3072
3072
3072
3072
3072
3072
1024
1024
1024
1024
1024
1024
1024
1024
1024
1024
1024
1024
1024
1024
1024
1024
1024
1024
1024
1024
1091
1159
1226
1293
1361
1428
1496
1563
1630
1698
1765
1832
1900
1967
2035
2048
2048
2048
2048
2048
2048
2048
2061
2129
2196
2264
2331
2398
2466
2533
2600
2668
2735
2803
2870
2937
3005
3072
3072
3072
3072
3072
3072
3072
3072
3072
3072
3072
3072
3072
3072
3072
3072
3072
3072
3072
3072
3072
3072
3072
3072
3072
3072
3072
3072
3072
3072
3072
3072
3072
3072
3072
3072
3072
3072
3072
3072
3072
3072
3072
3072
3072
3072
3072
3072
3072
3072
3072
3072
3072
3072
3072
3072
3072
3072
3072
3072
3072
3072
3072
3072
3072
3072
3072
3072
3072
3072
3072
3072
3072
3072
3072
3072
3072
3072
3072
3072
3072
3072
3072
3072
3072
3072
3072
3072
3072
3072
3072
3072
3072
3072
3072
3072
3072
3072
3072
3072
3072
3072
3072
3072
3072
3072
3072
3072
3072
3072
3072
3072
3072
3072
3072
3072
3072
3072
3072
3072
3072
3072
3072
3072
3072
3072
3072
3072
3072
3072
3072
3072
3072
3072
3072
3072
3072
3072
3072
3072
3072
3072
3072
3072
3072
3072
3072
3072
3072
3072
3072
3072
3072
3072
3072
3072
3072
3072
3072
3072
3072
3072
3072
3072
3072
3072
3072
3072
3072
3072
3072
3072
3072
3072
3072
3072
3072
3072
3072
3072
3072
3072
3072
3072
3072
3072
3072
3072
3072
3072
3072
3072
3072
3072
3072
3072
3072
3072
3072
1024
1024
1024
1024
1024
1024
1024
1024
1024
1024
1024
1024
1024
1024
1024
1024
1024
1024
1024
1024
1057
1122
1188
1254
1319
1385
1451
1516
1582
1648
1713
1779
1845
1910
1976
2041
2048
2048
2048
2048
2048
2048
2048
2055
2120
2186
2251
2317
2383
2448
2514
2580
2645
2711
2777
2842
2908
2974
3039
3072
3072
3072
3072
3072
3072
3072
3072
3072
3072
3072
3072
3072
3072
3072
3072
3072
3072
3072
3072
3072
3072
3072
3072
3072
3072
3072
3072
3072
3072
3072
3072
3072
3072
3072
3072
3072
3072
3072
3072
3072
3072
3072
3072
3072
3072
3072
3072
3072
3072
3072
3072
3072
3072
3072
3072
3072
3072
3072
3072
3072
3072
3072
3072
3072
3072
3072
3072
3072
3072
3072
3072
3072
3072
3072
3072
3072
3072
3072
3072
3072
3072
3072
3072
3072
3072
3072
3072
3072
3072
3072
3072
3072
3072
3072
3072
3072
3072
3072
3072
3072
3072
3072
3072
3072
3072
3072
3072
3072
3072
3072
3072
3072
3072
3072
3072
3072
3072
3072
3072
3072
3072
3072
3072
3072
3072
3072
3072
3072
3072
3072
3072
3072
3072
3072
3072
3072
3072
3072
3072
3072
3072
3072
3072
3072
3072
3072
3072
3072
3072
3072
3072
3072
3072
3072
3072
3072
3072
3072
3072
3072
3072
3072
3072
3072
3072
3072
3072
3072
3072
3072
3072
3072
3072
3072
3072
3072
3072
3072
3072
3072
3072
3072
3072
3072
3072
3072
3072
3072
3072
3072
3072
3072
3072
3072
3072
3072
1024
1024
1024
1024
1024
1024
1024
1024
1024
1024
1024
1024
1024
1024
1024
1024
1024
1024
1024
1024
1024
1088
1152
1216
1280
1344
1408
1472
1536
1600
1664
1728
1792
1856
1920
1984
2048
2048
2048
2048
2048
2048
2048
2048
2048
2112
2176
2240
2304
2368
2432
2496
2560
2624
2688
2752
2816
2880
2944
3008
3072
3072
3072
3072
3072
3072
3072
3072
3072
3072
3072
3072
3072
3072
3072
3072
3072
3072
3072
3072
3072
3072
3072
3072
3072
3072
3072
3072
3072
3072
3072
3072
3072
3072
3072
3072
3072
3072
3072
3072
3072
3072
3072
3072
3072
3072
3072
3072
3072
3072
3072
3072
3072
3072
3072
3072
3072
3072
3072
3072
3072
3072
3072
3072
3072
3072
3072
3072
3072
3072
3072
3072
3072
3072
3072
3072
3072
3072
3072
3072
3072
3072
3072
3072
3072
3072
3072
3072
3072
3072
3072
3072
3072
3072
3072
3072
3072
3072
3072
3072
3072
3072
3072
3072
3072
3072
3072
3072
3072
3072
3072
3072
3072
3072
3072
3072
3072
3072
3072
3072
3072
3072
3072
3072
3072
3072
3072
3072
3072
3072
3072
3072
3072
3072
3072
3072
3072
3072
3072
3072
3072
3072
3072
3072
3072
3072
3072
3072
3072
3072
3072
3072
3072
3072
3072
3072
3072
3072
3072
3072
3072
3072
3072
3072
3072
3072
3072
3072
3072
3072
3072
3072
3072
3072
3072
3072
3072
3072
3072
3072
3072
3072
3072
3072
3072
3072
3072
3072
3072
3072
3072
3072
3072
3072
3072
3072
1024
1024
1024
1024
1024
1024
1024
1024
1024
1024
1024
1024
1024
1024
1024
1024
1024
1024
1024
1024
1024
1055
1118
1180
1243
1305
1367
1430
1492
1555
1617
1680
1742
1804
1867
1929
1992
2048
2048
2048
2048
2048
2048
2048
2048
2048
2104
2167
2229
2292
2354
2416
2479
2541
2604
2666
2729
2791
2853
2916
2978
3041
3072
3072
3072
3072
3072
3072
3072
3072
3072
3072
3072
3072
3072
3072
3072
3072
3072
3072
3072
3072
3072
3072
3072
3072
3072
3072
3072
3072
3072
3072
3072
3072
3072
3072
3072
3072
3072
3072
3072
3072
3072
3072
3072
3072
3072
3072
3072
3072
3072
3072
3072
3072
3072
3072
3072
3072
3072
3072
3072
3072
3072
3072
3072
3072
3072
3072
3072
3072
3072
3072
3072
3072
3072
3072
3072
3072
3072
3072
3072
3072
3072
3072
3072
3072
3072
3072
3072
3072
3072
3072
3072
3072
3072
3072
3072
3072
3072
3072
3072
3072
3072
3072
3072
3072
3072
3072
3072
3072
3072
3072
3072
3072
3072
3072
3072
3072
3072
3072
3072
3072
3072
3072
3072
3072
3072
3072
3072
3072
3072
3072
3072
3072
3072
3072
3072
3072
3072
3072
3072
3072
3072
3072
3072
3072
3072
3072
3072
3072
3072
3072
3072
3072
3072
3072
3072
3072
3072
3072
3072
3072
3072
3072
3072
3072
3072
3072
3072
3072
3072
3072
3072
3072
3072
3072
3072
3072
3072
3072
3072
3072
3072
3072
3072
3072
3072
3072
3072
3072
3072
3072
3072
3072
3072
3072
1024
1024
1024
1024
1024
1024
1024
1024
1024
1024
1024
1024
1024
1024
1024
1024
1024
1024
1024
1024
1024
1024
1085
1146
1207
1268
1329
1390
1451
1512
1573
1634
1694
1755
1816
1877
1938
1999
2048
2048
2048
2048
2048
2048
2048
2048
2048
2097
2158
2219
2280
2341
2402
2462
2523
2584
2645
2706
2767
2828
2889
2950
3011
3072
3072
3072
3072
3072
3072
3072
3072
3072
3072
3072
3072
3072
3072
3072
3072
3072
3072
3072
3072
3072
3072
3072
3072
3072
3072
3072
3072
3072
3072
3072
3072
3072
3072
3072
3072
3072
3072
3072
3072
3072
3072
3072
3072
3072
3072
3072
3072
3072
3072
3072
3072
3072
3072
3072
3072
3072
3072
3072
3072
3072
3072
3072
3072
3072
3072
3072
3072
3072
3072
3072
3072
3072
3072
3072
3072
3072
3072
3072
3072
3072
3072
3072
3072
3072
3072
3072
3072
3072
3072
3072
3072
3072
3072
3072
3072
3072
3072
3072
3072
3072
3072
3072
3072
3072
3072
3072
3072
3072
3072
3072
3072
3072
3072
3072
3072
3072
3072
3072
3072
3072
3072
3072
3072
3072
3072
3072
3072
3072
3072
3072
3072
3072
3072
3072
3072
3072
3072
3072
3072
3072
3072
3072
3072
3072
3072
3072
3072
3072
3072
3072
3072
3072
3072
3072
3072
3072
3072
3072
3072
3072
3072
3072
3072
3072
3072
3072
3072
3072
3072
3072
3072
3072
3072
3072
3072
3072
3072
3072
3072
3072
3072
3072
3072
3072
3072
3072
3072
3072
3072
3072
3072
3072
1024
1024
1024
1024
1024
1024
1024
1024
1024
1024
1024
1024
1024
1024
1024
1024
1024
1024
1024
1024
1024
1024
1054
1113
1173
1232
1292
1351
1411
1471
1530
1590
1649
1709
1768
1828
1887
1947
2006
2048
2048
2048
2048
2048
2048
2048
2048
2048
2090
2149
2209
2268
2328
2387
2447
2506
2566
2625
2685
2745
2804
2864
2923
2983
3042
3072
3072
3072
3072
3072
3072
3072
3072
3072
3072
3072
3072
3072
3072
3072
3072
3072
3072
3072
3072
3072
3072
3072
3072
3072
3072
3072
3072
3072
3072
3072
3072
3072
3072
3072
3072
3072
3072
3072
3072
3072
3072
3072
3072
3072
3072
3072
3072
3072
3072
3072
3072
3072
3072
3072
3072
3072
3072
3072
3072
3072
3072
3072
3072
3072
3072
3072
3072
3072
3072
3072
3072
3072
3072
3072
3072
3072
3072
3072
3072
3072
3072
3072
3072
3072
3072
3072
3072
3072
3072
3072
3072
3072
3072
3072
3072
3072
3072
3072
3072
3072
3072
3072
3072
3072
3072
3072
3072
3072
3072
3072
3072
3072
3072
3072
3072
3072
3072
3072
3072
3072
3072
3072
3072
3072
3072
3072
3072
3072
3072
3072
3072
3072
3072
3072
3072
3072
3072
3072
3072
3072
3072
3072
3072
3072
3072
3072
3072
3072
3072
3072
3072
3072
3072
3072
3072
3072
3072
3072
3072
3072
3072
3072
3072
3072
3072
3072
3072
3072
3072
3072
3072
3072
3072
3072
3072
3072
3072
3072
3072
3072
3072
3072
3072
3072
3072
3072
3072
3072
3072
3072
1024
1024
1024
1024
1024
1024
1024
1024
1024
1024
1024
1024
1024
1024
1024
1024
1024
1024
1024
1024
1024
1024
1024
1082
1140
1199
1257
1315
1373
1431
1489
1548
1606
1664
1722
1780
1839
1897
1955
2013
2048
2048
2048
2048
2048
2048
2048
2048
2048
2083
2141
2199
2257
2316
2374
2432
2490
2548
2607
2665
2723
2781
2839
2897
2956
3014
3072
3072
3072
3072
3072
3072
3072
3072
3072
3072
3072
3072
3072
3072
3072
3072
3072
3072
3072
3072
3072
3072
3072
3072
3072
3072
3072
3072
3072
3072
3072
3072
3072
3072
3072
3072
3072
3072
3072
3072
3072
3072
3072
3072
3072
3072
3072
3072
3072
3072
3072
3072
3072
3072
3072
3072
3072
3072
3072
3072
3072
3072
3072
3072
3072
3072
3072
3072
3072
3072
3072
3072
3072
3072
3072
3072
3072
3072
3072
3072
3072
3072
3072
3072
3072
3072
3072
3072
3072
3072
3072
3072
3072
3072
3072
3072
3072
3072
3072
3072
3072
3072
3072
3072
3072
3072
3072
3072
3072
3072
3072
3072
3072
3072
3072
3072
3072
3072
3072
3072
3072
3072
3072
3072
3072
3072
3072
3072
3072
3072
3072
3072
3072
3072
3072
3072
3072
3072
3072
3072
3072
3072
3072
3072
3072
3072
3072
3072
3072
3072
3072
3072
3072
3072
3072
3072
3072
3072
3072
3072
3072
3072
3072
3072
3072
3072
3072
3072
3072
3072
3072
3072
3072
3072
3072
3072
3072
3072
3072
3072
3072
3072
3072
3072
3072
3072
3072
3072
3072
3072
1024
1024
1024
1024
1024
1024
1024
1024
1024
1024
1024
1024
1024
1024
1024
1024
1024
1024
1024
1024
1024
1024
1024
1052
1109
1166
1223
1280
1337
1394
1451
1508
1564
1621
1678
1735
1792
1849
1906
1963
2020
2048
2048
2048
2048
2048
2048
2048
2048
2048
2076
2133
2190
2247
2304
2361
2418
2475
2532
2588
2645
2702
2759
2816
2873
2930
2987
3044
3072
3072
3072
3072
3072
3072
3072
3072
3072
3072
3072
3072
3072
3072
3072
3072
3072
3072
3072
3072
3072
3072
3072
3072
3072
3072
3072
3072
3072
3072
3072
3072
3072
3072
3072
3072
3072
3072
3072
3072
3072
3072
3072
3072
3072
3072
3072
3072
3072
3072
3072
3072
3072
3072
3072
3072
3072
3072
3072
3072
3072
3072
3072
3072
3072
3072
3072
3072
3072
3072
3072
3072
3072
3072
3072
3072
3072
3072
3072
3072
3072
3072
3072
3072
3072
3072
3072
3072
3072
3072
3072
3072
3072
3072
3072
3072
3072
3072
3072
3072
3072
3072
3072
3072
3072
3072
3072
3072
3072
3072
3072
3072
3072
3072
3072
3072
3072
3072
3072
3072
3072
3072
3072
3072
3072
3072
3072
3072
3072
3072
3072
3072
3072
3072
3072
3072
3072
3072
3072
3072
3072
3072
3072
3072
3072
3072
3072
3072
3072
3072
3072
3072
3072
3072
3072
3072
3072
3072
3072
3072
3072
3072
3072
3072
3072
3072
3072
3072
3072
3072
3072
3072
3072
3072
3072
3072
3072
3072
3072
3072
3072
3072
3072
3072
3072
3072
3072
3072
1024
1024
1024
1024
1024
1024
1024
1024
1024
1024
1024
1024
1024
1024
1024
1024
1024
1024
1024
1024
1024
1024
1024
1024
1080
1135
1191
1247
1302
1358
1414
1469
1525
1581
1636
1692
1747
1803
1859
1914
1970
2026
2048
2048
2048
2048
2048
2048
2048
2048
2048
2070
2126
2182
2237
2293
2349
2404
2460
2515
2571
2627
2682
2738
2794
2849
2905
2961
3016
3072
3072
3072
3072
3072
3072
3072
3072
3072
3072
3072
3072
3072
3072
3072
3072
3072
3072
3072
3072
3072
3072
3072
3072
3072
3072
3072
3072
3072
3072
3072
3072
3072
3072
3072
3072
3072
3072
3072
3072
3072
3072
3072
3072
3072
3072
3072
3072
3072
3072
3072
3072
3072
3072
3072
3072
3072
3072
3072
3072
3072
3072
3072
3072
3072
3072
3072
3072
3072
3072
3072
3072
3072
3072
3072
3072
3072
3072
3072
3072
3072
3072
3072
3072
3072
3072
3072
3072
3072
3072
3072
3072
3072
3072
3072
3072
3072
3072
3072
3072
3072
3072
3072
3072
3072
3072
3072
3072
3072
3072
3072
3072
3072
3072
3072
3072
3072
3072
3072
3072
3072
3072
3072
3072
3072
3072
3072
3072
3072
3072
3072
3072
3072
3072
3072
3072
3072
3072
3072
3072
3072
3072
3072
3072
3072
3072
3072
3072
3072
3072
3072
3072
3072
3072
3072
3072
3072
3072
3072
3072
3072
3072
3072
3072
3072
3072
3072
3072
3072
3072
3072
3072
3072
3072
3072
3072
3072
3072
3072
3072
3072
3072
3072
3072
3072
3072
3072
1024
1024
1024
1024
1024
1024
1024
1024
1024
1024
1024
1024
1024
1024
1024
1024
1024
1024
1024
1024
1024
1024
1024
1024
1051
1106
1160
1215
1269
1324
1378
1433
1487
1541
1596
1650
1705
1759
1814
1868
1923
1977
2032
2048
2048
2048
2048
2048
2048
2048
2048
2048
2064
2119
2173
2228
2282
2337
2391
2446
2500
2555
2609
2663
2718
2772
2827
2881
2936
2990
3045
3072
3072
3072
3072
3072
3072
3072
3072
3072
3072
3072
3072
3072
3072
3072
3072
3072
3072
3072
3072
3072
3072
3072
3072
3072
3072
3072
3072
3072
3072
3072
3072
3072
3072
3072
3072
3072
3072
3072
3072
3072
3072
3072
3072
3072
3072
3072
3072
3072
3072
3072
3072
3072
3072
3072
3072
3072
3072
3072
3072
3072
3072
3072
3072
3072
3072
3072
3072
3072
3072
3072
3072
3072
3072
3072
3072
3072
3072
3072
3072
3072
3072
3072
3072
3072
3072
3072
3072
3072
3072
3072
3072
3072
3072
3072
3072
3072
3072
3072
3072
3072
3072
3072
3072
3072
3072
3072
3072
3072
3072
3072
3072
3072
3072
3072
3072
3072
3072
3072
3072
3072
3072
3072
3072
3072
3072
3072
3072
3072
3072
3072
3072
3072
3072
3072
3072
3072
3072
3072
3072
3072
3072
3072
3072
3072
3072
3072
3072
3072
3072
3072
3072
3072
3072
3072
3072
3072
3072
3072
3072
3072
3072
3072
3072
3072
3072
3072
3072
3072
3072
3072
3072
3072
3072
3072
3072
3072
3072
3072
3072
3072
3072
3072
3072
3072
1024
1024
1024
1024
1024
1024
1024
1024
1024
1024
1024
1024
1024
1024
1024
1024
1024
1024
1024
1024
1024
1024
1024
1024
1024
1077
1131
1184
1237
1291
1344
1397
1451
1504
1557
1611
1664
1717
1771
1824
1877
1931
1984
2037
2048
2048
2048
2048
2048
2048
2048
2048
2048
2059
2112
2165
2219
2272
2325
2379
2432
2485
2539
2592
2645
2699
2752
2805
2859
2912
2965
3019
3072
3072
3072
3072
3072
3072
3072
3072
3072
3072
3072
3072
3072
3072
3072
3072
3072
3072
3072
3072
3072
3072
3072
3072
3072
3072
3072
3072
3072
3072
3072
3072
3072
3072
3072
3072
3072
3072
3072
3072
3072
3072
3072
3072
3072
3072
3072
3072
3072
3072
3072
3072
3072
3072
3072
3072
3072
3072
3072
3072
3072
3072
3072
3072
3072
3072
3072
3072
3072
3072
3072
3072
3072
3072
3072
3072
3072
3072
3072
3072
3072
3072
3072
3072
3072
3072
3072
3072
3072
3072
3072
3072
3072
3072
3072
3072
3072
3072
3072
3072
3072
3072
3072
3072
3072
3072
3072
3072
3072
3072
3072
3072
3072
3072
3072
3072
3072
3072
3072
3072
3072
3072
3072
3072
3072
3072
3072
3072
3072
3072
3072
3072
3072
3072
3072
3072
3072
3072
3072
3072
3072
3072
3072
3072
3072
3072
3072
3072
3072
3072
3072
3072
3072
3072
3072
3072
3072
3072
3072
3072
3072
3072
3072
3072
3072
3072
3072
3072
3072
3072
3072
3072
3072
3072
3072
3072
3072
3072
3072
3072
3072
3072
3072
3072
1024
1024
1024
1024
1024
1024
1024
1024
1024
1024
1024
1024
1024
1024
1024
1024
1024
1024
1024
1024
1024
1024
1024
1024
1024
1050
1102
1155
1207
1259
1311
1364
1416
1468
1520
1573
1625
1677
1729
1782
1834
1886
1938
1991
2043
2048
2048
2048
2048
2048
2048
2048
2048
2048
2053
2105
2158
2210
2262
2314
2367
2419
2471
2523
2576
2628
2680
2732
2785
2837
2889
2941
2994
3046
3072
3072
3072
3072
3072
3072
3072
3072
3072
3072
3072
3072
3072
3072
3072
3072
3072
3072
3072
3072
3072
3072
3072
3072
3072
3072
3072
3072
3072
3072
3072
3072
3072
3072
3072
3072
3072
3072
3072
3072
3072
3072
3072
3072
3072
3072
3072
3072
3072
3072
3072
3072
3072
3072
3072
3072
3072
3072
3072
3072
3072
3072
3072
3072
3072
3072
3072
3072
3072
3072
3072
3072
3072
3072
3072
3072
3072
3072
3072
3072
3072
3072
3072
3072
3072
3072
3072
3072
3072
3072
3072
3072
3072
3072
3072
3072
3072
3072
3072
3072
3072
3072
3072
3072
3072
3072
3072
3072
3072
3072
3072
3072
3072
3072
3072
3072
3072
3072
3072
3072
3072
3072
3072
3072
3072
3072
3072
3072
3072
3072
3072
3072
3072
3072
3072
3072
3072
3072
3072
3072
3072
3072
3072
3072
3072
3072
3072
3072
3072
3072
3072
3072
3072
3072
3072
3072
3072
3072
3072
3072
3072
3072
3072
3072
3072
3072
3072
3072
3072
3072
3072
3072
3072
3072
3072
3072
3072
3072
3072
3072
3072
3072
1024
1024
1024
1024
1024
1024
1024
1024
1024
1024
1024
1024
1024
1024
1024
1024
1024
1024
1024
1024
1024
1024
1024
1024
1024
1024
1075
1126
1178
1229
1280
1331
1382
1434
1485
1536
1587
1638
1690
1741
1792
1843
1894
1946
1997
2048
2048
2048
2048
2048
2048
2048
2048
2048
2048
2048
2099
2150
2202
2253
2304
2355
2406
2458
2509
2560
2611
2662
2714
2765
2816
2867
2918
2970
3021
3072
3072
3072
3072
3072
3072
3072
3072
3072
3072
3072
3072
3072
3072
3072
3072
3072
3072
3072
3072
3072
3072
3072
3072
3072
3072
3072
3072
3072
3072
3072
3072
3072
3072
3072
3072
3072
3072
3072
3072
3072
3072
3072
3072
3072
3072
3072
3072
3072
3072
3072
3072
3072
3072
3072
3072
3072
3072
3072
3072
3072
3072
3072
3072
3072
3072
3072
3072
3072
3072
3072
3072
3072
3072
3072
3072
3072
3072
3072
3072
3072
3072
3072
3072
3072
3072
3072
3072
3072
3072
3072
3072
3072
3072
3072
3072
3072
3072
3072
3072
3072
3072
3072
3072
3072
3072
3072
3072
3072
3072
3072
3072
3072
3072
3072
3072
3072
3072
3072
3072
3072
3072
3072
3072
3072
3072
3072
3072
3072
3072
3072
3072
3072
3072
3072
3072
3072
3072
3072
3072
3072
3072
3072
3072
3072
3072
3072
3072
3072
3072
3072
3072
3072
3072
3072
3072
3072
3072
3072
3072
3072
3072
3072
3072
3072
3072
3072
3072
3072
3072
3072
3072
3072
3072
3072
3072
3072
3072
3072
3072
3072
1024
1024
1024
1024
1024
1024
1024
1024
1024
1024
1024
1024
1024
1024
1024
1024
1024
1024
1024
1024
1024
1024
1024
1024
1024
1024
1049
1099
1149
1200
1250
1300
1350
1400
1451
1501
1551
1601
1651
1702
1752
1802
1852
1902
1953
2003
2048
2048
2048
2048
2048
2048
2048
2048
2048
2048
2048
2093
2143
2194
2244
2294
2344
2394
2445
2495
2545
2595
2645
2696
2746
2796
2846
2896
2947
2997
3047
3072
3072
3072
3072
3072
3072
3072
3072
3072
3072
3072
3072
3072
3072
3072
3072
3072
3072
3072
3072
3072
3072
3072
3072
3072
3072
3072
3072
3072
3072
3072
3072
3072
3072
3072
3072
3072
3072
3072
3072
3072
3072
3072
3072
3072
3072
3072
3072
3072
3072
3072
3072
3072
3072
3072
3072
3072
3072
3072
3072
3072
3072
3072
3072
3072
3072
3072
3072
3072
3072
3072
3072
3072
3072
3072
3072
3072
3072
3072
3072
3072
3072
3072
3072
3072
3072
3072
3072
3072
3072
3072
3072
3072
3072
3072
3072
3072
3072
3072
3072
3072
3072
3072
3072
3072
3072
3072
3072
3072
3072
3072
3072
3072
3072
3072
3072
3072
3072
3072
3072
3072
3072
3072
3072
3072
3072
3072
3072
3072
3072
3072
3072
3072
3072
3072
3072
3072
3072
3072
3072
3072
3072
3072
3072
3072
3072
3072
3072
3072
3072
3072
3072
3072
3072
3072
3072
3072
3072
3072
3072
3072
3072
3072
3072
3072
3072
3072
3072
3072
3072
3072
3072
3072
3072
3072
3072
3072
3072
3072
1024
1024
1024
1024
1024
1024
1024
1024
1024
1024
1024
1024
1024
1024
1024
1024
1024
1024
1024
1024
1024
1024
1024
1024
1024
1024
1024
1073
1122
1172
1221
1270
1319
1369
1418
1467
1516
1566
1615
1664
1713
1762
1812
1861
1910
1959
2009
2048
2048
2048
2048
2048
2048
2048
2048
2048
2048
2048
2087
2137
2186
2235
2284
2334
2383
2432
2481
2530
2580
2629
2678
2727
2777
2826
2875
2924
2974
3023
3072
3072
3072
3072
3072
3072
3072
3072
3072
3072
3072
3072
3072
3072
3072
3072
3072
3072
3072
3072
3072
3072
3072
3072
3072
3072
3072
3072
3072
3072
3072
3072
3072
3072
3072
3072
3072
3072
3072
3072
3072
3072
3072
3072
3072
3072
3072
3072
3072
3072
3072
3072
3072
3072
3072
3072
3072
3072
3072
3072
3072
3072
3072
3072
3072
3072
3072
3072
3072
3072
3072
3072
3072
3072
3072
3072
3072
3072
3072
3072
3072
3072
3072
3072
3072
3072
3072
3072
3072
3072
3072
3072
3072
3072
3072
3072
3072
3072
3072
3072
3072
3072
3072
3072
3072
3072
3072
3072
3072
3072
3072
3072
3072
3072
3072
3072
3072
3072
3072
3072
3072
3072
3072
3072
3072
3072
3072
3072
3072
3072
3072
3072
3072
3072
3072
3072
3072
3072
3072
3072
3072
3072
3072
3072
3072
3072
3072
3072
3072
3072
3072
3072
3072
3072
3072
3072
3072
3072
3072
3072
3072
3072
3072
3072
3072
3072
3072
3072
3072
3072
3072
3072
3072
3072
3072
3072
3072
3072
1024
1024
1024
1024
1024
1024
1024
1024
1024
1024
1024
1024
1024
1024
1024
1024
1024
1024
1024
1024
1024
1024
1024
1024
1024
1024
1024
1048
1096
1145
1193
1241
1290
1338
1386
1435
1483
1531
1579
1628
1676
1724
1773
1821
1869
1918
1966
2014
2048
2048
2048
2048
2048
2048
2048
2048
2048
2048
2048
2082
2130
2178
2227
2275
2323
2372
2420
2468
2517
2565
2613
2661
2710
2758
2806
2855
2903
2951
3000
3048
3072
3072
3072
3072
3072
3072
3072
3072
3072
3072
3072
3072
3072
3072
3072
3072
3072
3072
3072
3072
3072
3072
3072
3072
3072
3072
3072
3072
3072
3072
3072
3072
3072
3072
3072
3072
3072
3072
3072
3072
3072
3072
3072
3072
3072
3072
3072
3072
3072
3072
3072
3072
3072
3072
3072
3072
3072
3072
3072
3072
3072
3072
3072
3072
3072
3072
3072
3072
3072
3072
3072
3072
3072
3072
3072
3072
3072
3072
3072
3072
3072
3072
3072
3072
3072
3072
3072
3072
3072
3072
3072
3072
3072
3072
3072
3072
3072
3072
3072
3072
3072
3072
3072
3072
3072
3072
3072
3072
3072
3072
3072
3072
3072
3072
3072
3072
3072
3072
3072
3072
3072
3072
3072
3072
3072
3072
3072
3072
3072
3072
3072
3072
3072
3072
3072
3072
3072
3072
3072
3072
3072
3072
3072
3072
3072
3072
3072
3072
3072
3072
3072
3072
3072
3072
3072
3072
3072
3072
3072
3072
3072
3072
3072
3072
3072
3072
3072
3072
3072
3072
3072
3072
3072
3072
3072
3072
1024
1024
1024
1024
1024
1024
1024
1024
1024
1024
1024
1024
1024
1024
1024
1024
1024
1024
1024
1024
1024
1024
1024
1024
1024
1024
1024
1024
1071
1119
1166
1214
1261
1308
1356
1403
1451
1498
1545
1593
1640
1688
1735
1783
1830
1877
1925
1972
2020
2048
2048
2048
2048
2048
2048
2048
2048
2048
2048
2048
2076
2124
2171
2219
2266
2313
2361
2408
2456
2503
2551
2598
2645
2693
2740
2788
2835
2882
2930
2977
3025
3072
3072
3072
3072
3072
3072
3072
3072
3072
3072
3072
3072
3072
3072
3072
3072
3072
3072
3072
3072
3072
3072
3072
3072
3072
3072
3072
3072
3072
3072
3072
3072
3072
3072
3072
3072
3072
3072
3072
3072
3072
3072
3072
3072
3072
3072
3072
3072
3072
3072
3072
3072
3072
3072
3072
3072
3072
3072
3072
3072
3072
3072
3072
3072
3072
3072
3072
3072
3072
3072
3072
3072
3072
3072
3072
3072
3072
3072
3072
3072
3072
3072
3072
3072
3072
3072
3072
3072
3072
3072
3072
3072
3072
3072
3072
3072
3072
3072
3072
3072
3072
3072
3072
3072
3072
3072
3072
3072
3072
3072
3072
3072
3072
3072
3072
3072
3072
3072
3072
3072
3072
3072
3072
3072
3072
3072
3072
3072
3072
3072
3072
3072
3072
3072
3072
3072
3072
3072
3072
3072
3072
3072
3072
3072
3072
3072
3072
3072
3072
3072
3072
3072
3072
3072
3072
3072
3072
3072
3072
3072
3072
3072
3072
3072
3072
3072
3072
3072
3072
3072
3072
3072
3072
3072
3072
1024
1024
1024
1024
1024
1024
1024
1024
1024
1024
1024
1024
1024
1024
1024
1024
1024
1024
1024
1024
1024
1024
1024
1024
1024
1024
1024
1024
1047
1094
1140
1187
1233
1280
1327
1373
1420
1466
1513
1559
1606
1652
1699
1745
1792
1839
1885
1932
1978
2025
2048
2048
2048
2048
2048
2048
2048
2048
2048
2048
2048
2071
2118
2164
2211
2257
2304
2351
2397
2444
2490
2537
2583
2630
2676
2723
2769
2816
2863
2909
2956
3002
3049
3072
3072
3072
3072
3072
3072
3072
3072
3072
3072
3072
3072
3072
3072
3072
3072
3072
3072
3072
3072
3072
3072
3072
3072
3072
3072
3072
3072
3072
3072
3072
3072
3072
3072
3072
3072
3072
3072
3072
3072
3072
3072
3072
3072
3072
3072
3072
3072
3072
3072
3072
3072
3072
3072
3072
3072
3072
3072
3072
3072
3072
3072
3072
3072
3072
3072
3072
3072
3072
3072
3072
3072
3072
3072
3072
3072
3072
3072
3072
3072
3072
3072
3072
3072
3072
3072
3072
3072
3072
3072
3072
3072
3072
3072
3072
3072
3072
3072
3072
3072
3072
3072
3072
3072
3072
3072
3072
3072
3072
3072
3072
3072
3072
3072
3072
3072
3072
3072
3072
3072
3072
3072
3072
3072
3072
3072
3072
3072
3072
3072
3072
3072
3072
3072
3072
3072
3072
3072
3072
3072
3072
3072
3072
3072
3072
3072
3072
3072
3072
3072
3072
3072
3072
3072
3072
3072
3072
3072
3072
3072
3072
3072
3072
3072
3072
3072
3072
3072
3072
3072
3072
3072
3072
1024
1024
1024
1024
1024
1024
1024
1024
1024
1024
1024
1024
1024
1024
1024
1024
1024
1024
1024
1024
1024
1024
1024
1024
1024
1024
1024
1024
1024
1070
1115
1161
1207
1253
1298
1344
1390
1435
1481
1527
1573
1618
1664
1710
1755
1801
1847
1893
1938
1984
2030
2048
2048
2048
2048
2048
2048
2048
2048
2048
2048
2048
2066
2112
2158
2203
2249
2295
2341
2386
2432
2478
2523
2569
2615
2661
2706
2752
2798
2843
2889
2935
2981
3026
3072
3072
3072
3072
3072
3072
3072
3072
3072
3072
3072
3072
3072
3072
3072
3072
3072
3072
3072
3072
3072
3072
3072
3072
3072
3072
3072
3072
3072
3072
3072
3072
3072
3072
3072
3072
3072
3072
3072
3072
3072
3072
3072
3072
3072
3072
3072
3072
3072
3072
3072
3072
3072
3072
3072
3072
3072
3072
3072
3072
3072
3072
3072
3072
3072
3072
3072
3072
3072
3072
3072
3072
3072
3072
3072
3072
3072
3072
3072
3072
3072
3072
3072
3072
3072
3072
3072
3072
3072
3072
3072
3072
3072
3072
3072
3072
3072
3072
3072
3072
3072
3072
3072
3072
3072
3072
3072
3072
3072
3072
3072
3072
3072
3072
3072
3072
3072
3072
3072
3072
3072
3072
3072
3072
3072
3072
3072
3072
3072
3072
3072
3072
3072
3072
3072
3072
3072
3072
3072
3072
3072
3072
3072
3072
3072
3072
3072
3072
3072
3072
3072
3072
3072
3072
3072
3072
3072
3072
3072
3072
3072
3072
3072
3072
3072
3072
3072
3072
3072
3072
3072
3072
1024
1024
1024
1024
1024
1024
1024
1024
1024
1024
1024
1024
1024
1024
1024
1024
1024
1024
1024
1024
1024
1024
1024
1024
1024
1024
1024
1024
1024
1046
1091
1136
1181
1226
1271
1316
1361
1406
1451
1496
1540
1585
1630
1675
1720
1765
1810
1855
1900
1945
1990
2035
2048
2048
2048
2048
2048
2048
2048
2048
2048
2048
2048
2061
2106
2151
2196
2241
2286
2331
2376
2421
2466
2511
2556
2600
2645
2690
2735
2780
2825
2870
2915
2960
3005
3050
3072
3072
3072
3072
3072
3072
3072
3072
3072
3072
3072
3072
3072
3072
3072
3072
3072
3072
3072
3072
3072
3072
3072
3072
3072
3072
3072
3072
3072
3072
3072
3072
3072
3072
3072
3072
3072
3072
3072
3072
3072
3072
3072
3072
3072
3072
3072
3072
3072
3072
3072
3072
3072
3072
3072
3072
3072
3072
3072
3072
3072
3072
3072
3072
3072
3072
3072
3072
3072
3072
3072
3072
3072
3072
3072
3072
3072
3072
3072
3072
3072
3072
3072
3072
3072
3072
3072
3072
3072
3072
3072
3072
3072
3072
3072
3072
3072
3072
3072
3072
3072
3072
3072
3072
3072
3072
3072
3072
3072
3072
3072
3072
3072
3072
3072
3072
3072
3072
3072
3072
3072
3072
3072
3072
3072
3072
3072
3072
3072
3072
3072
3072
3072
3072
3072
3072
3072
3072
3072
3072
3072
3072
3072
3072
3072
3072
3072
3072
3072
3072
3072
3072
3072
3072
3072
3072
3072
3072
3072
3072
3072
3072
3072
3072
3072
3072
3072
3072
3072
3072
1024
1024
1024
1024
1024
1024
1024
1024
1024
1024
1024
1024
1024
1024
1024
1024
1024
1024
1024
1024
1024
1024
1024
1024
1024
1024
1024
1024
1024
1024
1068
1112
1156
1201
1245
1289
1333
1377
1421
1465
1510
1554
1598
1642
1686
1730
1774
1818
1863
1907
1951
1995
2039
2048
2048
2048
2048
2048
2048
2048
2048
2048
2048
2048
2057
2101
2145
2189
2233
2278
2322
2366
2410
2454
2498
2542
2586
2631
2675
2719
2763
2807
2851
2895
2940
2984
3028
3072
3072
3072
3072
3072
3072
3072
3072
3072
3072
3072
3072
3072
3072
3072
3072
3072
3072
3072
3072
3072
3072
3072
3072
3072
3072
3072
3072
3072
3072
3072
3072
3072
3072
3072
3072
3072
3072
3072
3072
3072
3072
3072
3072
3072
3072
3072
3072
3072
3072
3072
3072
3072
3072
3072
3072
3072
3072
3072
3072
3072
3072
3072
3072
3072
3072
3072
3072
3072
3072
3072
3072
3072
3072
3072
3072
3072
3072
3072
3072
3072
3072
3072
3072
3072
3072
3072
3072
3072
3072
3072
3072
3072
3072
3072
3072
3072
3072
3072
3072
3072
3072
3072
3072
3072
3072
3072
3072
3072
3072
3072
3072
3072
3072
3072
3072
3072
3072
3072
3072
3072
3072
3072
3072
3072
3072
3072
3072
3072
3072
3072
3072
3072
3072
3072
3072
3072
3072
3072
3072
3072
3072
3072
3072
3072
3072
3072
3072
3072
3072
3072
3072
3072
3072
3072
3072
3072
3072
3072
3072
3072
3072
3072
3072
3072
3072
3072
3072
3072
1024
1024
1024
1024
1024
1024
1024
1024
1024
1024
1024
1024
1024
1024
1024
1024
1024
1024
1024
1024
1024
1024
1024
1024
1024
1024
1024
1024
1024
1024
1046
1089
1132
1176
1219
1263
1306
1349
1393
1436
1480
1523
1566
1610
1653
1697
1740
1783
1827
1870
1913
1957
2000
2044
2048
2048
2048
2048
2048
2048
2048
2048
2048
2048
2048
2052
2096
2139
2183
2226
2269
2313
2356
2399
2443
2486
2530
2573
2616
2660
2703
2747
2790
2833
2877
2920
2964
3007
3050
3072
3072
3072
3072
3072
3072
3072
3072
3072
3072
3072
3072
3072
3072
3072
3072
3072
3072
3072
3072
3072
3072
3072
3072
3072
3072
3072
3072
3072
3072
3072
3072
3072
3072
3072
3072
3072
3072
3072
3072
3072
3072
3072
3072
3072
3072
3072
3072
3072
3072
3072
3072
3072
3072
3072
3072
3072
3072
3072
3072
3072
3072
3072
3072
3072
3072
3072
3072
3072
3072
3072
3072
3072
3072
3072
3072
3072
3072
3072
3072
3072
3072
3072
3072
3072
3072
3072
3072
3072
3072
3072
3072
3072
3072
3072
3072
3072
3072
3072
3072
3072
3072
3072
3072
3072
3072
3072
3072
3072
3072
3072
3072
3072
3072
3072
3072
3072
3072
3072
3072
3072
3072
3072
3072
3072
3072
3072
3072
3072
3072
3072
3072
3072
3072
3072
3072
3072
3072
3072
3072
3072
3072
3072
3072
3072
3072
3072
3072
3072
3072
3072
3072
3072
3072
3072
3072
3072
3072
3072
3072
3072
3072
3072
3072
3072
3072
3072
1024
1024
1024
1024
1024
1024
1024
1024
1024
1024
1024
1024
1024
1024
1024
1024
1024
1024
1024
1024
1024
1024
1024
1024
1024
1024
1024
1024
1024
1024
1024
1067
1109
1152
1195
1237
1280
1323
1365
1408
1451
1493
1536
1579
1621
1664
1707
1749
1792
1835
1877
1920
1963
2005
2048
2048
2048
2048
2048
2048
2048
2048
2048
2048
2048
2048
2048
2091
2133
2176
2219
2261
2304
2347
2389
2432
2475
2517
2560
2603
2645
2688
2731
2773
2816
2859
2901
2944
2987
3029
3072
3072
3072
3072
3072
3072
3072
3072
3072
3072
3072
3072
3072
3072
3072
3072
3072
3072
3072
3072
3072
3072
3072
3072
3072
3072
3072
3072
3072
3072
3072
3072
3072
3072
3072
3072
3072
3072
3072
3072
3072
3072
3072
3072
3072
3072
3072
3072
3072
3072
3072
3072
3072
3072
3072
3072
3072
3072
3072
3072
3072
3072
3072
3072
3072
3072
3072
3072
3072
3072
3072
3072
3072
3072
3072
3072
3072
3072
3072
3072
3072
3072
3072
3072
3072
3072
3072
3072
3072
3072
3072
3072
3072
3072
3072
3072
3072
3072
3072
3072
3072
3072
3072
3072
3072
3072
3072
3072
3072
3072
3072
3072
3072
3072
3072
3072
3072
3072
3072
3072
3072
3072
3072
3072
3072
3072
3072
3072
3072
3072
3072
3072
3072
3072
3072
3072
3072
3072
3072
3072
3072
3072
3072
3072
3072
3072
3072
3072
3072
3072
3072
3072
3072
3072
3072
3072
3072
3072
3072
3072
3072
3072
3072
3072
3072
3072
1024
1024
1024
1024
1024
1024
1024
1024
1024
1024
1024
1024
1024
1024
1024
1024
1024
1024
1024
1024
1024
1024
1024
1024
1024
1024
1024
1024
1024
1024
1024
1045
1087
1129
1171
1213
1255
1297
1339
1381
1423
1465
1507
1549
1591
1633
1674
1716
1758
1800
1842
1884
1926
1968
2010
2048
2048
2048
2048
2048
2048
2048
2048
2048
2048
2048
2048
2048
2086
2128
2170
2212
2254
2296
2338
2380
2422
2463
2505
2547
2589
2631
2673
2715
2757
2799
2841
2883
2925
2967
3009
3051
3072
3072
3072
3072
3072
3072
3072
3072
3072
3072
3072
3072
3072
3072
3072
3072
3072
3072
3072
3072
3072
3072
3072
3072
3072
3072
3072
3072
3072
3072
3072
3072
3072
3072
3072
3072
3072
3072
3072
3072
3072
3072
3072
3072
3072
3072
3072
3072
3072
3072
3072
3072
3072
3072
3072
3072
3072
3072
3072
3072
3072
3072
3072
3072
3072
3072
3072
3072
3072
3072
3072
3072
3072
3072
3072
3072
3072
3072
3072
3072
3072
3072
3072
3072
3072
3072
3072
3072
3072
3072
3072
3072
3072
3072
3072
3072
3072
3072
3072
3072
3072
3072
3072
3072
3072
3072
3072
3072
3072
3072
3072
3072
3072
3072
3072
3072
3072
3072
3072
3072
3072
3072
3072
3072
3072
3072
3072
3072
3072
3072
3072
3072
3072
3072
3072
3072
3072
3072
3072
3072
3072
3072
3072
3072
3072
3072
3072
3072
3072
3072
3072
3072
3072
3072
3072
3072
3072
3072
3072
3072
3072
3072
3072
3072
1024
1024
1024
1024
1024
1024
1024
1024
1024
1024
1024
1024
1024
1024
1024
1024
1024
1024
1024
1024
1024
1024
1024
1024
1024
1024
1024
1024
1024
1024
1024
1024
1065
1107
1148
1189
1230
1272
1313
1354
1396
1437
1478
1519
1561
1602
1643
1685
1726
1767
1809
1850
1891
1932
1974
2015
2048
2048
2048
2048
2048
2048
2048
2048
2048
2048
2048
2048
2048
2081
2122
2164
2205
2246
2287
2329
2370
2411
2453
2494
2535
2577
2618
2659
2700
2742
2783
2824
2866
2907
2948
2989
3031
3072
3072
3072
3072
3072
3072
3072
3072
3072
3072
3072
3072
3072
3072
3072
3072
3072
3072
3072
3072
3072
3072
3072
3072
3072
3072
3072
3072
3072
3072
3072
3072
3072
3072
3072
3072
3072
3072
3072
3072
3072
3072
3072
3072
3072
3072
3072
3072
3072
3072
3072
3072
3072
3072
3072
3072
3072
3072
3072
3072
3072
3072
3072
3072
3072
3072
3072
3072
3072
3072
3072
3072
3072
3072
3072
3072
3072
3072
3072
3072
3072
3072
3072
3072
3072
3072
3072
3072
3072
3072
3072
3072
3072
3072
3072
3072
3072
3072
3072
3072
3072
3072
3072
3072
3072
3072
3072
3072
3072
3072
3072
3072
3072
3072
3072
3072
3072
3072
3072
3072
3072
3072
3072
3072
3072
3072
3072
3072
3072
3072
3072
3072
3072
3072
3072
3072
3072
3072
3072
3072
3072
3072
3072
3072
3072
3072
3072
3072
3072
3072
3072
3072
3072
3072
3072
3072
3072
3072
3072
3072
3072
3072
3072
1024
1024
1024
1024
1024
1024
1024
1024
1024
1024
1024
1024
1024
1024
1024
1024
1024
1024
1024
1024
1024
1024
1024
1024
1024
1024
1024
1024
1024
1024
1024
1024
1044
1085
1126
1166
1207
1247
1288
1329
1369
1410
1451
1491
1532
1573
1613
1654
1694
1735
1776
1816
1857
1898
1938
1979
2020
2048
2048
2048
2048
2048
2048
2048
2048
2048
2048
2048
2048
2048
2076
2117
2158
2198
2239
2280
2320
2361
2402
2442
2483
2523
2564
2605
2645
2686
2727
2767
2808
2849
2889
2930
2970
3011
3052
3072
3072
3072
3072
3072
3072
3072
3072
3072
3072
3072
3072
3072
3072
3072
3072
3072
3072
3072
3072
3072
3072
3072
3072
3072
3072
3072
3072
3072
3072
3072
3072
3072
3072
3072
3072
3072
3072
3072
3072
3072
3072
3072
3072
3072
3072
3072
3072
3072
3072
3072
3072
3072
3072
3072
3072
3072
3072
3072
3072
3072
3072
3072
3072
3072
3072
3072
3072
3072
3072
3072
3072
3072
3072
3072
3072
3072
3072
3072
3072
3072
3072
3072
3072
3072
3072
3072
3072
3072
3072
3072
3072
3072
3072
3072
3072
3072
3072
3072
3072
3072
3072
3072
3072
3072
3072
3072
3072
3072
3072
3072
3072
3072
3072
3072
3072
3072
3072
3072
3072
3072
3072
3072
3072
3072
3072
3072
3072
3072
3072
3072
3072
3072
3072
3072
3072
3072
3072
3072
3072
3072
3072
3072
3072
3072
3072
3072
3072
3072
3072
3072
3072
3072
3072
3072
3072
3072
3072
3072
3072
3072
1024
1024
1024
1024
1024
1024
1024
1024
1024
1024
1024
1024
1024
1024
1024
1024
1024
1024
1024
1024
1024
1024
1024
1024
1024
1024
1024
1024
1024
1024
1024
1024
1024
1064
1104
1144
1184
1224
1264
1304
1344
1384
1424
1464
1504
1544
1584
1624
1664
1704
1744
1784
1824
1864
1904
1944
1984
2024
2048
2048
2048
2048
2048
2048
2048
2048
2048
2048
2048
2048
2048
2072
2112
2152
2192
2232
2272
2312
2352
2392
2432
2472
2512
2552
2592
2632
2672
2712
2752
2792
2832
2872
2912
2952
2992
3032
3072
3072
3072
3072
3072
3072
3072
3072
3072
3072
3072
3072
3072
3072
3072
3072
3072
3072
3072
3072
3072
3072
3072
3072
3072
3072
3072
3072
3072
3072
3072
3072
3072
3072
3072
3072
3072
3072
3072
3072
3072
3072
3072
3072
3072
3072
3072
3072
3072
3072
3072
3072
3072
3072
3072
3072
3072
3072
3072
3072
3072
3072
3072
3072
3072
3072
3072
3072
3072
3072
3072
3072
3072
3072
3072
3072
3072
3072
3072
3072
3072
3072
3072
3072
3072
3072
3072
3072
3072
3072
3072
3072
3072
3072
3072
3072
3072
3072
3072
3072
3072
3072
3072
3072
3072
3072
3072
3072
3072
3072
3072
3072
3072
3072
3072
3072
3072
3072
3072
3072
3072
3072
3072
3072
3072
3072
3072
3072
3072
3072
3072
3072
3072
3072
3072
3072
3072
3072
3072
3072
3072
3072
3072
3072
3072
3072
3072
3072
3072
3072
3072
3072
3072
3072
3072
3072
3072
3072
3072
3072
1024
1024
1024
1024
1024
1024
1024
1024
1024
1024
1024
1024
1024
1024
1024
1024
1024
1024
1024
1024
1024
1024
1024
1024
1024
1024
1024
1024
1024
1024
1024
1024
1024
1044
1083
1122
1162
1201
1241
1280
1319
1359
1398
1438
1477
1516
1556
1595
1634
1674
1713
1753
1792
1831
1871
1910
1950
1989
2028
2048
2048
2048
2048
2048
2048
2048
2048
2048
2048
2048
2048
2048
2068
2107
2146
2186
2225
2265
2304
2343
2383
2422
2462
2501
2540
2580
2619
2658
2698
2737
2777
2816
2855
2895
2934
2974
3013
3052
3072
3072
3072
3072
3072
3072
3072
3072
3072
3072
3072
3072
3072
3072
3072
3072
3072
3072
3072
3072
3072
3072
3072
3072
3072
3072
3072
3072
3072
3072
3072
3072
3072
3072
3072
3072
3072
3072
3072
3072
3072
3072
3072
3072
3072
3072
3072
3072
3072
3072
3072
3072
3072
3072
3072
3072
3072
3072
3072
3072
3072
3072
3072
3072
3072
3072
3072
3072
3072
3072
3072
3072
3072
3072
3072
3072
3072
3072
3072
3072
3072
3072
3072
3072
3072
3072
3072
3072
3072
3072
3072
3072
3072
3072
3072
3072
3072
3072
3072
3072
3072
3072
3072
3072
3072
3072
3072
3072
3072
3072
3072
3072
3072
3072
3072
3072
3072
3072
3072
3072
3072
3072
3072
3072
3072
3072
3072
3072
3072
3072
3072
3072
3072
3072
3072
3072
3072
3072
3072
3072
3072
3072
3072
3072
3072
3072
3072
3072
3072
3072
3072
3072
3072
3072
3072
3072
3072
3072
1024
1024
1024
1024
1024
1024
1024
1024
1024
1024
1024
1024
1024
1024
1024
1024
1024
1024
1024
1024
1024
1024
1024
1024
1024
1024
1024
1024
1024
1024
1024
1024
1024
1024
1063
1102
1140
1179
1218
1257
1296
1334
1373
1412
1451
1489
1528
1567
1606
1645
1683
1722
1761
1800
1839
1877
1916
1955
1994
2032
2048
2048
2048
2048
2048
2048
2048
2048
2048
2048
2048
2048
2048
2064
2102
2141
2180
2219
2257
2296
2335
2374
2413
2451
2490
2529
2568
2607
2645
2684
2723
2762
2800
2839
2878
2917
2956
2994
3033
3072
3072
3072
3072
3072
3072
3072
3072
3072
3072
3072
3072
3072
3072
3072
3072
3072
3072
3072
3072
3072
3072
3072
3072
3072
3072
3072
3072
3072
3072
3072
3072
3072
3072
3072
3072
3072
3072
3072
3072
3072
3072
3072
3072
3072
3072
3072
3072
3072
3072
3072
3072
3072
3072
3072
3072
3072
3072
3072
3072
3072
3072
3072
3072
3072
3072
3072
3072
3072
3072
3072
3072
3072
3072
3072
3072
3072
3072
3072
3072
3072
3072
3072
3072
3072
3072
3072
3072
3072
3072
3072
3072
3072
3072
3072
3072
3072
3072
3072
3072
3072
3072
3072
3072
3072
3072
3072
3072
3072
3072
3072
3072
3072
3072
3072
3072
3072
3072
3072
3072
3072
3072
3072
3072
3072
3072
3072
3072
3072
3072
3072
3072
3072
3072
3072
3072
3072
3072
3072
3072
3072
3072
3072
3072
3072
3072
3072
3072
3072
3072
3072
3072
3072
3072
3072
3072
3072
1024
1024
1024
1024
1024
1024
1024
1024
1024
1024
1024
1024
1024
1024
1024
1024
1024
1024
1024
1024
1024
1024
1024
1024
1024
1024
1024
1024
1024
1024
1024
1024
1024
1024
1043
1081
1120
1158
1196
1234
1272
1311
1349
1387
1425
1463
1502
1540
1578
1616
1654
1693
1731
1769
1807
1845
1884
1922
1960
1998
2037
2048
2048
2048
2048
2048
2048
2048
2048
2048
2048
2048
2048
2048
2059
2098
2136
2174
2212
2251
2289
2327
2365
2403
2442
2480
2518
2556
2594
2633
2671
2709
2747
2785
2824
2862
2900
2938
2976
3015
3053
3072
3072
3072
3072
3072
3072
3072
3072
3072
3072
3072
3072
3072
3072
3072
3072
3072
3072
3072
3072
3072
3072
3072
3072
3072
3072
3072
3072
3072
3072
3072
3072
3072
3072
3072
3072
3072
3072
3072
3072
3072
3072
3072
3072
3072
3072
3072
3072
3072
3072
3072
3072
3072
3072
3072
3072
3072
3072
3072
3072
3072
3072
3072
3072
3072
3072
3072
3072
3072
3072
3072
3072
3072
3072
3072
3072
3072
3072
3072
3072
3072
3072
3072
3072
3072
3072
3072
3072
3072
3072
3072
3072
3072
3072
3072
3072
3072
3072
3072
3072
3072
3072
3072
3072
3072
3072
3072
3072
3072
3072
3072
3072
3072
3072
3072
3072
3072
3072
3072
3072
3072
3072
3072
3072
3072
3072
3072
3072
3072
3072
3072
3072
3072
3072
3072
3072
3072
3072
3072
3072
3072
3072
3072
3072
3072
3072
3072
3072
3072
3072
3072
3072
3072
3072
3072
1024
1024
1024
1024
1024
1024
1024
1024
1024
1024
1024
1024
1024
1024
1024
1024
1024
1024
1024
1024
1024
1024
1024
1024
1024
1024
1024
1024
1024
1024
1024
1024
1024
1024
1024
1062
1099
1137
1175
1212
1250
1288
1325
1363
1400
1438
1476
1513
1551
1589
1626
1664
1702
1739
1777
1815
1852
1890
1928
1965
2003
2040
2048
2048
2048
2048
2048
2048
2048
2048
2048
2048
2048
2048
2048
2056
2093
2131
2168
2206
2244
2281
2319
2357
2394
2432
2470
2507
2545
2583
2620
2658
2696
2733
2771
2808
2846
2884
2921
2959
2997
3034
3072
3072
3072
3072
3072
3072
3072
3072
3072
3072
3072
3072
3072
3072
3072
3072
3072
3072
3072
3072
3072
3072
3072
3072
3072
3072
3072
3072
3072
3072
3072
3072
3072
3072
3072
3072
3072
3072
3072
3072
3072
3072
3072
3072
3072
3072
3072
3072
3072
3072
3072
3072
3072
3072
3072
3072
3072
3072
3072
3072
3072
3072
3072
3072
3072
3072
3072
3072
3072
3072
3072
3072
3072
3072
3072
3072
3072
3072
3072
3072
3072
3072
3072
3072
3072
3072
3072
3072
3072
3072
3072
3072
3072
3072
3072
3072
3072
3072
3072
3072
3072
3072
3072
3072
3072
3072
3072
3072
3072
3072
3072
3072
3072
3072
3072
3072
3072
3072
3072
3072
3072
3072
3072
3072
3072
3072
3072
3072
3072
3072
3072
3072
3072
3072
3072
3072
3072
3072
3072
3072
3072
3072
3072
3072
3072
3072
3072
3072
3072
3072
3072
3072
3072
3072
1024
1024
1024
1024
1024
1024
1024
1024
1024
1024
1024
1024
1024
1024
1024
1024
1024
1024
1024
1024
1024
1024
1024
1024
1024
1024
1024
1024
1024
1024
1024
1024
1024
1024
1024
1043
1080
1117
1154
1191
1228
1265
1302
1339
1376
1414
1451
1488
1525
1562
1599
1636
1673
1710
1747
1785
1822
1859
1896
1933
1970
2007
2044
2048
2048
2048
2048
2048
2048
2048
2048
2048
2048
2048
2048
2048
2052
2089
2126
2163
2200
2237
2274
2311
2349
2386
2423
2460
2497
2534
2571
2608
2645
2682
2720
2757
2794
2831
2868
2905
2942
2979
3016
3053
3072
3072
3072
3072
3072
3072
3072
3072
3072
3072
3072
3072
3072
3072
3072
3072
3072
3072
3072
3072
3072
3072
3072
3072
3072
3072
3072
3072
3072
3072
3072
3072
3072
3072
3072
3072
3072
3072
3072
3072
3072
3072
3072
3072
3072
3072
3072
3072
3072
3072
3072
3072
3072
3072
3072
3072
3072
3072
3072
3072
3072
3072
3072
3072
3072
3072
3072
3072
3072
3072
3072
3072
3072
3072
3072
3072
3072
3072
3072
3072
3072
3072
3072
3072
3072
3072
3072
3072
3072
3072
3072
3072
3072
3072
3072
3072
3072
3072
3072
3072
3072
3072
3072
3072
3072
3072
3072
3072
3072
3072
3072
3072
3072
3072
3072
3072
3072
3072
3072
3072
3072
3072
3072
3072
3072
3072
3072
3072
3072
3072
3072
3072
3072
3072
3072
3072
3072
3072
3072
3072
3072
3072
3072
3072
3072
3072
3072
3072
3072
3072
3072
3072
1024
1024
1024
1024
1024
1024
1024
1024
1024
1024
1024
1024
1024
1024
1024
1024
1024
1024
1024
1024
1024
1024
1024
1024
1024
1024
1024
1024
1024
1024
1024
1024
1024
1024
1024
1024
1061
1097
1134
1170
1207
1243
1280
1317
1353
1390
1426
1463
1499
1536
1573
1609
1646
1682
1719
1755
1792
1829
1865
1902
1938
1975
2011
2048
2048
2048
2048
2048
2048
2048
2048
2048
2048
2048
2048
2048
2048
2048
2085
2121
2158
2194
2231
2267
2304
2341
2377
2414
2450
2487
2523
2560
2597
2633
2670
2706
2743
2779
2816
2853
2889
2926
2962
2999
3035
3072
3072
3072
3072
3072
3072
3072
3072
3072
3072
3072
3072
3072
3072
3072
3072
3072
3072
3072
3072
3072
3072
3072
3072
3072
3072
3072
3072
3072
3072
3072
3072
3072
3072
3072
3072
3072
3072
3072
3072
3072
3072
3072
3072
3072
3072
3072
3072
3072
3072
3072
3072
3072
3072
3072
3072
3072
3072
3072
3072
3072
3072
3072
3072
3072
3072
3072
3072
3072
3072
3072
3072
3072
3072
3072
3072
3072
3072
3072
3072
3072
3072
3072
3072
3072
3072
3072
3072
3072
3072
3072
3072
3072
3072
3072
3072
3072
3072
3072
3072
3072
3072
3072
3072
3072
3072
3072
3072
3072
3072
3072
3072
3072
3072
3072
3072
3072
3072
3072
3072
3072
3072
3072
3072
3072
3072
3072
3072
3072
3072
3072
3072
3072
3072
3072
3072
3072
3072
3072
3072
3072
3072
3072
3072
3072
3072
3072
3072
3072
3072
3072
1024
1024
1024
1024
1024
1024
1024
1024
1024
1024
1024
1024
1024
1024
1024
1024
1024
1024
1024
1024
1024
1024
1024
1024
1024
1024
1024
1024
1024
1024
1024
1024
1024
1024
1024
1024
1042
1078
1114
1150
1186
1222
1258
1294
1330
1367
1403
1439
1475
1511
1547
1583
1619
1655
1691
1727
1763
1799
1835
1871
1907
1943
1979
2016
2048
2048
2048
2048
2048
2048
2048
2048
2048
2048
2048
2048
2048
2048
2048
2080
2117
2153
2189
2225
2261
2297
2333
2369
2405
2441
2477
2513
2549
2585
2621
2657
2693
2729
2766
2802
2838
2874
2910
2946
2982
3018
3054
3072
3072
3072
3072
3072
3072
3072
3072
3072
3072
3072
3072
3072
3072
3072
3072
3072
3072
3072
3072
3072
3072
3072
3072
3072
3072
3072
3072
3072
3072
3072
3072
3072
3072
3072
3072
3072
3072
3072
3072
3072
3072
3072
3072
3072
3072
3072
3072
3072
3072
3072
3072
3072
3072
3072
3072
3072
3072
3072
3072
3072
3072
3072
3072
3072
3072
3072
3072
3072
3072
3072
3072
3072
3072
3072
3072
3072
3072
3072
3072
3072
3072
3072
3072
3072
3072
3072
3072
3072
3072
3072
3072
3072
3072
3072
3072
3072
3072
3072
3072
3072
3072
3072
3072
3072
3072
3072
3072
3072
3072
3072
3072
3072
3072
3072
3072
3072
3072
3072
3072
3072
3072
3072
3072
3072
3072
3072
3072
3072
3072
3072
3072
3072
3072
3072
3072
3072
3072
3072
3072
3072
3072
3072
3072
3072
3072
3072
3072
3072
1024
1024
1024
1024
1024
1024
1024
1024
1024
1024
1024
1024
1024
1024
1024
1024
1024
1024
1024
1024
1024
1024
1024
1024
1024
1024
1024
1024
1024
1024
1024
1024
1024
1024
1024
1024
1024
1060
1095
1131
1166
1202
1237
1273
1308
1344
1380
1415
1451
1486
1522
1557
1593
1628
1664
1700
1735
1771
1806
1842
1877
1913
1948
1984
2020
2048
2048
2048
2048
2048
2048
2048
2048
2048
2048
2048
2048
2048
2048
2048
2076
2112
2148
2183
2219
2254
2290
2325
2361
2396
2432
2468
2503
2539
2574
2610
2645
2681
2716
2752
2788
2823
2859
2894
2930
2965
3001
3036
3072
3072
3072
3072
3072
3072
3072
3072
3072
3072
3072
3072
3072
3072
3072
3072
3072
3072
3072
3072
3072
3072
3072
3072
3072
3072
3072
3072
3072
3072
3072
3072
3072
3072
3072
3072
3072
3072
3072
3072
3072
3072
3072
3072
3072
3072
3072
3072
3072
3072
3072
3072
3072
3072
3072
3072
3072
3072
3072
3072
3072
3072
3072
3072
3072
3072
3072
3072
3072
3072
3072
3072
3072
3072
3072
3072
3072
3072
3072
3072
3072
3072
3072
3072
3072
3072
3072
3072
3072
3072
3072
3072
3072
3072
3072
3072
3072
3072
3072
3072
3072
3072
3072
3072
3072
3072
3072
3072
3072
3072
3072
3072
3072
3072
3072
3072
3072
3072
3072
3072
3072
3072
3072
3072
3072
3072
3072
3072
3072
3072
3072
3072
3072
3072
3072
3072
3072
3072
3072
3072
3072
3072
3072
3072
3072
3072
3072
3072
1024
1024
1024
1024
1024
1024
1024
1024
1024
1024
1024
1024
1024
1024
1024
1024
1024
1024
1024
1024
1024
1024
1024
1024
1024
1024
1024
1024
1024
1024
1024
1024
1024
1024
1024
1024
1024
1042
1077
1112
1147
1182
1217
1252
1287
1322
1357
1392
1427
1462
1497
1532
1568
1603
1638
1673
1708
1743
1778
1813
1848
1883
1918
1953
1988
2023
2048
2048
2048
2048
2048
2048
2048
2048
2048
2048
2048
2048
2048
2048
2048
2073
2108
2143
2178
2213
2248
2283
2318
2353
2388
2423
2458
2493
2528
2564
2599
2634
2669
2704
2739
2774
2809
2844
2879
2914
2949
2984
3019
3054
3072
3072
3072
3072
3072
3072
3072
3072
3072
3072
3072
3072
3072
3072
3072
3072
3072
3072
3072
3072
3072
3072
3072
3072
3072
3072
3072
3072
3072
3072
3072
3072
3072
3072
3072
3072
3072
3072
3072
3072
3072
3072
3072
3072
3072
3072
3072
3072
3072
3072
3072
3072
3072
3072
3072
3072
3072
3072
3072
3072
3072
3072
3072
3072
3072
3072
3072
3072
3072
3072
3072
3072
3072
3072
3072
3072
3072
3072
3072
3072
3072
3072
3072
3072
3072
3072
3072
3072
3072
3072
3072
3072
3072
3072
3072
3072
3072
3072
3072
3072
3072
3072
3072
3072
3072
3072
3072
3072
3072
3072
3072
3072
3072
3072
3072
3072
3072
3072
3072
3072
3072
3072
3072
3072
3072
3072
3072
3072
3072
3072
3072
3072
3072
3072
3072
3072
3072
3072
3072
3072
3072
3072
3072
3072
3072
3072
1024
1024
1024
1024
1024
1024
1024
1024
1024
1024
1024
1024
1024
1024
1024
1024
1024
1024
1024
1024
1024
1024
1024
1024
1024
1024
1024
1024
1024
1024
1024
1024
1024
1024
1024
1024
1024
1024
1059
1093
1128
1162
1197
1232
1266
1301
1335
1370
1405
1439
1474
1508
1543
1578
1612
1647
1681
1716
1750
1785
1820
1854
1889
1923
1958
1993
2027
2048
2048
2048
2048
2048
2048
2048
2048
2048
2048
2048
2048
2048
2048
2048
2069
2103
2138
2173
2207
2242
2276
2311
2346
2380
2415
2449
2484
2518
2553
2588
2622
2657
2691
2726
2761
2795
2830
2864
2899
2934
2968
3003
3037
3072
3072
3072
3072
3072
3072
3072
3072
3072
3072
3072
3072
3072
3072
3072
3072
3072
3072
3072
3072
3072
3072
3072
3072
3072
3072
3072
3072
3072
3072
3072
3072
3072
3072
3072
3072
3072
3072
3072
3072
3072
3072
3072
3072
3072
3072
3072
3072
3072
3072
3072
3072
3072
3072
3072
3072
3072
3072
3072
3072
3072
3072
3072
3072
3072
3072
3072
3072
3072
3072
3072
3072
3072
3072
3072
3072
3072
3072
3072
3072
3072
3072
3072
3072
3072
3072
3072
3072
3072
3072
3072
3072
3072
3072
3072
3072
3072
3072
3072
3072
3072
3072
3072
3072
3072
3072
3072
3072
3072
3072
3072
3072
3072
3072
3072
3072
3072
3072
3072
3072
3072
3072
3072
3072
3072
3072
3072
3072
3072
3072
3072
3072
3072
3072
3072
3072
3072
3072
3072
3072
3072
3072
3072
3072
3072
1024
1024
1024
1024
1024
1024
1024
1024
1024
1024
1024
1024
1024
1024
1024
1024
1024
1024
1024
1024
1024
1024
1024
1024
1024
1024
1024
1024
1024
1024
1024
1024
1024
1024
1024
1024
1024
1024
1041
1075
1109
1143
1178
1212
1246
1280
1314
1348
1382
1417
1451
1485
1519
1553
1587
1621
1655
1690
1724
1758
1792
1826
1860
1894
1929
1963
1997
2031
2048
2048
2048
2048
2048
2048
2048
2048
2048
2048
2048
2048
2048
2048
2048
2065
2099
2133
2167
2202
2236
2270
2304
2338
2372
2406
2441
2475
2509
2543
2577
2611
2645
2679
2714
2748
2782
2816
2850
2884
2918
2953
2987
3021
3055
3072
3072
3072
3072
3072
3072
3072
3072
3072
3072
3072
3072
3072
3072
3072
3072
3072
3072
3072
3072
3072
3072
3072
3072
3072
3072
3072
3072
3072
3072
3072
3072
3072
3072
3072
3072
3072
3072
3072
3072
3072
3072
3072
3072
3072
3072
3072
3072
3072
3072
3072
3072
3072
3072
3072
3072
3072
3072
3072
3072
3072
3072
3072
3072
3072
3072
3072
3072
3072
3072
3072
3072
3072
3072
3072
3072
3072
3072
3072
3072
3072
3072
3072
3072
3072
3072
3072
3072
3072
3072
3072
3072
3072
3072
3072
3072
3072
3072
3072
3072
3072
3072
3072
3072
3072
3072
3072
3072
3072
3072
3072
3072
3072
3072
3072
3072
3072
3072
3072
3072
3072
3072
3072
3072
3072
3072
3072
3072
3072
3072
3072
3072
3072
3072
3072
3072
3072
3072
3072
3072
3072
3072
3072
1024
1024
1024
1024
1024
1024
1024
1024
1024
1024
1024
1024
1024
1024
1024
1024
1024
1024
1024
1024
1024
1024
1024
1024
1024
1024
1024
1024
1024
1024
1024
1024
1024
1024
1024
1024
1024
1024
1024
1058
1091
1125
1159
1192
1226
1260
1293
1327
1361
1395
1428
1462
1496
1529
1563
1597
1630
1664
1698
1731
1765
1799
1832
1866
1900
1933
1967
2001
2035
2048
2048
2048
2048
2048
2048
2048
2048
2048
2048
2048
2048
2048
2048
2048
2061
2095
2129
2163
2196
2230
2264
2297
2331
2365
2398
2432
2466
2499
2533
2567
2600
2634
2668
2701
2735
2769
2803
2836
2870
2904
2937
2971
3005
3038
3072
3072
3072
3072
3072
3072
3072
3072
3072
3072
3072
3072
3072
3072
3072
3072
3072
3072
3072
3072
3072
3072
3072
3072
3072
3072
3072
3072
3072
3072
3072
3072
3072
3072
3072
3072
3072
3072
3072
3072
3072
3072
3072
3072
3072
3072
3072
3072
3072
3072
3072
3072
3072
3072
3072
3072
3072
3072
3072
3072
3072
3072
3072
3072
3072
3072
3072
3072
3072
3072
3072
3072
3072
3072
3072
3072
3072
3072
3072
3072
3072
3072
3072
3072
3072
3072
3072
3072
3072
3072
3072
3072
3072
3072
3072
3072
3072
3072
3072
3072
3072
3072
3072
3072
3072
3072
3072
3072
3072
3072
3072
3072
3072
3072
3072
3072
3072
3072
3072
3072
3072
3072
3072
3072
3072
3072
3072
3072
3072
3072
3072
3072
3072
3072
3072
3072
3072
3072
3072
3072
3072
3072
1024
1024
1024
1024
1024
1024
1024
1024
1024
1024
1024
1024
1024
1024
1024
1024
1024
1024
1024
1024
1024
1024
1024
1024
1024
1024
1024
1024
1024
1024
1024
1024
1024
1024
1024
1024
1024
1024
1024
1041
1074
1107
1140
1174
1207
1240
1273
1307
1340
1373
1406
1440
1473
1506
1539
1573
1606
1639
1672
1706
1739
1772
1805
1839
1872
1905
1938
1972
2005
2038
2048
2048
2048
2048
2048
2048
2048
2048
2048
2048
2048
2048
2048
2048
2048
2058
2091
2124
2158
2191
2224
2257
2291
2324
2357
2390
2424
2457
2490
2523
2557
2590
2623
2656
2690
2723
2756
2789
2823
2856
2889
2922
2956
2989
3022
3055
3072
3072
3072
3072
3072
3072
3072
3072
3072
3072
3072
3072
3072
3072
3072
3072
3072
3072
3072
3072
3072
3072
3072
3072
3072
3072
3072
3072
3072
3072
3072
3072
3072
3072
3072
3072
3072
3072
3072
3072
3072
3072
3072
3072
3072
3072
3072
3072
3072
3072
3072
3072
3072
3072
3072
3072
3072
3072
3072
3072
3072
3072
3072
3072
3072
3072
3072
3072
3072
3072
3072
3072
3072
3072
3072
3072
3072
3072
3072
3072
3072
3072
3072
3072
3072
3072
3072
3072
3072
3072
3072
3072
3072
3072
3072
3072
3072
3072
3072
3072
3072
3072
3072
3072
3072
3072
3072
3072
3072
3072
3072
3072
3072
3072
3072
3072
3072
3072
3072
3072
3072
3072
3072
3072
3072
3072
3072
3072
3072
3072
3072
3072
3072
3072
3072
3072
3072
3072
3072
3072
1024
1024
1024
1024
1024
1024
1024
1024
1024
1024
1024
1024
1024
1024
1024
1024
1024
1024
1024
1024
1024
1024
1024
1024
1024
1024
1024
1024
1024
1024
1024
1024
1024
1024
1024
1024
1024
1024
1024
1024
1057
1090
1122
1155
1188
1221
1254
1287
1319
1352
1385
1418
1451
1483
1516
1549
1582
1615
1648
1680
1713
1746
1779
1812
1845
1877
1910
1943
1976
2009
2041
2048
2048
2048
2048
2048
2048
2048
2048
2048
2048
2048
2048
2048
2048
2048
2055
2087
2120
2153
2186
2219
2251
2284
2317
2350
2383
2416
2448
2481
2514
2547
2580
2613
2645
2678
2711
2744
2777
2809
2842
2875
2908
2941
2974
3006
3039
3072
3072
3072
3072
3072
3072
3072
3072
3072
3072
3072
3072
3072
3072
3072
3072
3072
3072
3072
3072
3072
3072
3072
3072
3072
3072
3072
3072
3072
3072
3072
3072
3072
3072
3072
3072
3072
3072
3072
3072
3072
3072
3072
3072
3072
3072
3072
3072
3072
3072
3072
3072
3072
3072
3072
3072
3072
3072
3072
3072
3072
3072
3072
3072
3072
3072
3072
3072
3072
3072
3072
3072
3072
3072
3072
3072
3072
3072
3072
3072
3072
3072
3072
3072
3072
3072
3072
3072
3072
3072
3072
3072
3072
3072
3072
3072
3072
3072
3072
3072
3072
3072
3072
3072
3072
3072
3072
3072
3072
3072
3072
3072
3072
3072
3072
3072
3072
3072
3072
3072
3072
3072
3072
3072
3072
3072
3072
3072
3072
3072
3072
3072
3072
3072
3072
3072
3072
3072
3072
1024
1024
1024
1024
1024
1024
1024
1024
1024
1024
1024
1024
1024
1024
1024
1024
1024
1024
1024
1024
1024
1024
1024
1024
1024
1024
1024
1024
1024
1024
1024
1024
1024
1024
1024
1024
1024
1024
1024
1024
1040
1073
1105
1137
1170
1202
1235
1267
1299
1332
1364
1397
1429
1461
1494
1526
1559
1591
1623
1656
1688
1721
1753
1786
1818
1850
1883
1915
1948
1980
2012
2045
2048
2048
2048
2048
2048
2048
2048
2048
2048
2048
2048
2048
2048
2048
2048
2051
2084
2116
2148
2181
2213
2246
2278
2310
2343
2375
2408
2440
2473
2505
2537
2570
2602
2635
2667
2699
2732
2764
2797
2829
2861
2894
2926
2959
2991
3023
3056
3072
3072
3072
3072
3072
3072
3072
3072
3072
3072
3072
3072
3072
3072
3072
3072
3072
3072
3072
3072
3072
3072
3072
3072
3072
3072
3072
3072
3072
3072
3072
3072
3072
3072
3072
3072
3072
3072
3072
3072
3072
3072
3072
3072
3072
3072
3072
3072
3072
3072
3072
3072
3072
3072
3072
3072
3072
3072
3072
3072
3072
3072
3072
3072
3072
3072
3072
3072
3072
3072
3072
3072
3072
3072
3072
3072
3072
3072
3072
3072
3072
3072
3072
3072
3072
3072
3072
3072
3072
3072
3072
3072
3072
3072
3072
3072
3072
3072
3072
3072
3072
3072
3072
3072
3072
3072
3072
3072
3072
3072
3072
3072
3072
3072
3072
3072
3072
3072
3072
3072
3072
3072
3072
3072
3072
3072
3072
3072
3072
3072
3072
3072
3072
3072
3072
3072
3072
1024
1024
1024
1024
1024
1024
1024
1024
1024
1024
1024
1024
1024
1024
1024
1024
1024
1024
1024
1024
1024
1024
1024
1024
1024
1024
1024
1024
1024
1024
1024
1024
1024
1024
1024
1024
1024
1024
1024
1024
1024
1056
1088
1120
1152
1184
1216
1248
1280
1312
1344
1376
1408
1440
1472
1504
1536
1568
1600
1632
1664
1696
1728
1760
1792
1824
1856
1888
1920
1952
1984
2016
2048
2048
2048
2048
2048
2048
2048
2048
2048
2048
2048
2048
2048
2048
2048
2048
2048
2080
2112
2144
2176
2208
2240
2272
2304
2336
2368
2400
2432
2464
2496
2528
2560
2592
2624
2656
2688
2720
2752
2784
2816
2848
2880
2912
2944
2976
3008
3040
3072
3072
3072
3072
3072
3072
3072
3072
3072
3072
3072
3072
3072
3072
3072
3072
3072
3072
3072
3072
3072
3072
3072
3072
3072
3072
3072
3072
3072
3072
3072
3072
3072
3072
3072
3072
3072
3072
3072
3072
3072
3072
3072
3072
3072
3072
3072
3072
3072
3072
3072
3072
3072
3072
3072
3072
3072
3072
3072
3072
3072
3072
3072
3072
3072
3072
3072
3072
3072
3072
3072
3072
3072
3072
3072
3072
3072
3072
3072
3072
3072
3072
3072
3072
3072
3072
3072
3072
3072
3072
3072
3072
3072
3072
3072
3072
3072
3072
3072
3072
3072
3072
3072
3072
3072
3072
3072
3072
3072
3072
3072
3072
3072
3072
3072
3072
3072
3072
3072
3072
3072
3072
3072
3072
3072
3072
3072
3072
3072
3072
3072
3072
3072
3072
3072
3072
1024
1024
1024
1024
1024
1024
1024
1024
1024
1024
1024
1024
1024
1024
1024
1024
1024
1024
1024
1024
1024
1024
1024
1024
1024
1024
1024
1024
1024
1024
1024
1024
1024
1024
1024
1024
1024
1024
1024
1024
1024
1040
1071
1103
1135
1166
1198
1229
1261
1293
1324
1356
1387
1419
1451
1482
1514
1545
1577
1609
1640
1672
1704
1735
1767
1798
1830
1862
1893
1925
1956
1988
2020
2048
2048
2048
2048
2048
2048
2048
2048
2048
2048
2048
2048
2048
2048
2048
2048
2048
2076
2108
2140
2171
2203
2234
2266
2298
2329
2361
2392
2424
2456
2487
2519
2551
2582
2614
2645
2677
2709
2740
2772
2803
2835
2867
2898
2930
2961
2993
3025
3056
3072
3072
3072
3072
3072
3072
3072
3072
3072
3072
3072
3072
3072
3072
3072
3072
3072
3072
3072
3072
3072
3072
3072
3072
3072
3072
3072
3072
3072
3072
3072
3072
3072
3072
3072
3072
3072
3072
3072
3072
3072
3072
3072
3072
3072
3072
3072
3072
3072
3072
3072
3072
3072
3072
3072
3072
3072
3072
3072
3072
3072
3072
3072
3072
3072
3072
3072
3072
3072
3072
3072
3072
3072
3072
3072
3072
3072
3072
3072
3072
3072
3072
3072
3072
3072
3072
3072
3072
3072
3072
3072
3072
3072
3072
3072
3072
3072
3072
3072
3072
3072
3072
3072
3072
3072
3072
3072
3072
3072
3072
3072
3072
3072
3072
3072
3072
3072
3072
3072
3072
3072
3072
3072
3072
3072
3072
3072
3072
3072
3072
3072
3072
3072
3072
1024
1024
1024
1024
1024
1024
1024
1024
1024
1024
1024
1024
1024
1024
1024
1024
1024
1024
1024
1024
1024
1024
1024
1024
1024
1024
1024
1024
1024
1024
1024
1024
1024
1024
1024
1024
1024
1024
1024
1024
1024
1024
1055
1086
1118
1149
1180
1211
1243
1274
1305
1336
1367
1399
1430
1461
1492
1524
1555
1586
1617
1648
1680
1711
1742
1773
1804
1836
1867
1898
1929
1961
1992
2023
2048
2048
2048
2048
2048
2048
2048
2048
2048
2048
2048
2048
2048
2048
2048
2048
2048
2073
2104
2135
2167
2198
2229
2260
2292
2323
2354
2385
2416
2448
2479
2510
2541
2572
2604
2635
2666
2697
2729
2760
2791
2822
2853
2885
2916
2947
2978
3010
3041
3072
3072
3072
3072
3072
3072
3072
3072
3072
3072
3072
3072
3072
3072
3072
3072
3072
3072
3072
3072
3072
3072
3072
3072
3072
3072
3072
3072
3072
3072
3072
3072
3072
3072
3072
3072
3072
3072
3072
3072
3072
3072
3072
3072
3072
3072
3072
3072
3072
3072
3072
3072
3072
3072
3072
3072
3072
3072
3072
3072
3072
3072
3072
3072
3072
3072
3072
3072
3072
3072
3072
3072
3072
3072
3072
3072
3072
3072
3072
3072
3072
3072
3072
3072
3072
3072
3072
3072
3072
3072
3072
3072
3072
3072
3072
3072
3072
3072
3072
3072
3072
3072
3072
3072
3072
3072
3072
3072
3072
3072
3072
3072
3072
3072
3072
3072
3072
3072
3072
3072
3072
3072
3072
3072
3072
3072
3072
3072
3072
3072
3072
3072
3072
1024
1024
1024
1024
1024
1024
1024
1024
1024
1024
1024
1024
1024
1024
1024
1024
1024
1024
1024
1024
1024
1024
1024
1024
1024
1024
1024
1024
1024
1024
1024
1024
1024
1024
1024
1024
1024
1024
1024
1024
1024
1024
1039
1070
1101
1132
1163
1194
1224
1255
1286
1317
1348
1379
1410
1440
1471
1502
1533
1564
1595
1625
1656
1687
1718
1749
1780
1811
1841
1872
1903
1934
1965
1996
2026
2048
2048
2048
2048
2048
2048
2048
2048
2048
2048
2048
2048
2048
2048
2048
2048
2048
2070
2100
2131
2162
2193
2224
2255
2285
2316
2347
2378
2409
2440
2471
2501
2532
2563
2594
2625
2656
2686
2717
2748
2779
2810
2841
2872
2902
2933
2964
2995
3026
3057
3072
3072
3072
3072
3072
3072
3072
3072
3072
3072
3072
3072
3072
3072
3072
3072
3072
3072
3072
3072
3072
3072
3072
3072
3072
3072
3072
3072
3072
3072
3072
3072
3072
3072
3072
3072
3072
3072
3072
3072
3072
3072
3072
3072
3072
3072
3072
3072
3072
3072
3072
3072
3072
3072
3072
3072
3072
3072
3072
3072
3072
3072
3072
3072
3072
3072
3072
3072
3072
3072
3072
3072
3072
3072
3072
3072
3072
3072
3072
3072
3072
3072
3072
3072
3072
3072
3072
3072
3072
3072
3072
3072
3072
3072
3072
3072
3072
3072
3072
3072
3072
3072
3072
3072
3072
3072
3072
3072
3072
3072
3072
3072
3072
3072
3072
3072
3072
3072
3072
3072
3072
3072
3072
3072
3072
3072
3072
3072
3072
3072
3072
1024
1024
1024
1024
1024
1024
1024
1024
1024
1024
1024
1024
1024
1024
1024
1024
1024
1024
1024
1024
1024
1024
1024
1024
1024
1024
1024
1024
1024
1024
1024
1024
1024
1024
1024
1024
1024
1024
1024
1024
1024
1024
1024
1054
1085
1115
1146
1176
1207
1237
1268
1298
1329
1359
1390
1420
1451
1481
1512
1542
1573
1603
1634
1664
1694
1725
1755
1786
1816
1847
1877
1908
1938
1969
1999
2030
2048
2048
2048
2048
2048
2048
2048
2048
2048
2048
2048
2048
2048
2048
2048
2048
2048
2066
2097
2127
2158
2188
2219
2249
2280
2310
2341
2371
2402
2432
2462
2493
2523
2554
2584
2615
2645
2676
2706
2737
2767
2798
2828
2859
2889
2920
2950
2981
3011
3042
3072
3072
3072
3072
3072
3072
3072
3072
3072
3072
3072
3072
3072
3072
3072
3072
3072
3072
3072
3072
3072
3072
3072
3072
3072
3072
3072
3072
3072
3072
3072
3072
3072
3072
3072
3072
3072
3072
3072
3072
3072
3072
3072
3072
3072
3072
3072
3072
3072
3072
3072
3072
3072
3072
3072
3072
3072
3072
3072
3072
3072
3072
3072
3072
3072
3072
3072
3072
3072
3072
3072
3072
3072
3072
3072
3072
3072
3072
3072
3072
3072
3072
3072
3072
3072
3072
3072
3072
3072
3072
3072
3072
3072
3072
3072
3072
3072
3072
3072
3072
3072
3072
3072
3072
3072
3072
3072
3072
3072
3072
3072
3072
3072
3072
3072
3072
3072
3072
3072
3072
3072
3072
3072
3072
3072
3072
3072
3072
3072
3072
1024
1024
1024
1024
1024
1024
1024
1024
1024
1024
1024
1024
1024
1024
1024
1024
1024
1024
1024
1024
1024
1024
1024
1024
1024
1024
1024
1024
1024
1024
1024
1024
1024
1024
1024
1024
1024
1024
1024
1024
1024
1024
1024
1039
1069
1099
1129
1160
1190
1220
1250
1280
1310
1340
1370
1400
1431
1461
1491
1521
1551
1581
1611
1641
1672
1702
1732
1762
1792
1822
1852
1882
1912
1943
1973
2003
2033
2048
2048
2048
2048
2048
2048
2048
2048
2048
2048
2048
2048
2048
2048
2048
2048
2048
2063
2093
2123
2153
2184
2214
2244
2274
2304
2334
2364
2394
2424
2455
2485
2515
2545
2575
2605
2635
2665
2696
2726
2756
2786
2816
2846
2876
2906
2936
2967
2997
3027
3057
3072
3072
3072
3072
3072
3072
3072
3072
3072
3072
3072
3072
3072
3072
3072
3072
3072
3072
3072
3072
3072
3072
3072
3072
3072
3072
3072
3072
3072
3072
3072
3072
3072
3072
3072
3072
3072
3072
3072
3072
3072
3072
3072
3072
3072
3072
3072
3072
3072
3072
3072
3072
3072
3072
3072
3072
3072
3072
3072
3072
3072
3072
3072
3072
3072
3072
3072
3072
3072
3072
3072
3072
3072
3072
3072
3072
3072
3072
3072
3072
3072
3072
3072
3072
3072
3072
3072
3072
3072
3072
3072
3072
3072
3072
3072
3072
3072
3072
3072
3072
3072
3072
3072
3072
3072
3072
3072
3072
3072
3072
3072
3072
3072
3072
3072
3072
3072
3072
3072
3072
3072
3072
3072
3072
3072
3072
3072
3072
1024
1024
1024
1024
1024
1024
1024
1024
1024
1024
1024
1024
1024
1024
1024
1024
1024
1024
1024
1024
1024
1024
1024
1024
1024
1024
1024
1024
1024
1024
1024
1024
1024
1024
1024
1024
1024
1024
1024
1024
1024
1024
1024
1024
1054
1084
1113
1143
1173
1203
1232
1262
1292
1322
1351
1381
1411
1441
1471
1500
1530
1560
1590
1619
1649
1679
1709
1738
1768
1798
1828
1857
1887
1917
1947
1977
2006
2036
2048
2048
2048
2048
2048
2048
2048
2048
2048
2048
2048
2048
2048
2048
2048
2048
2048
2060
2090
2119
2149
2179
2209
2239
2268
2298
2328
2358
2387
2417
2447
2477
2506
2536
2566
2596
2625
2655
2685
2715
2745
2774
2804
2834
2864
2893
2923
2953
2983
3012
3042
3072
3072
3072
3072
3072
3072
3072
3072
3072
3072
3072
3072
3072
3072
3072
3072
3072
3072
3072
3072
3072
3072
3072
3072
3072
3072
3072
3072
3072
3072
3072
3072
3072
3072
3072
3072
3072
3072
3072
3072
3072
3072
3072
3072
3072
3072
3072
3072
3072
3072
3072
3072
3072
3072
3072
3072
3072
3072
3072
3072
3072
3072
3072
3072
3072
3072
3072
3072
3072
3072
3072
3072
3072
3072
3072
3072
3072
3072
3072
3072
3072
3072
3072
3072
3072
3072
3072
3072
3072
3072
3072
3072
3072
3072
3072
3072
3072
3072
3072
3072
3072
3072
3072
3072
3072
3072
3072
3072
3072
3072
3072
3072
3072
3072
3072
3072
3072
3072
3072
3072
3072
3072
3072
3072
3072
3072
3072
1024
1024
1024
1024
1024
1024
1024
1024
1024
1024
1024
1024
1024
1024
1024
1024
1024
1024
1024
1024
1024
1024
1024
1024
1024
1024
1024
1024
1024
1024
1024
1024
1024
1024
1024
1024
1024
1024
1024
1024
1024
1024
1024
1024
1039
1068
1098
1127
1156
1186
1215
1245
1274
1304
1333
1362
1392
1421
1451
1480
1510
1539
1568
1598
1627
1657
1686
1715
1745
1774
1804
1833
1863
1892
1921
1951
1980
2010
2039
2048
2048
2048
2048
2048
2048
2048
2048
2048
2048
2048
2048
2048
2048
2048
2048
2048
2057
2086
2116
2145
2175
2204
2233
2263
2292
2322
2351
2381
2410
2439
2469
2498
2528
2557
2586
2616
2645
2675
2704
2734
2763
2792
2822
2851
2881
2910
2940
2969
2998
3028
3057
3072
3072
3072
3072
3072
3072
3072
3072
3072
3072
3072
3072
3072
3072
3072
3072
3072
3072
3072
3072
3072
3072
3072
3072
3072
3072
3072
3072
3072
3072
3072
3072
3072
3072
3072
3072
3072
3072
3072
3072
3072
3072
3072
3072
3072
3072
3072
3072
3072
3072
3072
3072
3072
3072
3072
3072
3072
3072
3072
3072
3072
3072
3072
3072
3072
3072
3072
3072
3072
3072
3072
3072
3072
3072
3072
3072
3072
3072
3072
3072
3072
3072
3072
3072
3072
3072
3072
3072
3072
3072
3072
3072
3072
3072
3072
3072
3072
3072
3072
3072
3072
3072
3072
3072
3072
3072
3072
3072
3072
3072
3072
3072
3072
3072
3072
3072
3072
3072
3072
3072
3072
3072
3072
3072
3072
1024
1024
1024
1024
1024
1024
1024
1024
1024
1024
1024
1024
1024
1024
1024
1024
1024
1024
1024
1024
1024
1024
1024
1024
1024
1024
1024
1024
1024
1024
1024
1024
1024
1024
1024
1024
1024
1024
1024
1024
1024
1024
1024
1024
1024
1053
1082
1111
1140
1169
1199
1228
1257
1286
1315
1344
1373
1402
1431
1460
1489
1519
1548
1577
1606
1635
1664
1693
1722
1751
1780
1809
1839
1868
1897
1926
1955
1984
2013
2042
2048
2048
2048
2048
2048
2048
2048
2048
2048
2048
2048
2048
2048
2048
2048
2048
2048
2054
2083
2112
2141
2170
2199
2228
2257
2287
2316
2345
2374
2403
2432
2461
2490
2519
2548
2577
2607
2636
2665
2694
2723
2752
2781
2810
2839
2868
2897
2927
2956
2985
3014
3043
3072
3072
3072
3072
3072
3072
3072
3072
3072
3072
3072
3072
3072
3072
3072
3072
3072
3072
3072
3072
3072
3072
3072
3072
3072
3072
3072
3072
3072
3072
3072
3072
3072
3072
3072
3072
3072
3072
3072
3072
3072
3072
3072
3072
3072
3072
3072
3072
3072
3072
3072
3072
3072
3072
3072
3072
3072
3072
3072
3072
3072
3072
3072
3072
3072
3072
3072
3072
3072
3072
3072
3072
3072
3072
3072
3072
3072
3072
3072
3072
3072
3072
3072
3072
3072
3072
3072
3072
3072
3072
3072
3072
3072
3072
3072
3072
3072
3072
3072
3072
3072
3072
3072
3072
3072
3072
3072
3072
3072
3072
3072
3072
3072
3072
3072
3072
3072
3072
3072
3072
3072
3072
3072
3072
1024
1024
1024
1024
1024
1024
1024
1024
1024
1024
1024
1024
1024
1024
1024
1024
1024
1024
1024
1024
1024
1024
1024
1024
1024
1024
1024
1024
1024
1024
1024
1024
1024
1024
1024
1024
1024
1024
1024
1024
1024
1024
1024
1024
1024
1038
1067
1096
1125
1153
1182
1211
1240
1268
1297
1326
1355
1384
1412
1441
1470
1499
1527
1556
1585
1614
1642
1671
1700
1729
1757
1786
1815
1844
1873
1901
1930
1959
1988
2016
2045
2048
2048
2048
2048
2048
2048
2048
2048
2048
2048
2048
2048
2048
2048
2048
2048
2048
2051
2080
2108
2137
2166
2195
2223
2252
2281
2310
2339
2367
2396
2425
2454
2482
2511
2540
2569
2597
2626
2655
2684
2712
2741
2770
2799
2828
2856
2885
2914
2943
2971
3000
3029
3058
3072
3072
3072
3072
3072
3072
3072
3072
3072
3072
3072
3072
3072
3072
3072
3072
3072
3072
3072
3072
3072
3072
3072
3072
3072
3072
3072
3072
3072
3072
3072
3072
3072
3072
3072
3072
3072
3072
3072
3072
3072
3072
3072
3072
3072
3072
3072
3072
3072
3072
3072
3072
3072
3072
3072
3072
3072
3072
3072
3072
3072
3072
3072
3072
3072
3072
3072
3072
3072
3072
3072
3072
3072
3072
3072
3072
3072
3072
3072
3072
3072
3072
3072
3072
3072
3072
3072
3072
3072
3072
3072
3072
3072
3072
3072
3072
3072
3072
3072
3072
3072
3072
3072
3072
3072
3072
3072
3072
3072
3072
3072
3072
3072
3072
3072
3072
3072
3072
3072
3072
3072
3072
1024
1024
1024
1024
1024
1024
1024
1024
1024
1024
1024
1024
1024
1024
1024
1024
1024
1024
1024
1024
1024
1024
1024
1024
1024
1024
1024
1024
1024
1024
1024
1024
1024
1024
1024
1024
1024
1024
1024
1024
1024
1024
1024
1024
1024
1024
1052
1081
1109
1138
1166
1195
1223
1252
1280
1308
1337
1365
1394
1422
1451
1479
1508
1536
1564
1593
1621
1650
1678
1707
1735
1764
1792
1820
1849
1877
1906
1934
1963
1991
2020
2048
2048
2048
2048
2048
2048
2048
2048
2048
2048
2048
2048
2048
2048
2048
2048
2048
2048
2048
2076
2105
2133
2162
2190
2219
2247
2276
2304
2332
2361
2389
2418
2446
2475
2503
2532
2560
2588
2617
2645
2674
2702
2731
2759
2788
2816
2844
2873
2901
2930
2958
2987
3015
3044
3072
3072
3072
3072
3072
3072
3072
3072
3072
3072
3072
3072
3072
3072
3072
3072
3072
3072
3072
3072
3072
3072
3072
3072
3072
3072
3072
3072
3072
3072
3072
3072
3072
3072
3072
3072
3072
3072
3072
3072
3072
3072
3072
3072
3072
3072
3072
3072
3072
3072
3072
3072
3072
3072
3072
3072
3072
3072
3072
3072
3072
3072
3072
3072
3072
3072
3072
3072
3072
3072
3072
3072
3072
3072
3072
3072
3072
3072
3072
3072
3072
3072
3072
3072
3072
3072
3072
3072
3072
3072
3072
3072
3072
3072
3072
3072
3072
3072
3072
3072
3072
3072
3072
3072
3072
3072
3072
3072
3072
3072
3072
3072
3072
3072
3072
3072
3072
3072
3072
3072
3072
1024
1024
1024
1024
1024
1024
1024
1024
1024
1024
1024
1024
1024
1024
1024
1024
1024
1024
1024
1024
1024
1024
1024
1024
1024
1024
1024
1024
1024
1024
1024
1024
1024
1024
1024
1024
1024
1024
1024
1024
1024
1024
1024
1024
1024
1024
1038
1066
1094
1122
1151
1179
1207
1235
1263
1291
1319
1348
1376
1404
1432
1460
1488
1516
1544
1573
1601
1629
1657
1685
1713
1741
1769
1798
1826
1854
1882
1910
1938
1966
1995
2023
2048
2048
2048
2048
2048
2048
2048
2048
2048
2048
2048
2048
2048
2048
2048
2048
2048
2048
2048
2073
2101
2130
2158
2186
2214
2242
2270
2298
2327
2355
2383
2411
2439
2467
2495
2523
2552
2580
2608
2636
2664
2692
2720
2748
2777
2805
2833
2861
2889
2917
2945
2974
3002
3030
3058
3072
3072
3072
3072
3072
3072
3072
3072
3072
3072
3072
3072
3072
3072
3072
3072
3072
3072
3072
3072
3072
3072
3072
3072
3072
3072
3072
3072
3072
3072
3072
3072
3072
3072
3072
3072
3072
3072
3072
3072
3072
3072
3072
3072
3072
3072
3072
3072
3072
3072
3072
3072
3072
3072
3072
3072
3072
3072
3072
3072
3072
3072
3072
3072
3072
3072
3072
3072
3072
3072
3072
3072
3072
3072
3072
3072
3072
3072
3072
3072
3072
3072
3072
3072
3072
3072
3072
3072
3072
3072
3072
3072
3072
3072
3072
3072
3072
3072
3072
3072
3072
3072
3072
3072
3072
3072
3072
3072
3072
3072
3072
3072
3072
3072
3072
3072
3072
3072
3072
1024
1024
1024
1024
1024
1024
1024
1024
1024
1024
1024
1024
1024
1024
1024
1024
1024
1024
1024
1024
1024
1024
1024
1024
1024
1024
1024
1024
1024
1024
1024
1024
1024
1024
1024
1024
1024
1024
1024
1024
1024
1024
1024
1024
1024
1024
1024
1052
1080
1107
1135
1163
1191
1219
1247
1274
1302
1330
1358
1386
1414
1441
1469
1497
1525
1553
1581
1608
1636
1664
1692
1720
1747
1775
1803
1831
1859
1887
1914
1942
1970
1998
2026
2048
2048
2048
2048
2048
2048
2048
2048
2048
2048
2048
2048
2048
2048
2048
2048
2048
2048
2048
2070
2098
2126
2154
2182
2209
2237
2265
2293
2321
2349
2376
2404
2432
2460
2488
2515
2543
2571
2599
2627
2655
2682
2710
2738
2766
2794
2822
2849
2877
2905
2933
2961
2989
3016
3044
3072
3072
3072
3072
3072
3072
3072
3072
3072
3072
3072
3072
3072
3072
3072
3072
3072
3072
3072
3072
3072
3072
3072
3072
3072
3072
3072
3072
3072
3072
3072
3072
3072
3072
3072
3072
3072
3072
3072
3072
3072
3072
3072
3072
3072
3072
3072
3072
3072
3072
3072
3072
3072
3072
3072
3072
3072
3072
3072
3072
3072
3072
3072
3072
3072
3072
3072
3072
3072
3072
3072
3072
3072
3072
3072
3072
3072
3072
3072
3072
3072
3072
3072
3072
3072
3072
3072
3072
3072
3072
3072
3072
3072
3072
3072
3072
3072
3072
3072
3072
3072
3072
3072
3072
3072
3072
3072
3072
3072
3072
3072
3072
3072
3072
3072
3072
3072
3072
1024
1024
1024
1024
1024
1024
1024
1024
1024
1024
1024
1024
1024
1024
1024
1024
1024
1024
1024
1024
1024
1024
1024
1024
1024
1024
1024
1024
1024
1024
1024
1024
1024
1024
1024
1024
1024
1024
1024
1024
1024
1024
1024
1024
1024
1024
1024
1038
1065
1093
1120
1148
1175
1203
1230
1258
1286
1313
1341
1368
1396
1423
1451
1478
1506
1533
1561
1588
1616
1643
1671
1698
1726
1753
1781
1809
1836
1864
1891
1919
1946
1974
2001
2029
2048
2048
2048
2048
2048
2048
2048
2048
2048
2048
2048
2048
2048
2048
2048
2048
2048
2048
2048
2067
2095
2122
2150
2177
2205
2232
2260
2287
2315
2343
2370
2398
2425
2453
2480
2508
2535
2563
2590
2618
2645
2673
2700
2728
2755
2783
2810
2838
2866
2893
2921
2948
2976
3003
3031
3058
3072
3072
3072
3072
3072
3072
3072
3072
3072
3072
3072
3072
3072
3072
3072
3072
3072
3072
3072
3072
3072
3072
3072
3072
3072
3072
3072
3072
3072
3072
3072
3072
3072
3072
3072
3072
3072
3072
3072
3072
3072
3072
3072
3072
3072
3072
3072
3072
3072
3072
3072
3072
3072
3072
3072
3072
3072
3072
3072
3072
3072
3072
3072
3072
3072
3072
3072
3072
3072
3072
3072
3072
3072
3072
3072
3072
3072
3072
3072
3072
3072
3072
3072
3072
3072
3072
3072
3072
3072
3072
3072
3072
3072
3072
3072
3072
3072
3072
3072
3072
3072
3072
3072
3072
3072
3072
3072
3072
3072
3072
3072
3072
3072
3072
3072
3072
1024
1024
1024
1024
1024
1024
1024
1024
1024
1024
1024
1024
1024
1024
1024
1024
1024
1024
1024
1024
1024
1024
1024
1024
1024
1024
1024
1024
1024
1024
1024
1024
1024
1024
1024
1024
1024
1024
1024
1024
1024
1024
1024
1024
1024
1024
1024
1024
1051
1078
1106
1133
1160
1187
1215
1242
1269
1296
1324
1351
1378
1405
1433
1460
1487
1514
1541
1569
1596
1623
1650
1678
1705
1732
1759
1787
1814
1841
1868
1895
1923
1950
1977
2004
2032
2048
2048
2048
2048
2048
2048
2048
2048
2048
2048
2048
2048
2048
2048
2048
2048
2048
2048
2048
2064
2092
2119
2146
2173
2201
2228
2255
2282
2309
2337
2364
2391
2418
2446
2473
2500
2527
2555
2582
2609
2636
2663
2691
2718
2745
2772
2800
2827
2854
2881
2909
2936
2963
2990
3018
3045
3072
3072
3072
3072
3072
3072
3072
3072
3072
3072
3072
3072
3072
3072
3072
3072
3072
3072
3072
3072
3072
3072
3072
3072
3072
3072
3072
3072
3072
3072
3072
3072
3072
3072
3072
3072
3072
3072
3072
3072
3072
3072
3072
3072
3072
3072
3072
3072
3072
3072
3072
3072
3072
3072
3072
3072
3072
3072
3072
3072
3072
3072
3072
3072
3072
3072
3072
3072
3072
3072
3072
3072
3072
3072
3072
3072
3072
3072
3072
3072
3072
3072
3072
3072
3072
3072
3072
3072
3072
3072
3072
3072
3072
3072
3072
3072
3072
3072
3072
3072
3072
3072
3072
3072
3072
3072
3072
3072
3072
3072
3072
3072
3072
3072
3072
1024
1024
1024
1024
1024
1024
1024
1024
1024
1024
1024
1024
1024
1024
1024
1024
1024
1024
1024
1024
1024
1024
1024
1024
1024
1024
1024
1024
1024
1024
1024
1024
1024
1024
1024
1024
1024
1024
1024
1024
1024
1024
1024
1024
1024
1024
1024
1024
1037
1064
1091
1118
1145
1172
1199
1226
1253
1280
1307
1334
1361
1388
1415
1442
1469
1496
1523
1549
1576
1603
1630
1657
1684
1711
1738
1765
1792
1819
1846
1873
1900
1927
1954
1981
2008
2035
2048
2048
2048
2048
2048
2048
2048
2048
2048
2048
2048
2048
2048
2048
2048
2048
2048
2048
2048
2061
2088
2115
2142
2169
2196
2223
2250
2277
2304
2331
2358
2385
2412
2439
2466
2493
2520
2547
2573
2600
2627
2654
2681
2708
2735
2762
2789
2816
2843
2870
2897
2924
2951
2978
3005
3032
3059
3072
3072
3072
3072
3072
3072
3072
3072
3072
3072
3072
3072
3072
3072
3072
3072
3072
3072
3072
3072
3072
3072
3072
3072
3072
3072
3072
3072
3072
3072
3072
3072
3072
3072
3072
3072
3072
3072
3072
3072
3072
3072
3072
3072
3072
3072
3072
3072
3072
3072
3072
3072
3072
3072
3072
3072
3072
3072
3072
3072
3072
3072
3072
3072
3072
3072
3072
3072
3072
3072
3072
3072
3072
3072
3072
3072
3072
3072
3072
3072
3072
3072
3072
3072
3072
3072
3072
3072
3072
3072
3072
3072
3072
3072
3072
3072
3072
3072
3072
3072
3072
3072
3072
3072
3072
3072
3072
3072
3072
3072
3072
3072
3072
1024
1024
1024
1024
1024
1024
1024
1024
1024
1024
1024
1024
1024
1024
1024
1024
1024
1024
1024
1024
1024
1024
1024
1024
1024
1024
1024
1024
1024
1024
1024
1024
1024
1024
1024
1024
1024
1024
1024
1024
1024
1024
1024
1024
1024
1024
1024
1024
1024
1051
1077
1104
1131
1157
1184
1211
1237
1264
1291
1317
1344
1371
1397
1424
1451
1477
1504
1531
1557
1584
1611
1637
1664
1691
1717
1744
1771
1797
1824
1851
1877
1904
1931
1957
1984
2011
2037
2048
2048
2048
2048
2048
2048
2048
2048
2048
2048
2048
2048
2048
2048
2048
2048
2048
2048
2048
2059
2085
2112
2139
2165
2192
2219
2245
2272
2299
2325
2352
2379
2405
2432
2459
2485
2512
2539
2565
2592
2619
2645
2672
2699
2725
2752
2779
2805
2832
2859
2885
2912
2939
2965
2992
3019
3045
3072
3072
3072
3072
3072
3072
3072
3072
3072
3072
3072
3072
3072
3072
3072
3072
3072
3072
3072
3072
3072
3072
3072
3072
3072
3072
3072
3072
3072
3072
3072
3072
3072
3072
3072
3072
3072
3072
3072
3072
3072
3072
3072
3072
3072
3072
3072
3072
3072
3072
3072
3072
3072
3072
3072
3072
3072
3072
3072
3072
3072
3072
3072
3072
3072
3072
3072
3072
3072
3072
3072
3072
3072
3072
3072
3072
3072
3072
3072
3072
3072
3072
3072
3072
3072
3072
3072
3072
3072
3072
3072
3072
3072
3072
3072
3072
3072
3072
3072
3072
3072
3072
3072
3072
3072
3072
3072
3072
3072
3072
3072
3072
1024
1024
1024
1024
1024
1024
1024
1024
1024
1024
1024
1024
1024
1024
1024
1024
1024
1024
1024
1024
1024
1024
1024
1024
1024
1024
1024
1024
1024
1024
1024
1024
1024
1024
1024
1024
1024
1024
1024
1024
1024
1024
1024
1024
1024
1024
1024
1024
1024
1037
1064
1090
1116
1143
1169
1196
1222
1248
1275
1301
1328
1354
1380
1407
1433
1459
1486
1512
1539
1565
1591
1618
1644
1671
1697
1723
1750
1776
1803
1829
1855
1882
1908
1935
1961
1987
2014
2040
2048
2048
2048
2048
2048
2048
2048
2048
2048
2048
2048
2048
2048
2048
2048
2048
2048
2048
2048
2056
2082
2109
2135
2161
2188
2214
2241
2267
2293
2320
2346
2373
2399
2425
2452
2478
2505
2531
2557
2584
2610
2637
2663
2689
2716
2742
2768
2795
2821
2848
2874
2900
2927
2953
2980
3006
3032
3059
3072
3072
3072
3072
3072
3072
3072
3072
3072
3072
3072
3072
3072
3072
3072
3072
3072
3072
3072
3072
3072
3072
3072
3072
3072
3072
3072
3072
3072
3072
3072
3072
3072
3072
3072
3072
3072
3072
3072
3072
3072
3072
3072
3072
3072
3072
3072
3072
3072
3072
3072
3072
3072
3072
3072
3072
3072
3072
3072
3072
3072
3072
3072
3072
3072
3072
3072
3072
3072
3072
3072
3072
3072
3072
3072
3072
3072
3072
3072
3072
3072
3072
3072
3072
3072
3072
3072
3072
3072
3072
3072
3072
3072
3072
3072
3072
3072
3072
3072
3072
3072
3072
3072
3072
3072
3072
3072
3072
3072
3072
1024
1024
1024
1024
1024
1024
1024
1024
1024
1024
1024
1024
1024
1024
1024
1024
1024
1024
1024
1024
1024
1024
1024
1024
1024
1024
1024
1024
1024
1024
1024
1024
1024
1024
1024
1024
1024
1024
1024
1024
1024
1024
1024
1024
1024
1024
1024
1024
1024
1024
1050
1076
1102
1128
1155
1181
1207
1233
1259
1285
1311
1337
1364
1390
1416
1442
1468
1494
1520
1546
1573
1599
1625
1651
1677
1703
1729
1755
1782
1808
1834
1860
1886
1912
1938
1964
1991
2017
2043
2048
2048
2048
2048
2048
2048
2048
2048
2048
2048
2048
2048
2048
2048
2048
2048
2048
2048
2048
2053
2079
2105
2132
2158
2184
2210
2236
2262
2288
2314
2341
2367
2393
2419
2445
2471
2497
2523
2550
2576
2602
2628
2654
2680
2706
2732
2759
2785
2811
2837
2863
2889
2915
2941
2968
2994
3020
3046
3072
3072
3072
3072
3072
3072
3072
3072
3072
3072
3072
3072
3072
3072
3072
3072
3072
3072
3072
3072
3072
3072
3072
3072
3072
3072
3072
3072
3072
3072
3072
3072
3072
3072
3072
3072
3072
3072
3072
3072
3072
3072
3072
3072
3072
3072
3072
3072
3072
3072
3072
3072
3072
3072
3072
3072
3072
3072
3072
3072
3072
3072
3072
3072
3072
3072
3072
3072
3072
3072
3072
3072
3072
3072
3072
3072
3072
3072
3072
3072
3072
3072
3072
3072
3072
3072
3072
3072
3072
3072
3072
3072
3072
3072
3072
3072
3072
3072
3072
3072
3072
3072
3072
3072
3072
3072
3072
3072
3072
1024
1024
1024
1024
1024
1024
1024
1024
1024
1024
1024
1024
1024
1024
1024
1024
1024
1024
1024
1024
1024
1024
1024
1024
1024
1024
1024
1024
1024
1024
1024
1024
1024
1024
1024
1024
1024
1024
1024
1024
1024
1024
1024
1024
1024
1024
1024
1024
1024
1024
1037
1063
1089
1115
1140
1166
1192
1218
1244
1270
1296
1321
1347
1373
1399
1425
1451
1477
1502
1528
1554
1580
1606
1632
1658
1683
1709
1735
1761
1787
1813
1839
1864
1890
1916
1942
1968
1994
2020
2045
2048
2048
2048
2048
2048
2048
2048
2048
2048
2048
2048
2048
2048
2048
2048
2048
2048
2048
2048
2051
2076
2102
2128
2154
2180
2206
2232
2257
2283
2309
2335
2361
2387
2413
2438
2464
2490
2516
2542
2568
2594
2619
2645
2671
2697
2723
2749
2775
2800
2826
2852
2878
2904
2930
2956
2981
3007
3033
3059
3072
3072
3072
3072
3072
3072
3072
3072
3072
3072
3072
3072
3072
3072
3072
3072
3072
3072
3072
3072
3072
3072
3072
3072
3072
3072
3072
3072
3072
3072
3072
3072
3072
3072
3072
3072
3072
3072
3072
3072
3072
3072
3072
3072
3072
3072
3072
3072
3072
3072
3072
3072
3072
3072
3072
3072
3072
3072
3072
3072
3072
3072
3072
3072
3072
3072
3072
3072
3072
3072
3072
3072
3072
3072
3072
3072
3072
3072
3072
3072
3072
3072
3072
3072
3072
3072
3072
3072
3072
3072
3072
3072
3072
3072
3072
3072
3072
3072
3072
3072
3072
3072
3072
3072
3072
3072
3072
1024
1024
1024
1024
1024
1024
1024
1024
1024
1024
1024
1024
1024
1024
1024
1024
1024
1024
1024
1024
1024
1024
1024
1024
1024
1024
1024
1024
1024
1024
1024
1024
1024
1024
1024
1024
1024
1024
1024
1024
1024
1024
1024
1024
1024
1024
1024
1024
1024
1024
1024
1050
1075
1101
1126
1152
1178
1203
1229
1254
1280
1306
1331
1357
1382
1408
1434
1459
1485
1510
1536
1562
1587
1613
1638
1664
1690
1715
1741
1766
1792
1818
1843
1869
1894
1920
1946
1971
1997
2022
2048
2048
2048
2048
2048
2048
2048
2048
2048
2048
2048
2048
2048
2048
2048
2048
2048
2048
2048
2048
2048
2074
2099
2125
2150
2176
2202
2227
2253
2278
2304
2330
2355
2381
2406
2432
2458
2483
2509
2534
2560
2586
2611
2637
2662
2688
2714
2739
2765
2790
2816
2842
2867
2893
2918
2944
2970
2995
3021
3046
3072
3072
3072
3072
3072
3072
3072
3072
3072
3072
3072
3072
3072
3072
3072
3072
3072
3072
3072
3072
3072
3072
3072
3072
3072
3072
3072
3072
3072
3072
3072
3072
3072
3072
3072
3072
3072
3072
3072
3072
3072
3072
3072
3072
3072
3072
3072
3072
3072
3072
3072
3072
3072
3072
3072
3072
3072
3072
3072
3072
3072
3072
3072
3072
3072
3072
3072
3072
3072
3072
3072
3072
3072
3072
3072
3072
3072
3072
3072
3072
3072
3072
3072
3072
3072
3072
3072
3072
3072
3072
3072
3072
3072
3072
3072
3072
3072
3072
3072
3072
3072
3072
3072
3072
3072
3072
1024
1024
1024
1024
1024
1024
1024
1024
1024
1024
1024
1024
1024
1024
1024
1024
1024
1024
1024
1024
1024
1024
1024
1024
1024
1024
1024
1024
1024
1024
1024
1024
1024
1024
1024
1024
1024
1024
1024
1024
1024
1024
1024
1024
1024
1024
1024
1024
1024
1024
1024
1037
1062
1087
1113
1138
1163
1189
1214
1239
1265
1290
1315
1341
1366
1392
1417
1442
1468
1493
1518
1544
1569
1594
1620
1645
1670
1696
1721
1746
1772
1797
1822
1848
1873
1898
1924
1949
1974
2000
2025
2048
2048
2048
2048
2048
2048
2048
2048
2048
2048
2048
2048
2048
2048
2048
2048
2048
2048
2048
2048
2048
2071
2096
2122
2147
2172
2198
2223
2248
2274
2299
2324
2350
2375
2400
2426
2451
2476
2502
2527
2552
2578
2603
2628
2654
2679
2704
2730
2755
2781
2806
2831
2857
2882
2907
2933
2958
2983
3009
3034
3059
3072
3072
3072
3072
3072
3072
3072
3072
3072
3072
3072
3072
3072
3072
3072
3072
3072
3072
3072
3072
3072
3072
3072
3072
3072
3072
3072
3072
3072
3072
3072
3072
3072
3072
3072
3072
3072
3072
3072
3072
3072
3072
3072
3072
3072
3072
3072
3072
3072
3072
3072
3072
3072
3072
3072
3072
3072
3072
3072
3072
3072
3072
3072
3072
3072
3072
3072
3072
3072
3072
3072
3072
3072
3072
3072
3072
3072
3072
3072
3072
3072
3072
3072
3072
3072
3072
3072
3072
3072
3072
3072
3072
3072
3072
3072
3072
3072
3072
3072
3072
3072
3072
3072
3072
1024
1024
1024
1024
1024
1024
1024
1024
1024
1024
1024
1024
1024
1024
1024
1024
1024
1024
1024
1024
1024
1024
1024
1024
1024
1024
1024
1024
1024
1024
1024
1024
1024
1024
1024
1024
1024
1024
1024
1024
1024
1024
1024
1024
1024
1024
1024
1024
1024
1024
1024
1024
1049
1074
1099
1124
1149
1175
1200
1225
1250
1275
1300
1325
1350
1375
1400
1426
1451
1476
1501
1526
1551
1576
1601
1626
1651
1677
1702
1727
1752
1777
1802
1827
1852
1877
1902
1928
1953
1978
2003
2028
2048
2048
2048
2048
2048
2048
2048
2048
2048
2048
2048
2048
2048
2048
2048
2048
2048
2048
2048
2048
2048
2068
2093
2118
2143
2168
2194
2219
2244
2269
2294
2319
2344
2369
2394
2419
2445
2470
2495
2520
2545
2570
2595
2620
2645
2670
2696
2721
2746
2771
2796
2821
2846
2871
2896
2921
2947
2972
2997
3022
3047
3072
3072
3072
3072
3072
3072
3072
3072
3072
3072
3072
3072
3072
3072
3072
3072
3072
3072
3072
3072
3072
3072
3072
3072
3072
3072
3072
3072
3072
3072
3072
3072
3072
3072
3072
3072
3072
3072
3072
3072
3072
3072
3072
3072
3072
3072
3072
3072
3072
3072
3072
3072
3072
3072
3072
3072
3072
3072
3072
3072
3072
3072
3072
3072
3072
3072
3072
3072
3072
3072
3072
3072
3072
3072
3072
3072
3072
3072
3072
3072
3072
3072
3072
3072
3072
3072
3072
3072
3072
3072
3072
3072
3072
3072
3072
3072
3072
3072
3072
3072
3072
3072
3072
1024
1024
1024
1024
1024
1024
1024
1024
1024
1024
1024
1024
1024
1024
1024
1024
1024
1024
1024
1024
1024
1024
1024
1024
1024
1024
1024
1024
1024
1024
1024
1024
1024
1024
1024
1024
1024
1024
1024
1024
1024
1024
1024
1024
1024
1024
1024
1024
1024
1024
1024
1024
1036
1061
1086
1111
1136
1161
1186
1210
1235
1260
1285
1310
1335
1360
1384
1409
1434
1459
1484
1509
1534
1558
1583
1608
1633
1658
1683
1707
1732
1757
1782
1807
1832
1857
1881
1906
1931
1956
1981
2006
2031
2048
2048
2048
2048
2048
2048
2048
2048
2048
2048
2048
2048
2048
2048
2048
2048
2048
2048
2048
2048
2048
2065
2090
2115
2140
2165
2190
2215
2239
2264
2289
2314
2339
2364
2389
2413
2438
2463
2488
2513
2538
2562
2587
2612
2637
2662
2687
2712
2736
2761
2786
2811
2836
2861
2886
2910
2935
2960
2985
3010
3035
3060
3072
3072
3072
3072
3072
3072
3072
3072
3072
3072
3072
3072
3072
3072
3072
3072
3072
3072
3072
3072
3072
3072
3072
3072
3072
3072
3072
3072
3072
3072
3072
3072
3072
3072
3072
3072
3072
3072
3072
3072
3072
3072
3072
3072
3072
3072
3072
3072
3072
3072
3072
3072
3072
3072
3072
3072
3072
3072
3072
3072
3072
3072
3072
3072
3072
3072
3072
3072
3072
3072
3072
3072
3072
3072
3072
3072
3072
3072
3072
3072
3072
3072
3072
3072
3072
3072
3072
3072
3072
3072
3072
3072
3072
3072
3072
3072
3072
3072
3072
3072
3072
1024
1024
1024
1024
1024
1024
1024
1024
1024
1024
1024
1024
1024
1024
1024
1024
1024
1024
1024
1024
1024
1024
1024
1024
1024
1024
1024
1024
1024
1024
1024
1024
1024
1024
1024
1024
1024
1024
1024
1024
1024
1024
1024
1024
1024
1024
1024
1024
1024
1024
1024
1024
1024
1049
1073
1098
1122
1147
1172
1196
1221
1246
1270
1295
1319
1344
1369
1393
1418
1442
1467
1492
1516
1541
1566
1590
1615
1639
1664
1689
1713
1738
1762
1787
1812
1836
1861
1886
1910
1935
1959
1984
2009
2033
2048
2048
2048
2048
2048
2048
2048
2048
2048
2048
2048
2048
2048
2048
2048
2048
2048
2048
2048
2048
2048
2063
2087
2112
2137
2161
2186
2210
2235
2260
2284
2309
2334
2358
2383
2407
2432
2457
2481
2506
2530
2555
2580
2604
2629
2654
2678
2703
2727
2752
2777
2801
2826
2850
2875
2900
2924
2949
2974
2998
3023
3047
3072
3072
3072
3072
3072
3072
3072
3072
3072
3072
3072
3072
3072
3072
3072
3072
3072
3072
3072
3072
3072
3072
3072
3072
3072
3072
3072
3072
3072
3072
3072
3072
3072
3072
3072
3072
3072
3072
3072
3072
3072
3072
3072
3072
3072
3072
3072
3072
3072
3072
3072
3072
3072
3072
3072
3072
3072
3072
3072
3072
3072
3072
3072
3072
3072
3072
3072
3072
3072
3072
3072
3072
3072
3072
3072
3072
3072
3072
3072
3072
3072
3072
3072
3072
3072
3072
3072
3072
3072
3072
3072
3072
3072
3072
3072
3072
3072
3072
3072
3072
1024
1024
1024
1024
1024
1024
1024
1024
1024
1024
1024
1024
1024
1024
1024
1024
1024
1024
1024
1024
1024
1024
1024
1024
1024
1024
1024
1024
1024
1024
1024
1024
1024
1024
1024
1024
1024
1024
1024
1024
1024
1024
1024
1024
1024
1024
1024
1024
1024
1024
1024
1024
1024
1036
1061
1085
1109
1134
1158
1182
1207
1231
1256
1280
1304
1329
1353
1378
1402
1426
1451
1475
1499
1524
1548
1573
1597
1621
1646
1670
1694
1719
1743
1768
1792
1816
1841
1865
1890
1914
1938
1963
1987
2011
2036
2048
2048
2048
2048
2048
2048
2048
2048
2048
2048
2048
2048
2048
2048
2048
2048
2048
2048
2048
2048
2048
2060
2085
2109
2133
2158
2182
2206
2231
2255
2280
2304
2328
2353
2377
2402
2426
2450
2475
2499
2523
2548
2572
2597
2621
2645
2670
2694
2718
2743
2767
2792
2816
2840
2865
2889
2914
2938
2962
2987
3011
3035
3060
3072
3072
3072
3072
3072
3072
3072
3072
3072
3072
3072
3072
3072
3072
3072
3072
3072
3072
3072
3072
3072
3072
3072
3072
3072
3072
3072
3072
3072
3072
3072
3072
3072
3072
3072
3072
3072
3072
3072
3072
3072
3072
3072
3072
3072
3072
3072
3072
3072
3072
3072
3072
3072
3072
3072
3072
3072
3072
3072
3072
3072
3072
3072
3072
3072
3072
3072
3072
3072
3072
3072
3072
3072
3072
3072
3072
3072
3072
3072
3072
3072
3072
3072
3072
3072
3072
3072
3072
3072
3072
3072
3072
3072
3072
3072
3072
3072
3072
1024
1024
1024
1024
1024
1024
1024
1024
1024
1024
1024
1024
1024
1024
1024
1024
1024
1024
1024
1024
1024
1024
1024
1024
1024
1024
1024
1024
1024
1024
1024
1024
1024
1024
1024
1024
1024
1024
1024
1024
1024
1024
1024
1024
1024
1024
1024
1024
1024
1024
1024
1024
1024
1024
1048
1072
1096
1121
1145
1169
1193
1217
1241
1266
1290
1314
1338
1362
1386
1410
1435
1459
1483
1507
1531
1555
1579
1604
1628
1652
1676
1700
1724
1749
1773
1797
1821
1845
1869
1893
1918
1942
1966
1990
2014
2038
2048
2048
2048
2048
2048
2048
2048
2048
2048
2048
2048
2048
2048
2048
2048
2048
2048
2048
2048
2048
2048
2058
2082
2106
2130
2154
2178
2203
2227
2251
2275
2299
2323
2347
2372
2396
2420
2444
2468
2492
2517
2541
2565
2589
2613
2637
2661
2686
2710
2734
2758
2782
2806
2830
2855
2879
2903
2927
2951
2975
3000
3024
3048
3072
3072
3072
3072
3072
3072
3072
3072
3072
3072
3072
3072
3072
3072
3072
3072
3072
3072
3072
3072
3072
3072
3072
3072
3072
3072
3072
3072
3072
3072
3072
3072
3072
3072
3072
3072
3072
3072
3072
3072
3072
3072
3072
3072
3072
3072
3072
3072
3072
3072
3072
3072
3072
3072
3072
3072
3072
3072
3072
3072
3072
3072
3072
3072
3072
3072
3072
3072
3072
3072
3072
3072
3072
3072
3072
3072
3072
3072
3072
3072
3072
3072
3072
3072
3072
3072
3072
3072
3072
3072
3072
3072
3072
3072
3072
3072
3072
1024
1024
1024
1024
1024
1024
1024
1024
1024
1024
1024
1024
1024
1024
1024
1024
1024
1024
1024
1024
1024
1024
1024
1024
1024
1024
1024
1024
1024
1024
1024
1024
1024
1024
1024
1024
1024
1024
1024
1024
1024
1024
1024
1024
1024
1024
1024
1024
1024
1024
1024
1024
1024
1024
1036
1060
1084
1108
1132
1156
1180
1203
1227
1251
1275
1299
1323
1347
1371
1395
1419
1443
1467
1491
1514
1538
1562
1586
1610
1634
1658
1682
1706
1730
1754
1778
1802
1825
1849
1873
1897
1921
1945
1969
1993
2017
2041
2048
2048
2048
2048
2048
2048
2048
2048
2048
2048
2048
2048
2048
2048
2048
2048
2048
2048
2048
2048
2048
2055
2079
2103
2127
2151
2175
2199
2223
2247
2271
2294
2318
2342
2366
2390
2414
2438
2462
2486
2510
2534
2558
2582
2605
2629
2653
2677
2701
2725
2749
2773
2797
2821
2845
2869
2893
2916
2940
2964
2988
3012
3036
3060
3072
3072
3072
3072
3072
3072
3072
3072
3072
3072
3072
3072
3072
3072
3072
3072
3072
3072
3072
3072
3072
3072
3072
3072
3072
3072
3072
3072
3072
3072
3072
3072
3072
3072
3072
3072
3072
3072
3072
3072
3072
3072
3072
3072
3072
3072
3072
3072
3072
3072
3072
3072
3072
3072
3072
3072
3072
3072
3072
3072
3072
3072
3072
3072
3072
3072
3072
3072
3072
3072
3072
3072
3072
3072
3072
3072
3072
3072
3072
3072
3072
3072
3072
3072
3072
3072
3072
3072
3072
3072
3072
3072
3072
3072
3072
1024
1024
1024
1024
1024
1024
1024
1024
1024
1024
1024
1024
1024
1024
1024
1024
1024
1024
1024
1024
1024
1024
1024
1024
1024
1024
1024
1024
1024
1024
1024
1024
1024
1024
1024
1024
1024
1024
1024
1024
1024
1024
1024
1024
1024
1024
1024
1024
1024
1024
1024
1024
1024
1024
1024
1048
1071
1095
1119
1143
1166
1190
1214
1237
1261
1285
1308
1332
1356
1380
1403
1427
1451
1474
1498
1522
1545
1569
1593
1617
1640
1664
1688
1711
1735
1759
1783
1806
1830
1854
1877
1901
1925
1948
1972
1996
2020
2043
2048
2048
2048
2048
2048
2048
2048
2048
2048
2048
2048
2048
2048
2048
2048
2048
2048
2048
2048
2048
2048
2053
2076
2100
2124
2148
2171
2195
2219
2242
2266
2290
2313
2337
2361
2385
2408
2432
2456
2479
2503
2527
2551
2574
2598
2622
2645
2669
2693
2716
2740
2764
2788
2811
2835
2859
2882
2906
2930
2953
2977
3001
3025
3048
3072
3072
3072
3072
3072
3072
3072
3072
3072
3072
3072
3072
3072
3072
3072
3072
3072
3072
3072
3072
3072
3072
3072
3072
3072
3072
3072
3072
3072
3072
3072
3072
3072
3072
3072
3072
3072
3072
3072
3072
3072
3072
3072
3072
3072
3072
3072
3072
3072
3072
3072
3072
3072
3072
3072
3072
3072
3072
3072
3072
3072
3072
3072
3072
3072
3072
3072
3072
3072
3072
3072
3072
3072
3072
3072
3072
3072
3072
3072
3072
3072
3072
3072
3072
3072
3072
3072
3072
3072
3072
3072
3072
3072
3072
1024
1024
1024
1024
1024
1024
1024
1024
1024
1024
1024
1024
1024
1024
1024
1024
1024
1024
1024
1024
1024
1024
1024
1024
1024
1024
1024
1024
1024
1024
1024
1024
1024
1024
1024
1024
1024
1024
1024
1024
1024
1024
1024
1024
1024
1024
1024
1024
1024
1024
1024
1024
1024
1024
1024
1036
1059
1083
1106
1130
1153
1177
1200
1224
1247
1271
1294
1318
1341
1365
1388
1412
1435
1458
1482
1505
1529
1552
1576
1599
1623
1646
1670
1693
1717
1740
1764
1787
1811
1834
1858
1881
1905
1928
1952
1975
1999
2022
2046
2048
2048
2048
2048
2048
2048
2048
2048
2048
2048
2048
2048
2048
2048
2048
2048
2048
2048
2048
2048
2048
2050
2074
2097
2121
2144
2168
2191
2215
2238
2262
2285
2309
2332
2356
2379
2403
2426
2450
2473
2497
2520
2544
2567
2591
2614
2638
2661
2684
2708
2731
2755
2778
2802
2825
2849
2872
2896
2919
2943
2966
2990
3013
3037
3060
3072
3072
3072
3072
3072
3072
3072
3072
3072
3072
3072
3072
3072
3072
3072
3072
3072
3072
3072
3072
3072
3072
3072
3072
3072
3072
3072
3072
3072
3072
3072
3072
3072
3072
3072
3072
3072
3072
3072
3072
3072
3072
3072
3072
3072
3072
3072
3072
3072
3072
3072
3072
3072
3072
3072
3072
3072
3072
3072
3072
3072
3072
3072
3072
3072
3072
3072
3072
3072
3072
3072
3072
3072
3072
3072
3072
3072
3072
3072
3072
3072
3072
3072
3072
3072
3072
3072
3072
3072
3072
3072
3072
1024
1024
1024
1024
1024
1024
1024
1024
1024
1024
1024
1024
1024
1024
1024
1024
1024
1024
1024
1024
1024
1024
1024
1024
1024
1024
1024
1024
1024
1024
1024
1024
1024
1024
1024
1024
1024
1024
1024
1024
1024
1024
1024
1024
1024
1024
1024
1024
1024
1024
1024
1024
1024
1024
1024
1024
1047
1071
1094
1117
1140
1164
1187
1210
1233
1257
1280
1303
1327
1350
1373
1396
1420
1443
1466
1489
1513
1536
1559
1583
1606
1629
1652
1676
1699
1722
1745
1769
1792
1815
1839
1862
1885
1908
1932
1955
1978
2001
2025
2048
2048
2048
2048
2048
2048
2048
2048
2048
2048
2048
2048
2048
2048
2048
2048
2048
2048
2048
2048
2048
2048
2048
2071
2095
2118
2141
2164
2188
2211
2234
2257
2281
2304
2327
2351
2374
2397
2420
2444
2467
2490
2513
2537
2560
2583
2607
2630
2653
2676
2700
2723
2746
2769
2793
2816
2839
2863
2886
2909
2932
2956
2979
3002
3025
3049
3072
3072
3072
3072
3072
3072
3072
3072
3072
3072
3072
3072
3072
3072
3072
3072
3072
3072
3072
3072
3072
3072
3072
3072
3072
3072
3072
3072
3072
3072
3072
3072
3072
3072
3072
3072
3072
3072
3072
3072
3072
3072
3072
3072
3072
3072
3072
3072
3072
3072
3072
3072
3072
3072
3072
3072
3072
3072
3072
3072
3072
3072
3072
3072
3072
3072
3072
3072
3072
3072
3072
3072
3072
3072
3072
3072
3072
3072
3072
3072
3072
3072
3072
3072
3072
3072
3072
3072
3072
3072
3072
1024
1024
1024
1024
1024
1024
1024
1024
1024
1024
1024
1024
1024
1024
1024
1024
1024
1024
1024
1024
1024
1024
1024
1024
1024
1024
1024
1024
1024
1024
1024
1024
1024
1024
1024
1024
1024
1024
1024
1024
1024
1024
1024
1024
1024
1024
1024
1024
1024
1024
1024
1024
1024
1024
1024
1024
1036
1059
1082
1105
1128
1151
1174
1197
1220
1243
1266
1289
1312
1335
1358
1381
1405
1428
1451
1474
1497
1520
1543
1566
1589
1612
1635
1658
1681
1704
1727
1750
1774
1797
1820
1843
1866
1889
1912
1935
1958
1981
2004
2027
2048
2048
2048
2048
2048
2048
2048
2048
2048
2048
2048
2048
2048
2048
2048
2048
2048
2048
2048
2048
2048
2048
2048
2069
2092
2115
2138
2161
2184
2207
2230
2253
2276
2299
2322
2346
2369
2392
2415
2438
2461
2484
2507
2530
2553
2576
2599
2622
2645
2668
2691
2715
2738
2761
2784
2807
2830
2853
2876
2899
2922
2945
2968
2991
3014
3037
3060
3072
3072
3072
3072
3072
3072
3072
3072
3072
3072
3072
3072
3072
3072
3072
3072
3072
3072
3072
3072
3072
3072
3072
3072
3072
3072
3072
3072
3072
3072
3072
3072
3072
3072
3072
3072
3072
3072
3072
3072
3072
3072
3072
3072
3072
3072
3072
3072
3072
3072
3072
3072
3072
3072
3072
3072
3072
3072
3072
3072
3072
3072
3072
3072
3072
3072
3072
3072
3072
3072
3072
3072
3072
3072
3072
3072
3072
3072
3072
3072
3072
3072
3072
3072
3072
3072
3072
3072
3072
1024
1024
1024
1024
1024
1024
1024
1024
1024
1024
1024
1024
1024
1024
1024
1024
1024
1024
1024
1024
1024
1024
1024
1024
1024
1024
1024
1024
1024
1024
1024
1024
1024
1024
1024
1024
1024
1024
1024
1024
1024
1024
1024
1024
1024
1024
1024
1024
1024
1024
1024
1024
1024
1024
1024
1024
1024
1047
1070
1093
1115
1138
1161
1184
1207
1230
1253
1275
1298
1321
1344
1367
1390
1413
1435
1458
1481
1504
1527
1550
1573
1595
1618
1641
1664
1687
1710
1733
1755
1778
1801
1824
1847
1870
1893
1915
1938
1961
1984
2007
2030
2048
2048
2048
2048
2048
2048
2048
2048
2048
2048
2048
2048
2048
2048
2048
2048
2048
2048
2048
2048
2048
2048
2048
2066
2089
2112
2135
2158
2181
2203
2226
2249
2272
2295
2318
2341
2363
2386
2409
2432
2455
2478
2501
2523
2546
2569
2592
2615
2638
2661
2683
2706
2729
2752
2775
2798
2821
2843
2866
2889
2912
2935
2958
2981
3003
3026
3049
3072
3072
3072
3072
3072
3072
3072
3072
3072
3072
3072
3072
3072
3072
3072
3072
3072
3072
3072
3072
3072
3072
3072
3072
3072
3072
3072
3072
3072
3072
3072
3072
3072
3072
3072
3072
3072
3072
3072
3072
3072
3072
3072
3072
3072
3072
3072
3072
3072
3072
3072
3072
3072
3072
3072
3072
3072
3072
3072
3072
3072
3072
3072
3072
3072
3072
3072
3072
3072
3072
3072
3072
3072
3072
3072
3072
3072
3072
3072
3072
3072
3072
3072
3072
3072
3072
3072
3072
1024
1024
1024
1024
1024
1024
1024
1024
1024
1024
1024
1024
1024
1024
1024
1024
1024
1024
1024
1024
1024
1024
1024
1024
1024
1024
1024
1024
1024
1024
1024
1024
1024
1024
1024
1024
1024
1024
1024
1024
1024
1024
1024
1024
1024
1024
1024
1024
1024
1024
1024
1024
1024
1024
1024
1024
1024
1035
1058
1081
1103
1126
1149
1171
1194
1217
1239
1262
1285
1307
1330
1352
1375
1398
1420
1443
1466
1488
1511
1534
1556
1579
1602
1624
1647
1670
1692
1715
1738
1760
1783
1806
1828
1851
1874
1896
1919
1942
1964
1987
2009
2032
2048
2048
2048
2048
2048
2048
2048
2048
2048
2048
2048
2048
2048
2048
2048
2048
2048
2048
2048
2048
2048
2048
2048
2064
2087
2109
2132
2154
2177
2200
2222
2245
2268
2290
2313
2336
2358
2381
2404
2426
2449
2472
2494
2517
2540
2562
2585
2608
2630
2653
2676
2698
2721
2744
2766
2789
2811
2834
2857
2879
2902
2925
2947
2970
2993
3015
3038
3061
3072
3072
3072
3072
3072
3072
3072
3072
3072
3072
3072
3072
3072
3072
3072
3072
3072
3072
3072
3072
3072
3072
3072
3072
3072
3072
3072
3072
3072
3072
3072
3072
3072
3072
3072
3072
3072
3072
3072
3072
3072
3072
3072
3072
3072
3072
3072
3072
3072
3072
3072
3072
3072
3072
3072
3072
3072
3072
3072
3072
3072
3072
3072
3072
3072
3072
3072
3072
3072
3072
3072
3072
3072
3072
3072
3072
3072
3072
3072
3072
3072
3072
3072
3072
3072
3072
1024
1024
1024
1024
1024
1024
1024
1024
1024
1024
1024
1024
1024
1024
1024
1024
1024
1024
1024
1024
1024
1024
1024
1024
1024
1024
1024
1024
1024
1024
1024
1024
1024
1024
1024
1024
1024
1024
1024
1024
1024
1024
1024
1024
1024
1024
1024
1024
1024
1024
1024
1024
1024
1024
1024
1024
1024
1024
1046
1069
1091
1114
1136
1159
1181
1204
1226
1249
1271
1293
1316
1338
1361
1383
1406
1428
1451
1473
1496
1518
1540
1563
1585
1608
1630
1653
1675
1698
1720
1743
1765
1788
1810
1832
1855
1877
1900
1922
1945
1967
1990
2012
2035
2048
2048
2048
2048
2048
2048
2048
2048
2048
2048
2048
2048
2048
2048
2048
2048
2048
2048
2048
2048
2048
2048
2048
2061
2084
2106
2129
2151
2174
2196
2219
2241
2264
2286
2308
2331
2353
2376
2398
2421
2443
2466
2488
2511
2533
2556
2578
2600
2623
2645
2668
2690
2713
2735
2758
2780
2803
2825
2847
2870
2892
2915
2937
2960
2982
3005
3027
3050
3072
3072
3072
3072
3072
3072
3072
3072
3072
3072
3072
3072
3072
3072
3072
3072
3072
3072
3072
3072
3072
3072
3072
3072
3072
3072
3072
3072
3072
3072
3072
3072
3072
3072
3072
3072
3072
3072
3072
3072
3072
3072
3072
3072
3072
3072
3072
3072
3072
3072
3072
3072
3072
3072
3072
3072
3072
3072
3072
3072
3072
3072
3072
3072
3072
3072
3072
3072
3072
3072
3072
3072
3072
3072
3072
3072
3072
3072
3072
3072
3072
3072
3072
3072
3072
1024
1024
1024
1024
1024
1024
1024
1024
1024
1024
1024
1024
1024
1024
1024
1024
1024
1024
1024
1024
1024
1024
1024
1024
1024
1024
1024
1024
1024
1024
1024
1024
1024
1024
1024
1024
1024
1024
1024
1024
1024
1024
1024
1024
1024
1024
1024
1024
1024
1024
1024
1024
1024
1024
1024
1024
1024
1024
1035
1057
1080
1102
1124
1146
1169
1191
1213
1235
1258
1280
1302
1325
1347
1369
1391
1414
1436
1458
1480
1503
1525
1547
1569
1592
1614
1636
1658
1681
1703
1725
1747
1770
1792
1814
1837
1859
1881
1903
1926
1948
1970
1992
2015
2037
2048
2048
2048
2048
2048
2048
2048
2048
2048
2048
2048
2048
2048
2048
2048
2048
2048
2048
2048
2048
2048
2048
2048
2059
2081
2104
2126
2148
2170
2193
2215
2237
2259
2282
2304
2326
2349
2371
2393
2415
2438
2460
2482
2504
2527
2549
2571
2593
2616
2638
2660
2682
2705
2727
2749
2771
2794
2816
2838
2861
2883
2905
2927
2950
2972
2994
3016
3039
3061
3072
3072
3072
3072
3072
3072
3072
3072
3072
3072
3072
3072
3072
3072
3072
3072
3072
3072
3072
3072
3072
3072
3072
3072
3072
3072
3072
3072
3072
3072
3072
3072
3072
3072
3072
3072
3072
3072
3072
3072
3072
3072
3072
3072
3072
3072
3072
3072
3072
3072
3072
3072
3072
3072
3072
3072
3072
3072
3072
3072
3072
3072
3072
3072
3072
3072
3072
3072
3072
3072
3072
3072
3072
3072
3072
3072
3072
3072
3072
3072
3072
3072
3072
1024
1024
1024
1024
1024
1024
1024
1024
1024
1024
1024
1024
1024
1024
1024
1024
1024
1024
1024
1024
1024
1024
1024
1024
1024
1024
1024
1024
1024
1024
1024
1024
1024
1024
1024
1024
1024
1024
1024
1024
1024
1024
1024
1024
1024
1024
1024
1024
1024
1024
1024
1024
1024
1024
1024
1024
1024
1024
1024
1046
1068
1090
1112
1134
1156
1178
1201
1223
1245
1267
1289
1311
1333
1355
1377
1399
1421
1443
1465
1487
1510
1532
1554
1576
1598
1620
1642
1664
1686
1708
1730
1752
1774
1796
1818
1841
1863
1885
1907
1929
1951
1973
1995
2017
2039
2048
2048
2048
2048
2048
2048
2048
2048
2048
2048
2048
2048
2048
2048
2048
2048
2048
2048
2048
2048
2048
2048
2048
2057
2079
2101
2123
2145
2167
2189
2211
2233
2255
2278
2300
2322
2344
2366
2388
2410
2432
2454
2476
2498
2520
2542
2564
2586
2609
2631
2653
2675
2697
2719
2741
2763
2785
2807
2829
2851
2873
2895
2918
2940
2962
2984
3006
3028
3050
3072
3072
3072
3072
3072
3072
3072
3072
3072
3072
3072
3072
3072
3072
3072
3072
3072
3072
3072
3072
3072
3072
3072
3072
3072
3072
3072
3072
3072
3072
3072
3072
3072
3072
3072
3072
3072
3072
3072
3072
3072
3072
3072
3072
3072
3072
3072
3072
3072
3072
3072
3072
3072
3072
3072
3072
3072
3072
3072
3072
3072
3072
3072
3072
3072
3072
3072
3072
3072
3072
3072
3072
3072
3072
3072
3072
3072
3072
3072
3072
3072
3072
1024
1024
1024
1024
1024
1024
1024
1024
1024
1024
1024
1024
1024
1024
1024
1024
1024
1024
1024
1024
1024
1024
1024
1024
1024
1024
1024
1024
1024
1024
1024
1024
1024
1024
1024
1024
1024
1024
1024
1024
1024
1024
1024
1024
1024
1024
1024
1024
1024
1024
1024
1024
1024
1024
1024
1024
1024
1024
1024
1035
1057
1079
1101
1122
1144
1166
1188
1210
1232
1254
1276
1298
1319
1341
1363
1385
1407
1429
1451
1473
1494
1516
1538
1560
1582
1604
1626
1648
1669
1691
1713
1735
1757
1779
1801
1823
1845
1866
1888
1910
1932
1954
1976
1998
2020
2041
2048
2048
2048
2048
2048
2048
2048
2048
2048
2048
2048
2048
2048
2048
2048
2048
2048
2048
2048
2048
2048
2048
2048
2055
2076
2098
2120
2142
2164
2186
2208
2230
2251
2273
2295
2317
2339
2361
2383
2405
2427
2448
2470
2492
2514
2536
2558
2580
2602
2623
2645
2667
2689
2711
2733
2755
2777
2798
2820
2842
2864
2886
2908
2930
2952
2974
2995
3017
3039
3061
3072
3072
3072
3072
3072
3072
3072
3072
3072
3072
3072
3072
3072
3072
3072
3072
3072
3072
3072
3072
3072
3072
3072
3072
3072
3072
3072
3072
3072
3072
3072
3072
3072
3072
3072
3072
3072
3072
3072
3072
3072
3072
3072
3072
3072
3072
3072
3072
3072
3072
3072
3072
3072
3072
3072
3072
3072
3072
3072
3072
3072
3072
3072
3072
3072
3072
3072
3072
3072
3072
3072
3072
3072
3072
3072
3072
3072
3072
3072
3072
1024
1024
1024
1024
1024
1024
1024
1024
1024
1024
1024
1024
1024
1024
1024
1024
1024
1024
1024
1024
1024
1024
1024
1024
1024
1024
1024
1024
1024
1024
1024
1024
1024
1024
1024
1024
1024
1024
1024
1024
1024
1024
1024
1024
1024
1024
1024
1024
1024
1024
1024
1024
1024
1024
1024
1024
1024
1024
1024
1024
1046
1067
1089
1111
1132
1154
1176
1198
1219
1241
1263
1284
1306
1328
1349
1371
1393
1415
1436
1458
1480
1501
1523
1545
1566
1588
1610
1631
1653
1675
1697
1718
1740
1762
1783
1805
1827
1848
1870
1892
1913
1935
1957
1979
2000
2022
2044
2048
2048
2048
2048
2048
2048
2048
2048
2048
2048
2048
2048
2048
2048
2048
2048
2048
2048
2048
2048
2048
2048
2048
2052
2074
2096
2117
2139
2161
2183
2204
2226
2248
2269
2291
2313
2334
2356
2378
2399
2421
2443
2465
2486
2508
2530
2551
2573
2595
2616
2638
2660
2681
2703
2725
2747
2768
2790
2812
2833
2855
2877
2898
2920
2942
2964
2985
3007
3029
3050
3072
3072
3072
3072
3072
3072
3072
3072
3072
3072
3072
3072
3072
3072
3072
3072
3072
3072
3072
3072
3072
3072
3072
3072
3072
3072
3072
3072
3072
3072
3072
3072
3072
3072
3072
3072
3072
3072
3072
3072
3072
3072
3072
3072
3072
3072
3072
3072
3072
3072
3072
3072
3072
3072
3072
3072
3072
3072
3072
3072
3072
3072
3072
3072
3072
3072
3072
3072
3072
3072
3072
3072
3072
3072
3072
3072
3072
3072
3072
1024
1024
1024
1024
1024
1024
1024
1024
1024
1024
1024
1024
1024
1024
1024
1024
1024
1024
1024
1024
1024
1024
1024
1024
1024
1024
1024
1024
1024
1024
1024
1024
1024
1024
1024
1024
1024
1024
1024
1024
1024
1024
1024
1024
1024
1024
1024
1024
1024
1024
1024
1024
1024
1024
1024
1024
1024
1024
1024
1024
1035
1056
1078
1099
1121
1142
1164
1185
1207
1228
1250
1271
1293
1314
1336
1357
1379
1400
1422
1443
1465
1487
1508
1530
1551
1573
1594
1616
1637
1659
1680
1702
1723
1745
1766
1788
1809
1831
1852
1874
1895
1917
1938
1960
1981
2003
2024
2046
2048
2048
2048
2048
2048
2048
2048
2048
2048
2048
2048
2048
2048
2048
2048
2048
2048
2048
2048
2048
2048
2048
2048
2050
2072
2093
2115
2136
2158
2179
2201
2222
2244
2265
2287
2308
2330
2351
2373
2394
2416
2437
2459
2480
2502
2523
2545
2566
2588
2609
2631
2653
2674
2696
2717
2739
2760
2782
2803
2825
2846
2868
2889
2911
2932
2954
2975
2997
3018
3040
3061
3072
3072
3072
3072
3072
3072
3072
3072
3072
3072
3072
3072
3072
3072
3072
3072
3072
3072
3072
3072
3072
3072
3072
3072
3072
3072
3072
3072
3072
3072
3072
3072
3072
3072
3072
3072
3072
3072
3072
3072
3072
3072
3072
3072
3072
3072
3072
3072
3072
3072
3072
3072
3072
3072
3072
3072
3072
3072
3072
3072
3072
3072
3072
3072
3072
3072
3072
3072
3072
3072
3072
3072
3072
3072
3072
3072
3072
1024
1024
1024
1024
1024
1024
1024
1024
1024
1024
1024
1024
1024
1024
1024
1024
1024
1024
1024
1024
1024
1024
1024
1024
1024
1024
1024
1024
1024
1024
1024
1024
1024
1024
1024
1024
1024
1024
1024
1024
1024
1024
1024
1024
1024
1024
1024
1024
1024
1024
1024
1024
1024
1024
1024
1024
1024
1024
1024
1024
1024
1045
1067
1088
1109
1131
1152
1173
1195
1216
1237
1259
1280
1301
1323
1344
1365
1387
1408
1429
1451
1472
1493
1515
1536
1557
1579
1600
1621
1643
1664
1685
1707
1728
1749
1771
1792
1813
1835
1856
1877
1899
1920
1941
1963
1984
2005
2027
2048
2048
2048
2048
2048
2048
2048
2048
2048
2048
2048
2048
2048
2048
2048
2048
2048
2048
2048
2048
2048
2048
2048
2048
2048
2069
2091
2112
2133
2155
2176
2197
2219
2240
2261
2283
2304
2325
2347
2368
2389
2411
2432
2453
2475
2496
2517
2539
2560
2581
2603
2624
2645
2667
2688
2709
2731
2752
2773
2795
2816
2837
2859
2880
2901
2923
2944
2965
2987
3008
3029
3051
3072
3072
3072
3072
3072
3072
3072
3072
3072
3072
3072
3072
3072
3072
3072
3072
3072
3072
3072
3072
3072
3072
3072
3072
3072
3072
3072
3072
3072
3072
3072
3072
3072
3072
3072
3072
3072
3072
3072
3072
3072
3072
3072
3072
3072
3072
3072
3072
3072
3072
3072
3072
3072
3072
3072
3072
3072
3072
3072
3072
3072
3072
3072
3072
3072
3072
3072
3072
3072
3072
3072
3072
3072
3072
3072
3072
1024
1024
1024
1024
1024
1024
1024
1024
1024
1024
1024
1024
1024
1024
1024
1024
1024
1024
1024
1024
1024
1024
1024
1024
1024
1024
1024
1024
1024
1024
1024
1024
1024
1024
1024
1024
1024
1024
1024
1024
1024
1024
1024
1024
1024
1024
1024
1024
1024
1024
1024
1024
1024
1024
1024
1024
1024
1024
1024
1024
1024
1035
1056
1077
1098
1119
1140
1162
1183
1204
1225
1246
1267
1288
1310
1331
1352
1373
1394
1415
1437
1458
1479
1500
1521
1542
1564
1585
1606
1627
1648
1669
1690
1712
1733
1754
1775
1796
1817
1839
1860
1881
1902
1923
1944
1965
1987
2008
2029
2048
2048
2048
2048
2048
2048
2048
2048
2048
2048
2048
2048
2048
2048
2048
2048
2048
2048
2048
2048
2048
2048
2048
2048
2048
2067
2088
2109
2131
2152
2173
2194
2215
2236
2257
2279
2300
2321
2342
2363
2384
2406
2427
2448
2469
2490
2511
2532
2554
2575
2596
2617
2638
2659
2681
2702
2723
2744
2765
2786
2808
2829
2850
2871
2892
2913
2934
2956
2977
2998
3019
3040
3061
3072
3072
3072
3072
3072
3072
3072
3072
3072
3072
3072
3072
3072
3072
3072
3072
3072
3072
3072
3072
3072
3072
3072
3072
3072
3072
3072
3072
3072
3072
3072
3072
3072
3072
3072
3072
3072
3072
3072
3072
3072
3072
3072
3072
3072
3072
3072
3072
3072
3072
3072
3072
3072
3072
3072
3072
3072
3072
3072
3072
3072
3072
3072
3072
3072
3072
3072
3072
3072
3072
3072
3072
3072
3072
1024
1024
1024
1024
1024
1024
1024
1024
1024
1024
1024
1024
1024
1024
1024
1024
1024
1024
1024
1024
1024
1024
1024
1024
1024
1024
1024
1024
1024
1024
1024
1024
1024
1024
1024
1024
1024
1024
1024
1024
1024
1024
1024
1024
1024
1024
1024
1024
1024
1024
1024
1024
1024
1024
1024
1024
1024
1024
1024
1024
1024
1024
1045
1066
1087
1108
1129
1150
1171
1192
1213
1234
1255
1276
1297
1318
1339
1360
1381
1402
1423
1444
1465
1486
1507
1528
1549
1570
1591
1612
1633
1654
1674
1695
1716
1737
1758
1779
1800
1821
1842
1863
1884
1905
1926
1947
1968
1989
2010
2031
2048
2048
2048
2048
2048
2048
2048
2048
2048
2048
2048
2048
2048
2048
2048
2048
2048
2048
2048
2048
2048
2048
2048
2048
2048
2065
2086
2107
2128
2149
2170
2191
2212
2233
2254
2275
2296
2317
2338
2359
2380
2401
2422
2442
2463
2484
2505
2526
2547
2568
2589
2610
2631
2652
2673
2694
2715
2736
2757
2778
2799
2820
2841
2862
2883
2904
2925
2946
2967
2988
3009
3030
3051
3072
3072
3072
3072
3072
3072
3072
3072
3072
3072
3072
3072
3072
3072
3072
3072
3072
3072
3072
3072
3072
3072
3072
3072
3072
3072
3072
3072
3072
3072
3072
3072
3072
3072
3072
3072
3072
3072
3072
3072
3072
3072
3072
3072
3072
3072
3072
3072
3072
3072
3072
3072
3072
3072
3072
3072
3072
3072
3072
3072
3072
3072
3072
3072
3072
3072
3072
3072
3072
3072
3072
3072
3072
1024
1024
1024
1024
1024
1024
1024
1024
1024
1024
1024
1024
1024
1024
1024
1024
1024
1024
1024
1024
1024
1024
1024
1024
1024
1024
1024
1024
1024
1024
1024
1024
1024
1024
1024
1024
1024
1024
1024
1024
1024
1024
1024
1024
1024
1024
1024
1024
1024
1024
1024
1024
1024
1024
1024
1024
1024
1024
1024
1024
1024
1024
1034
1055
1076
1097
1118
1138
1159
1180
1201
1222
1243
1263
1284
1305
1326
1347
1367
1388
1409
1430
1451
1471
1492
1513
1534
1555
1576
1596
1617
1638
1659
1680
1700
1721
1742
1763
1784
1804
1825
1846
1867
1888
1909
1929
1950
1971
1992
2013
2033
2048
2048
2048
2048
2048
2048
2048
2048
2048
2048
2048
2048
2048
2048
2048
2048
2048
2048
2048
2048
2048
2048
2048
2048
2048
2063
2083
2104
2125
2146
2167
2187
2208
2229
2250
2271
2292
2312
2333
2354
2375
2396
2416
2437
2458
2479
2500
2520
2541
2562
2583
2604
2625
2645
2666
2687
2708
2729
2749
2770
2791
2812
2833
2853
2874
2895
2916
2937
2958
2978
2999
3020
3041
3062
3072
3072
3072
3072
3072
3072
3072
3072
3072
3072
3072
3072
3072
3072
3072
3072
3072
3072
3072
3072
3072
3072
3072
3072
3072
3072
3072
3072
3072
3072
3072
3072
3072
3072
3072
3072
3072
3072
3072
3072
3072
3072
3072
3072
3072
3072
3072
3072
3072
3072
3072
3072
3072
3072
3072
3072
3072
3072
3072
3072
3072
3072
3072
3072
3072
3072
3072
3072
3072
3072
3072
1024
1024
1024
1024
1024
1024
1024
1024
1024
1024
1024
1024
1024
1024
1024
1024
1024
1024
1024
1024
1024
1024
1024
1024
1024
1024
1024
1024
1024
1024
1024
1024
1024
1024
1024
1024
1024
1024
1024
1024
1024
1024
1024
1024
1024
1024
1024
1024
1024
1024
1024
1024
1024
1024
1024
1024
1024
1024
1024
1024
1024
1024
1024
1045
1065
1086
1107
1127
1148
1169
1189
1210
1230
1251
1272
1292
1313
1334
1354
1375
1396
1416
1437
1458
1478
1499
1519
1540
1561
1581
1602
1623
1643
1664
1685
1705
1726
1747
1767
1788
1809
1829
1850
1870
1891
1912
1932
1953
1974
1994
2015
2036
2048
2048
2048
2048
2048
2048
2048
2048
2048
2048
2048
2048
2048
2048
2048
2048
2048
2048
2048
2048
2048
2048
2048
2048
2048
2060
2081
2102
2122
2143
2164
2184
2205
2226
2246
2267
2287
2308
2329
2349
2370
2391
2411
2432
2453
2473
2494
2515
2535
2556
2577
2597
2618
2638
2659
2680
2700
2721
2742
2762
2783
2804
2824
2845
2866
2886
2907
2927
2948
2969
2989
3010
3031
3051
3072
3072
3072
3072
3072
3072
3072
3072
3072
3072
3072
3072
3072
3072
3072
3072
3072
3072
3072
3072
3072
3072
3072
3072
3072
3072
3072
3072
3072
3072
3072
3072
3072
3072
3072
3072
3072
3072
3072
3072
3072
3072
3072
3072
3072
3072
3072
3072
3072
3072
3072
3072
3072
3072
3072
3072
3072
3072
3072
3072
3072
3072
3072
3072
3072
3072
3072
3072
3072
3072
1024
1024
1024
1024
1024
1024
1024
1024
1024
1024
1024
1024
1024
1024
1024
1024
1024
1024
1024
1024
1024
1024
1024
1024
1024
1024
1024
1024
1024
1024
1024
1024
1024
1024
1024
1024
1024
1024
1024
1024
1024
1024
1024
1024
1024
1024
1024
1024
1024
1024
1024
1024
1024
1024
1024
1024
1024
1024
1024
1024
1024
1024
1024
1034
1055
1075
1096
1116
1137
1157
1178
1198
1219
1239
1260
1280
1300
1321
1341
1362
1382
1403
1423
1444
1464
1485
1505
1526
1546
1567
1587
1608
1628
1649
1669
1690
1710
1731
1751
1772
1792
1812
1833
1853
1874
1894
1915
1935
1956
1976
1997
2017
2038
2048
2048
2048
2048
2048
2048
2048
2048
2048
2048
2048
2048
2048
2048
2048
2048
2048
2048
2048
2048
2048
2048
2048
2048
2048
2058
2079
2099
2120
2140
2161
2181
2202
2222
2243
2263
2284
2304
2324
2345
2365
2386
2406
2427
2447
2468
2488
2509
2529
2550
2570
2591
2611
2632
2652
2673
2693
2714
2734
2755
2775
2796
2816
2836
2857
2877
2898
2918
2939
2959
2980
3000
3021
3041
3062
3072
3072
3072
3072
3072
3072
3072
3072
3072
3072
3072
3072
3072
3072
3072
3072
3072
3072
3072
3072
3072
3072
3072
3072
3072
3072
3072
3072
3072
3072
3072
3072
3072
3072
3072
3072
3072
3072
3072
3072
3072
3072
3072
3072
3072
3072
3072
3072
3072
3072
3072
3072
3072
3072
3072
3072
3072
3072
3072
3072
3072
3072
3072
3072
3072
3072
3072
3072
1024
1024
1024
1024
1024
1024
1024
1024
1024
1024
1024
1024
1024
1024
1024
1024
1024
1024
1024
1024
1024
1024
1024
1024
1024
1024
1024
1024
1024
1024
1024
1024
1024
1024
1024
1024
1024
1024
1024
1024
1024
1024
1024
1024
1024
1024
1024
1024
1024
1024
1024
1024
1024
1024
1024
1024
1024
1024
1024
1024
1024
1024
1024
1024
1044
1065
1085
1105
1126
1146
1166
1187
1207
1227
1247
1268
1288
1308
1329
1349
1369
1390
1410
1430
1451
1471
1491
1512
1532
1552
1573
1593
1613
1634
1654
1674
1694
1715
1735
1755
1776
1796
1816
1837
1857
1877
1898
1918
1938
1959
1979
1999
2020
2040
2048
2048
2048
2048
2048
2048
2048
2048
2048
2048
2048
2048
2048
2048
2048
2048
2048
2048
2048
2048
2048
2048
2048
2048
2048
2056
2076
2097
2117
2137
2158
2178
2198
2219
2239
2259
2280
2300
2320
2341
2361
2381
2402
2422
2442
2462
2483
2503
2523
2544
2564
2584
2605
2625
2645
2666
2686
2706
2727
2747
2767
2788
2808
2828
2849
2869
2889
2909
2930
2950
2970
2991
3011
3031
3052
3072
3072
3072
3072
3072
3072
3072
3072
3072
3072
3072
3072
3072
3072
3072
3072
3072
3072
3072
3072
3072
3072
3072
3072
3072
3072
3072
3072
3072
3072
3072
3072
3072
3072
3072
3072
3072
3072
3072
3072
3072
3072
3072
3072
3072
3072
3072
3072
3072
3072
3072
3072
3072
3072
3072
3072
3072
3072
3072
3072
3072
3072
3072
3072
3072
3072
3072
1024
1024
1024
1024
1024
1024
1024
1024
1024
1024
1024
1024
1024
1024
1024
1024
1024
1024
1024
1024
1024
1024
1024
1024
1024
1024
1024
1024
1024
1024
1024
1024
1024
1024
1024
1024
1024
1024
1024
1024
1024
1024
1024
1024
1024
1024
1024
1024
1024
1024
1024
1024
1024
1024
1024
1024
1024
1024
1024
1024
1024
1024
1024
1024
1034
1054
1074
1095
1115
1135
1155
1175
1195
1215
1236
1256
1276
1296
1316
1336
1357
1377
1397
1417
1437
1457
1478
1498
1518
1538
1558
1578
1598
1619
1639
1659
1679
1699
1719
1740
1760
1780
1800
1820
1840
1861
1881
1901
1921
1941
1961
1981
2002
2022
2042
2048
2048
2048
2048
2048
2048
2048
2048
2048
2048
2048
2048
2048
2048
2048
2048
2048
2048
2048
2048
2048
2048
2048
2048
2048
2054
2074
2094
2115
2135
2155
2175
2195
2215
2235
2256
2276
2296
2316
2336
2356
2377
2397
2417
2437
2457
2477
2498
2518
2538
2558
2578
2598
2618
2639
2659
2679
2699
2719
2739
2760
2780
2800
2820
2840
2860
2881
2901
2921
2941
2961
2981
3001
3022
3042
3062
3072
3072
3072
3072
3072
3072
3072
3072
3072
3072
3072
3072
3072
3072
3072
3072
3072
3072
3072
3072
3072
3072
3072
3072
3072
3072
3072
3072
3072
3072
3072
3072
3072
3072
3072
3072
3072
3072
3072
3072
3072
3072
3072
3072
3072
3072
3072
3072
3072
3072
3072
3072
3072
3072
3072
3072
3072
3072
3072
3072
3072
3072
3072
3072
3072
1024
1024
1024
1024
1024
1024
1024
1024
1024
1024
1024
1024
1024
1024
1024
1024
1024
1024
1024
1024
1024
1024
1024
1024
1024
1024
1024
1024
1024
1024
1024
1024
1024
1024
1024
1024
1024
1024
1024
1024
1024
1024
1024
1024
1024
1024
1024
1024
1024
1024
1024
1024
1024
1024
1024
1024
1024
1024
1024
1024
1024
1024
1024
1024
1024
1044
1064
1084
1104
1124
1144
1164
1184
1204
1224
1244
1264
1284
1304
1324
1344
1364
1384
1404
1424
1444
1464
1484
1504
1524
1544
1564
1584
1604
1624
1644
1664
1684
1704
1724
1744
1764
1784
1804
1824
1844
1864
1884
1904
1924
1944
1964
1984
2004
2024
2044
2048
2048
2048
2048
2048
2048
2048
2048
2048
2048
2048
2048
2048
2048
2048
2048
2048
2048
2048
2048
2048
2048
2048
2048
2048
2052
2072
2092
2112
2132
2152
2172
2192
2212
2232
2252
2272
2292
2312
2332
2352
2372
2392
2412
2432
2452
2472
2492
2512
2532
2552
2572
2592
2612
2632
2652
2672
2692
2712
2732
2752
2772
2792
2812
2832
2852
2872
2892
2912
2932
2952
2972
2992
3012
3032
3052
3072
3072
3072
3072
3072
3072
3072
3072
3072
3072
3072
3072
3072
3072
3072
3072
3072
3072
3072
3072
3072
3072
3072
3072
3072
3072
3072
3072
3072
3072
3072
3072
3072
3072
3072
3072
3072
3072
3072
3072
3072
3072
3072
3072
3072
3072
3072
3072
3072
3072
3072
3072
3072
3072
3072
3072
3072
3072
3072
3072
3072
3072
3072
3072
1024
1024
1024
1024
1024
1024
1024
1024
1024
1024
1024
1024
1024
1024
1024
1024
1024
1024
1024
1024
1024
1024
1024
1024
1024
1024
1024
1024
1024
1024
1024
1024
1024
1024
1024
1024
1024
1024
1024
1024
1024
1024
1024
1024
1024
1024
1024
1024
1024
1024
1024
1024
1024
1024
1024
1024
1024
1024
1024
1024
1024
1024
1024
1024
1024
1034
1054
1074
1093
1113
1133
1153
1173
1193
1213
1232
1252
1272
1292
1312
1332
1351
1371
1391
1411
1431
1451
1471
1490
1510
1530
1550
1570
1590
1609
1629
1649
1669
1689
1709
1728
1748
1768
1788
1808
1828
1848
1867
1887
1907
1927
1947
1967
1986
2006
2026
2046
2048
2048
2048
2048
2048
2048
2048
2048
2048
2048
2048
2048
2048
2048
2048
2048
2048
2048
2048
2048
2048
2048
2048
2048
2048
2050
2070
2090
2110
2129
2149
2169
2189
2209
2229
2248
2268
2288
2308
2328
2348
2368
2387
2407
2427
2447
2467
2487
2506
2526
2546
2566
2586
2606
2625
2645
2665
2685
2705
2725
2745
2764
2784
2804
2824
2844
2864
2883
2903
2923
2943
2963
2983
3003
3022
3042
3062
3072
3072
3072
3072
3072
3072
3072
3072
3072
3072
3072
3072
3072
3072
3072
3072
3072
3072
3072
3072
3072
3072
3072
3072
3072
3072
3072
3072
3072
3072
3072
3072
3072
3072
3072
3072
3072
3072
3072
3072
3072
3072
3072
3072
3072
3072
3072
3072
3072
3072
3072
3072
3072
3072
3072
3072
3072
3072
3072
3072
3072
3072
1024
1024
1024
1024
1024
1024
1024
1024
1024
1024
1024
1024
1024
1024
1024
1024
1024
1024
1024
1024
1024
1024
1024
1024
1024
1024
1024
1024
1024
1024
1024
1024
1024
1024
1024
1024
1024
1024
1024
1024
1024
1024
1024
1024
1024
1024
1024
1024
1024
1024
1024
1024
1024
1024
1024
1024
1024
1024
1024
1024
1024
1024
1024
1024
1024
1024
1044
1063
1083
1103
1122
1142
1162
1182
1201
1221
1241
1260
1280
1300
1319
1339
1359
1378
1398
1418
1438
1457
1477
1497
1516
1536
1556
1575
1595
1615
1634
1654
1674
1694
1713
1733
1753
1772
1792
1812
1831
1851
1871
1890
1910
1930
1950
1969
1989
2009
2028
2048
2048
2048
2048
2048
2048
2048
2048
2048
2048
2048
2048
2048
2048
2048
2048
2048
2048
2048
2048
2048
2048
2048
2048
2048
2048
2048
2068
2087
2107
2127
2146
2166
2186
2206
2225
2245
2265
2284
2304
2324
2343
2363
2383
2402
2422
2442
2462
2481
2501
2521
2540
2560
2580
2599
2619
2639
2658
2678
2698
2718
2737
2757
2777
2796
2816
2836
2855
2875
2895
2914
2934
2954
2974
2993
3013
3033
3052
3072
3072
3072
3072
3072
3072
3072
3072
3072
3072
3072
3072
3072
3072
3072
3072
3072
3072
3072
3072
3072
3072
3072
3072
3072
3072
3072
3072
3072
3072
3072
3072
3072
3072
3072
3072
3072
3072
3072
3072
3072
3072
3072
3072
3072
3072
3072
3072
3072
3072
3072
3072
3072
3072
3072
3072
3072
3072
3072
3072
3072
1024
1024
1024
1024
1024
1024
1024
1024
1024
1024
1024
1024
1024
1024
1024
1024
1024
1024
1024
1024
1024
1024
1024
1024
1024
1024
1024
1024
1024
1024
1024
1024
1024
1024
1024
1024
1024
1024
1024
1024
1024
1024
1024
1024
1024
1024
1024
1024
1024
1024
1024
1024
1024
1024
1024
1024
1024
1024
1024
1024
1024
1024
1024
1024
1024
1024
1034
1053
1073
1092
1112
1131
1151
1171
1190
1210
1229
1249
1268
1288
1307
1327
1346
1366
1386
1405
1425
1444
1464
1483
1503
1522
1542
1561
1581
1600
1620
1640
1659
1679
1698
1718
1737
1757
1776
1796
1815
1835
1855
1874
1894
1913
1933
1952
1972
1991
2011
2030
2048
2048
2048
2048
2048
2048
2048
2048
2048
2048
2048
2048
2048
2048
2048
2048
2048
2048
2048
2048
2048
2048
2048
2048
2048
2048
2048
2066
2085
2105
2124
2144
2163
2183
2202
2222
2241
2261
2281
2300
2320
2339
2359
2378
2398
2417
2437
2456
2476
2496
2515
2535
2554
2574
2593
2613
2632
2652
2671
2691
2710
2730
2750
2769
2789
2808
2828
2847
2867
2886
2906
2925
2945
2965
2984
3004
3023
3043
3062
3072
3072
3072
3072
3072
3072
3072
3072
3072
3072
3072
3072
3072
3072
3072
3072
3072
3072
3072
3072
3072
3072
3072
3072
3072
3072
3072
3072
3072
3072
3072
3072
3072
3072
3072
3072
3072
3072
3072
3072
3072
3072
3072
3072
3072
3072
3072
3072
3072
3072
3072
3072
3072
3072
3072
3072
3072
3072
3072
1024
1024
1024
1024
1024
1024
1024
1024
1024
1024
1024
1024
1024
1024
1024
1024
1024
1024
1024
1024
1024
1024
1024
1024
1024
1024
1024
1024
1024
1024
1024
1024
1024
1024
1024
1024
1024
1024
1024
1024
1024
1024
1024
1024
1024
1024
1024
1024
1024
1024
1024
1024
1024
1024
1024
1024
1024
1024
1024
1024
1024
1024
1024
1024
1024
1024
1024
1043
1063
1082
1102
1121
1140
1160
1179
1199
1218
1237
1257
1276
1296
1315
1334
1354
1373
1392
1412
1431
1451
1470
1489
1509
1528
1548
1567
1586
1606
1625
1645
1664
1683
1703
1722
1742
1761
1780
1800
1819
1839
1858
1877
1897
1916
1936
1955
1974
1994
2013
2032
2048
2048
2048
2048
2048
2048
2048
2048
2048
2048
2048
2048
2048
2048
2048
2048
2048
2048
2048
2048
2048
2048
2048
2048
2048
2048
2048
2064
2083
2102
2122
2141
2160
2180
2199
2219
2238
2257
2277
2296
2316
2335
2354
2374
2393
2413
2432
2451
2471
2490
2510
2529
2548
2568
2587
2607
2626
2645
2665
2684
2704
2723
2742
2762
2781
2800
2820
2839
2859
2878
2897
2917
2936
2956
2975
2994
3014
3033
3053
3072
3072
3072
3072
3072
3072
3072
3072
3072
3072
3072
3072
3072
3072
3072
3072
3072
3072
3072
3072
3072
3072
3072
3072
3072
3072
3072
3072
3072
3072
3072
3072
3072
3072
3072
3072
3072
3072
3072
3072
3072
3072
3072
3072
3072
3072
3072
3072
3072
3072
3072
3072
3072
3072
3072
3072
3072
3072
1024
1024
1024
1024
1024
1024
1024
1024
1024
1024
1024
1024
1024
1024
1024
1024
1024
1024
1024
1024
1024
1024
1024
1024
1024
1024
1024
1024
1024
1024
1024
1024
1024
1024
1024
1024
1024
1024
1024
1024
1024
1024
1024
1024
1024
1024
1024
1024
1024
1024
1024
1024
1024
1024
1024
1024
1024
1024
1024
1024
1024
1024
1024
1024
1024
1024
1024
1034
1053
1072
1091
1111
1130
1149
1168
1188
1207
1226
1245
1265
1284
1303
1322
1342
1361
1380
1399
1419
1438
1457
1476
1496
1515
1534
1553
1573
1592
1611
1630
1650
1669
1688
1707
1727
1746
1765
1784
1804
1823
1842
1861
1881
1900
1919
1938
1958
1977
1996
2015
2035
2048
2048
2048
2048
2048
2048
2048
2048
2048
2048
2048
2048
2048
2048
2048
2048
2048
2048
2048
2048
2048
2048
2048
2048
2048
2048
2048
2061
2081
2100
2119
2138
2158
2177
2196
2215
2235
2254
2273
2292
2312
2331
2350
2369
2389
2408
2427
2446
2466
2485
2504
2523
2543
2562
2581
2600
2620
2639
2658
2677
2697
2716
2735
2754
2774
2793
2812
2831
2851
2870
2889
2908
2928
2947
2966
2985
3005
3024
3043
3062
3072
3072
3072
3072
3072
3072
3072
3072
3072
3072
3072
3072
3072
3072
3072
3072
3072
3072
3072
3072
3072
3072
3072
3072
3072
3072
3072
3072
3072
3072
3072
3072
3072
3072
3072
3072
3072
3072
3072
3072
3072
3072
3072
3072
3072
3072
3072
3072
3072
3072
3072
3072
3072
3072
3072
3072
1024
1024
1024
1024
1024
1024
1024
1024
1024
1024
1024
1024
1024
1024
1024
1024
1024
1024
1024
1024
1024
1024
1024
1024
1024
1024
1024
1024
1024
1024
1024
1024
1024
1024
1024
1024
1024
1024
1024
1024
1024
1024
1024
1024
1024
1024
1024
1024
1024
1024
1024
1024
1024
1024
1024
1024
1024
1024
1024
1024
1024
1024
1024
1024
1024
1024
1024
1024
1043
1062
1081
1100
1120
1139
1158
1177
1196
1215
1234
1253
1272
1291
1311
1330
1349
1368
1387
1406
1425
1444
1463
1483
1502
1521
1540
1559
1578
1597
1616
1635
1654
1674
1693
1712
1731
1750
1769
1788
1807
1826
1845
1865
1884
1903
1922
1941
1960
1979
1998
2017
2037
2048
2048
2048
2048
2048
2048
2048
2048
2048
2048
2048
2048
2048
2048
2048
2048
2048
2048
2048
2048
2048
2048
2048
2048
2048
2048
2048
2059
2079
2098
2117
2136
2155
2174
2193
2212
2231
2251
2270
2289
2308
2327
2346
2365
2384
2403
2422
2442
2461
2480
2499
2518
2537
2556
2575
2594
2613
2633
2652
2671
2690
2709
2728
2747
2766
2785
2805
2824
2843
2862
2881
2900
2919
2938
2957
2976
2996
3015
3034
3053
3072
3072
3072
3072
3072
3072
3072
3072
3072
3072
3072
3072
3072
3072
3072
3072
3072
3072
3072
3072
3072
3072
3072
3072
3072
3072
3072
3072
3072
3072
3072
3072
3072
3072
3072
3072
3072
3072
3072
3072
3072
3072
3072
3072
3072
3072
3072
3072
3072
3072
3072
3072
3072
3072
3072
1024
1024
1024
1024
1024
1024
1024
1024
1024
1024
1024
1024
1024
1024
1024
1024
1024
1024
1024
1024
1024
1024
1024
1024
1024
1024
1024
1024
1024
1024
1024
1024
1024
1024
1024
1024
1024
1024
1024
1024
1024
1024
1024
1024
1024
1024
1024
1024
1024
1024
1024
1024
1024
1024
1024
1024
1024
1024
1024
1024
1024
1024
1024
1024
1024
1024
1024
1024
1033
1052
1071
1090
1109
1128
1147
1166
1185
1204
1223
1242
1261
1280
1299
1318
1337
1356
1375
1394
1413
1432
1451
1470
1489
1508
1527
1545
1564
1583
1602
1621
1640
1659
1678
1697
1716
1735
1754
1773
1792
1811
1830
1849
1868
1887
1906
1925
1944
1963
1982
2001
2020
2039
2048
2048
2048
2048
2048
2048
2048
2048
2048
2048
2048
2048
2048
2048
2048
2048
2048
2048
2048
2048
2048
2048
2048
2048
2048
2048
2048
2057
2076
2095
2114
2133
2152
2171
2190
2209
2228
2247
2266
2285
2304
2323
2342
2361
2380
2399
2418
2437
2456
2475
2494
2513
2532
2551
2569
2588
2607
2626
2645
2664
2683
2702
2721
2740
2759
2778
2797
2816
2835
2854
2873
2892
2911
2930
2949
2968
2987
3006
3025
3044
3063
3072
3072
3072
3072
3072
3072
3072
3072
3072
3072
3072
3072
3072
3072
3072
3072
3072
3072
3072
3072
3072
3072
3072
3072
3072
3072
3072
3072
3072
3072
3072
3072
3072
3072
3072
3072
3072
3072
3072
3072
3072
3072
3072
3072
3072
3072
3072
3072
3072
3072
3072
3072
3072
1024
1024
1024
1024
1024
1024
1024
1024
1024
1024
1024
1024
1024
1024
1024
1024
1024
1024
1024
1024
1024
1024
1024
1024
1024
1024
1024
1024
1024
1024
1024
1024
1024
1024
1024
1024
1024
1024
1024
1024
1024
1024
1024
1024
1024
1024
1024
1024
1024
1024
1024
1024
1024
1024
1024
1024
1024
1024
1024
1024
1024
1024
1024
1024
1024
1024
1024
1024
1024
1043
1062
1080
1099
1118
1137
1156
1175
1193
1212
1231
1250
1269
1288
1306
1325
1344
1363
1382
1400
1419
1438
1457
1476
1495
1513
1532
1551
1570
1589
1608
1626
1645
1664
1683
1702
1720
1739
1758
1777
1796
1815
1833
1852
1871
1890
1909
1928
1946
1965
1984
2003
2022
2040
2048
2048
2048
2048
2048
2048
2048
2048
2048
2048
2048
2048
2048
2048
2048
2048
2048
2048
2048
2048
2048
2048
2048
2048
2048
2048
2048
2056
2074
2093
2112
2131
2150
2168
2187
2206
2225
2244
2263
2281
2300
2319
2338
2357
2376
2394
2413
2432
2451
2470
2488
2507
2526
2545
2564
2583
2601
2620
2639
2658
2677
2696
2714
2733
2752
2771
2790
2808
2827
2846
2865
2884
2903
2921
2940
2959
2978
2997
3016
3034
3053
3072
3072
3072
3072
3072
3072
3072
3072
3072
3072
3072
3072
3072
3072
3072
3072
3072
3072
3072
3072
3072
3072
3072
3072
3072
3072
3072
3072
3072
3072
3072
3072
3072
3072
3072
3072
3072
3072
3072
3072
3072
3072
3072
3072
3072
3072
3072
3072
3072
3072
3072
3072
1024
1024
1024
1024
1024
1024
1024
1024
1024
1024
1024
1024
1024
1024
1024
1024
1024
1024
1024
1024
1024
1024
1024
1024
1024
1024
1024
1024
1024
1024
1024
1024
1024
1024
1024
1024
1024
1024
1024
1024
1024
1024
1024
1024
1024
1024
1024
1024
1024
1024
1024
1024
1024
1024
1024
1024
1024
1024
1024
1024
1024
1024
1024
1024
1024
1024
1024
1024
1024
1033
1052
1071
1089
1108
1127
1145
1164
1183
1202
1220
1239
1258
1276
1295
1314
1332
1351
1370
1388
1407
1426
1444
1463
1482
1500
1519
1538
1557
1575
1594
1613
1631
1650
1669
1687
1706
1725
1743
1762
1781
1799
1818
1837
1856
1874
1893
1912
1930
1949
1968
1986
2005
2024
2042
2048
2048
2048
2048
2048
2048
2048
2048
2048
2048
2048
2048
2048
2048
2048
2048
2048
2048
2048
2048
2048
2048
2048
2048
2048
2048
2048
2054
2072
2091
2110
2128
2147
2166
2184
2203
2222
2240
2259
2278
2297
2315
2334
2353
2371
2390
2409
2427
2446
2465
2483
2502
2521
2539
2558
2577
2596
2614
2633
2652
2670
2689
2708
2726
2745
2764
2782
2801
2820
2838
2857
2876
2894
2913
2932
2951
2969
2988
3007
3025
3044
3063
3072
3072
3072
3072
3072
3072
3072
3072
3072
3072
3072
3072
3072
3072
3072
3072
3072
3072
3072
3072
3072
3072
3072
3072
3072
3072
3072
3072
3072
3072
3072
3072
3072
3072
3072
3072
3072
3072
3072
3072
3072
3072
3072
3072
3072
3072
3072
3072
3072
3072
1024
1024
1024
1024
1024
1024
1024
1024
1024
1024
1024
1024
1024
1024
1024
1024
1024
1024
1024
1024
1024
1024
1024
1024
1024
1024
1024
1024
1024
1024
1024
1024
1024
1024
1024
1024
1024
1024
1024
1024
1024
1024
1024
1024
1024
1024
1024
1024
1024
1024
1024
1024
1024
1024
1024
1024
1024
1024
1024
1024
1024
1024
1024
1024
1024
1024
1024
1024
1024
1024
1043
1061
1080
1098
1117
1135
1154
1172
1191
1210
1228
1247
1265
1284
1302
1321
1339
1358
1376
1395
1414
1432
1451
1469
1488
1506
1525
1543
1562
1581
1599
1618
1636
1655
1673
1692
1710
1729
1747
1766
1785
1803
1822
1840
1859
1877
1896
1914
1933
1952
1970
1989
2007
2026
2044
2048
2048
2048
2048
2048
2048
2048
2048
2048
2048
2048
2048
2048
2048
2048
2048
2048
2048
2048
2048
2048
2048
2048
2048
2048
2048
2048
2052
2070
2089
2107
2126
2144
2163
2182
2200
2219
2237
2256
2274
2293
2311
2330
2349
2367
2386
2404
2423
2441
2460
2478
2497
2515
2534
2553
2571
2590
2608
2627
2645
2664
2682
2701
2720
2738
2757
2775
2794
2812
2831
2849
2868
2886
2905
2924
2942
2961
2979
2998
3016
3035
3053
3072
3072
3072
3072
3072
3072
3072
3072
3072
3072
3072
3072
3072
3072
3072
3072
3072
3072
3072
3072
3072
3072
3072
3072
3072
3072
3072
3072
3072
3072
3072
3072
3072
3072
3072
3072
3072
3072
3072
3072
3072
3072
3072
3072
3072
3072
3072
3072
3072
1024
1024
1024
1024
1024
1024
1024
1024
1024
1024
1024
1024
1024
1024
1024
1024
1024
1024
1024
1024
1024
1024
1024
1024
1024
1024
1024
1024
1024
1024
1024
1024
1024
1024
1024
1024
1024
1024
1024
1024
1024
1024
1024
1024
1024
1024
1024
1024
1024
1024
1024
1024
1024
1024
1024
1024
1024
1024
1024
1024
1024
1024
1024
1024
1024
1024
1024
1024
1024
1024
1033
1052
1070
1088
1107
1125
1144
1162
1181
1199
1217
1236
1254
1273
1291
1309
1328
1346
1365
1383
1402
1420
1438
1457
1475
1494
1512
1530
1549
1567
1586
1604
1623
1641
1659
1678
1696
1715
1733
1751
1770
1788
1807
1825
1844
1862
1880
1899
1917
1936
1954
1972
1991
2009
2028
2046
2048
2048
2048
2048
2048
2048
2048
2048
2048
2048
2048
2048
2048
2048
2048
2048
2048
2048
2048
2048
2048
2048
2048
2048
2048
2048
2048
2050
2068
2087
2105
2124
2142
2160
2179
2197
2216
2234
2252
2271
2289
2308
2326
2345
2363
2381
2400
2418
2437
2455
2473
2492
2510
2529
2547
2566
2584
2602
2621
2639
2658
2676
2694
2713
2731
2750
2768
2787
2805
2823
2842
2860
2879
2897
2915
2934
2952
2971
2989
3008
3026
3044
3063
3072
3072
3072
3072
3072
3072
3072
3072
3072
3072
3072
3072
3072
3072
3072
3072
3072
3072
3072
3072
3072
3072
3072
3072
3072
3072
3072
3072
3072
3072
3072
3072
3072
3072
3072
3072
3072
3072
3072
3072
3072
3072
3072
3072
3072
3072
3072
1024
1024
1024
1024
1024
1024
1024
1024
1024
1024
1024
1024
1024
1024
1024
1024
1024
1024
1024
1024
1024
1024
1024
1024
1024
1024
1024
1024
1024
1024
1024
1024
1024
1024
1024
1024
1024
1024
1024
1024
1024
1024
1024
1024
1024
1024
1024
1024
1024
1024
1024
1024
1024
1024
1024
1024
1024
1024
1024
1024
1024
1024
1024
1024
1024
1024
1024
1024
1024
1024
1024
1042
1061
1079
1097
1115
1134
1152
1170
1189
1207
1225
1243
1262
1280
1298
1317
1335
1353
1371
1390
1408
1426
1445
1463
1481
1499
1518
1536
1554
1573
1591
1609
1627
1646
1664
1682
1701
1719
1737
1755
1774
1792
1810
1829
1847
1865
1883
1902
1920
1938
1957
1975
1993
2011
2030
2048
2048
2048
2048
2048
2048
2048
2048
2048
2048
2048
2048
2048
2048
2048
2048
2048
2048
2048
2048
2048
2048
2048
2048
2048
2048
2048
2048
2048
2066
2085
2103
2121
2139
2158
2176
2194
2213
2231
2249
2267
2286
2304
2322
2341
2359
2377
2395
2414
2432
2450
2469
2487
2505
2523
2542
2560
2578
2597
2615
2633
2651
2670
2688
2706
2725
2743
2761
2779
2798
2816
2834
2853
2871
2889
2907
2926
2944
2962
2981
2999
3017
3035
3054
3072
3072
3072
3072
3072
3072
3072
3072
3072
3072
3072
3072
3072
3072
3072
3072
3072
3072
3072
3072
3072
3072
3072
3072
3072
3072
3072
3072
3072
3072
3072
3072
3072
3072
3072
3072
3072
3072
3072
3072
3072
3072
3072
3072
3072
3072
1024
1024
1024
1024
1024
1024
1024
1024
1024
1024
1024
1024
1024
1024
1024
1024
1024
1024
1024
1024
1024
1024
1024
1024
1024
1024
1024
1024
1024
1024
1024
1024
1024
1024
1024
1024
1024
1024
1024
1024
1024
1024
1024
1024
1024
1024
1024
1024
1024
1024
1024
1024
1024
1024
1024
1024
1024
1024
1024
1024
1024
1024
1024
1024
1024
1024
1024
1024
1024
1024
1024
1033
1051
1069
1088
1106
1124
1142
1160
1178
1196
1215
1233
1251
1269
1287
1305
1324
1342
1360
1378
1396
1414
1433
1451
1469
1487
1505
1523
1541
1560
1578
1596
1614
1632
1650
1669
1687
1705
1723
1741
1759
1777
1796
1814
1832
1850
1868
1886
1905
1923
1941
1959
1977
1995
2014
2032
2048
2048
2048
2048
2048
2048
2048
2048
2048
2048
2048
2048
2048
2048
2048
2048
2048
2048
2048
2048
2048
2048
2048
2048
2048
2048
2048
2048
2048
2064
2082
2101
2119
2137
2155
2173
2191
2210
2228
2246
2264
2282
2300
2319
2337
2355
2373
2391
2409
2427
2446
2464
2482
2500
2518
2536
2555
2573
2591
2609
2627
2645
2663
2682
2700
2718
2736
2754
2772
2791
2809
2827
2845
2863
2881
2900
2918
2936
2954
2972
2990
3008
3027
3045
3063
3072
3072
3072
3072
3072
3072
3072
3072
3072
3072
3072
3072
3072
3072
3072
3072
3072
3072
3072
3072
3072
3072
3072
3072
3072
3072
3072
3072
3072
3072
3072
3072
3072
3072
3072
3072
3072
3072
3072
3072
3072
3072
3072
3072
1024
1024
1024
1024
1024
1024
1024
1024
1024
1024
1024
1024
1024
1024
1024
1024
1024
1024
1024
1024
1024
1024
1024
1024
1024
1024
1024
1024
1024
1024
1024
1024
1024
1024
1024
1024
1024
1024
1024
1024
1024
1024
1024
1024
1024
1024
1024
1024
1024
1024
1024
1024
1024
1024
1024
1024
1024
1024
1024
1024
1024
1024
1024
1024
1024
1024
1024
1024
1024
1024
1024
1024
1042
1060
1078
1096
1114
1132
1150
1168
1186
1204
1222
1240
1258
1276
1294
1312
1330
1349
1367
1385
1403
1421
1439
1457
1475
1493
1511
1529
1547
1565
1583
1601
1619
1637
1655
1673
1691
1709
1727
1745
1763
1781
1799
1817
1835
1853
1871
1889
1907
1925
1943
1961
1979
1998
2016
2034
2048
2048
2048
2048
2048
2048
2048
2048
2048
2048
2048
2048
2048
2048
2048
2048
2048
2048
2048
2048
2048
2048
2048
2048
2048
2048
2048
2048
2048
2062
2080
2098
2117
2135
2153
2171
2189
2207
2225
2243
2261
2279
2297
2315
2333
2351
2369
2387
2405
2423
2441
2459
2477
2495
2513
2531
2549
2567
2585
2603
2621
2639
2657
2675
2693
2711
2729
2747
2766
2784
2802
2820
2838
2856
2874
2892
2910
2928
2946
2964
2982
3000
3018
3036
3054
3072
3072
3072
3072
3072
3072
3072
3072
3072
3072
3072
3072
3072
3072
3072
3072
3072
3072
3072
3072
3072
3072
3072
3072
3072
3072
3072
3072
3072
3072
3072
3072
3072
3072
3072
3072
3072
3072
3072
3072
3072
3072
3072
1024
1024
1024
1024
1024
1024
1024
1024
1024
1024
1024
1024
1024
1024
1024
1024
1024
1024
1024
1024
1024
1024
1024
1024
1024
1024
1024
1024
1024
1024
1024
1024
1024
1024
1024
1024
1024
1024
1024
1024
1024
1024
1024
1024
1024
1024
1024
1024
1024
1024
1024
1024
1024
1024
1024
1024
1024
1024
1024
1024
1024
1024
1024
1024
1024
1024
1024
1024
1024
1024
1024
1024
1033
1051
1069
1087
1105
1122
1140
1158
1176
1194
1212
1230
1248
1266
1284
1301
1319
1337
1355
1373
1391
1409
1427
1445
1463
1481
1498
1516
1534
1552
1570
1588
1606
1624
1642
1660
1677
1695
1713
1731
1749
1767
1785
1803
1821
1839
1856
1874
1892
1910
1928
1946
1964
1982
2000
2018
2035
2048
2048
2048
2048
2048
2048
2048
2048
2048
2048
2048
2048
2048
2048
2048
2048
2048
2048
2048
2048
2048
2048
2048
2048
2048
2048
2048
2048
2048
2061
2078
2096
2114
2132
2150
2168
2186
2204
2222
2240
2257
2275
2293
2311
2329
2347
2365
2383
2401
2419
2436
2454
2472
2490
2508
2526
2544
2562
2580
2598
2615
2633
2651
2669
2687
2705
2723
2741
2759
2777
2795
2812
2830
2848
2866
2884
2902
2920
2938
2956
2974
2991
3009
3027
3045
3063
3072
3072
3072
3072
3072
3072
3072
3072
3072
3072
3072
3072
3072
3072
3072
3072
3072
3072
3072
3072
3072
3072
3072
3072
3072
3072
3072
3072
3072
3072
3072
3072
3072
3072
3072
3072
3072
3072
3072
3072
3072
1024
1024
1024
1024
1024
1024
1024
1024
1024
1024
1024
1024
1024
1024
1024
1024
1024
1024
1024
1024
1024
1024
1024
1024
1024
1024
1024
1024
1024
1024
1024
1024
1024
1024
1024
1024
1024
1024
1024
1024
1024
1024
1024
1024
1024
1024
1024
1024
1024
1024
1024
1024
1024
1024
1024
1024
1024
1024
1024
1024
1024
1024
1024
1024
1024
1024
1024
1024
1024
1024
1024
1024
1024
1042
1060
1077
1095
1113
1131
1148
1166
1184
1202
1220
1237
1255
1273
1291
1308
1326
1344
1362
1380
1397
1415
1433
1451
1468
1486
1504
1522
1540
1557
1575
1593
1611
1628
1646
1664
1682
1700
1717
1735
1753
1771
1788
1806
1824
1842
1860
1877
1895
1913
1931
1948
1966
1984
2002
2020
2037
2048
2048
2048
2048
2048
2048
2048
2048
2048
2048
2048
2048
2048
2048
2048
2048
2048
2048
2048
2048
2048
2048
2048
2048
2048
2048
2048
2048
2048
2059
2076
2094
2112
2130
2148
2165
2183
2201
2219
2236
2254
2272
2290
2308
2325
2343
2361
2379
2396
2414
2432
2450
2468
2485
2503
2521
2539
2556
2574
2592
2610
2628
2645
2663
2681
2699
2716
2734
2752
2770
2788
2805
2823
2841
2859
2876
2894
2912
2930
2948
2965
2983
3001
3019
3036
3054
3072
3072
3072
3072
3072
3072
3072
3072
3072
3072
3072
3072
3072
3072
3072
3072
3072
3072
3072
3072
3072
3072
3072
3072
3072
3072
3072
3072
3072
3072
3072
3072
3072
3072
3072
3072
3072
3072
3072
3072
1024
1024
1024
1024
1024
1024
1024
1024
1024
1024
1024
1024
1024
1024
1024
1024
1024
1024
1024
1024
1024
1024
1024
1024
1024
1024
1024
1024
1024
1024
1024
1024
1024
1024
1024
1024
1024
1024
1024
1024
1024
1024
1024
1024
1024
1024
1024
1024
1024
1024
1024
1024
1024
1024
1024
1024
1024
1024
1024
1024
1024
1024
1024
1024
1024
1024
1024
1024
1024
1024
1024
1024
1024
1033
1050
1068
1086
1103
1121
1139
1156
1174
1192
1209
1227
1245
1262
1280
1298
1315
1333
1351
1368
1386
1404
1421
1439
1457
1474
1492
1510
1527
1545
1562
1580
1598
1615
1633
1651
1668
1686
1704
1721
1739
1757
1774
1792
1810
1827
1845
1863
1880
1898
1916
1933
1951
1969
1986
2004
2022
2039
2048
2048
2048
2048
2048
2048
2048
2048
2048
2048
2048
2048
2048
2048
2048
2048
2048
2048
2048
2048
2048
2048
2048
2048
2048
2048
2048
2048
2048
2057
2074
2092
2110
2127
2145
2163
2180
2198
2216
2233
2251
2269
2286
2304
2322
2339
2357
2375
2392
2410
2428
2445
2463
2481
2498
2516
2534
2551
2569
2586
2604
2622
2639
2657
2675
2692
2710
2728
2745
2763
2781
2798
2816
2834
2851
2869
2887
2904
2922
2940
2957
2975
2993
3010
3028
3046
3063
3072
3072
3072
3072
3072
3072
3072
3072
3072
3072
3072
3072
3072
3072
3072
3072
3072
3072
3072
3072
3072
3072
3072
3072
3072
3072
3072
3072
3072
3072
3072
3072
3072
3072
3072
3072
3072
3072
1024
1024
1024
1024
1024
1024
1024
1024
1024
1024
1024
1024
1024
1024
1024
1024
1024
1024
1024
1024
1024
1024
1024
1024
1024
1024
1024
1024
1024
1024
1024
1024
1024
1024
1024
1024
1024
1024
1024
1024
1024
1024
1024
1024
1024
1024
1024
1024
1024
1024
1024
1024
1024
1024
1024
1024
1024
1024
1024
1024
1024
1024
1024
1024
1024
1024
1024
1024
1024
1024
1024
1024
1024
1024
1042
1059
1077
1094
1112
1129
1147
1164
1182
1199
1217
1234
1252
1269
1287
1305
1322
1340
1357
1375
1392
1410
1427
1445
1462
1480
1497
1515
1532
1550
1568
1585
1603
1620
1638
1655
1673
1690
1708
1725
1743
1760
1778
1796
1813
1831
1848
1866
1883
1901
1918
1936
1953
1971
1988
2006
2023
2041
2048
2048
2048
2048
2048
2048
2048
2048
2048
2048
2048
2048
2048
2048
2048
2048
2048
2048
2048
2048
2048
2048
2048
2048
2048
2048
2048
2048
2048
2055
2073
2090
2108
2125
2143
2160
2178
2195
2213
2230
2248
2265
2283
2300
2318
2336
2353
2371
2388
2406
2423
2441
2458
2476
2493
2511
2528
2546
2564
2581
2599
2616
2634
2651
2669
2686
2704
2721
2739
2756
2774
2791
2809
2827
2844
2862
2879
2897
2914
2932
2949
2967
2984
3002
3019
3037
3054
3072
3072
3072
3072
3072
3072
3072
3072
3072
3072
3072
3072
3072
3072
3072
3072
3072
3072
3072
3072
3072
3072
3072
3072
3072
3072
3072
3072
3072
3072
3072
3072
3072
3072
3072
3072
3072
1024
1024
1024
1024
1024
1024
1024
1024
1024
1024
1024
1024
1024
1024
1024
1024
1024
1024
1024
1024
1024
1024
1024
1024
1024
1024
1024
1024
1024
1024
1024
1024
1024
1024
1024
1024
1024
1024
1024
1024
1024
1024
1024
1024
1024
1024
1024
1024
1024
1024
1024
1024
1024
1024
1024
1024
1024
1024
1024
1024
1024
1024
1024
1024
1024
1024
1024
1024
1024
1024
1024
1024
1024
1024
1033
1050
1068
1085
1102
1120
1137
1155
1172
1189
1207
1224
1242
1259
1277
1294
1311
1329
1346
1364
1381
1398
1416
1433
1451
1468
1485
1503
1520
1538
1555
1573
1590
1607
1625
1642
1660
1677
1694
1712
1729
1747
1764
1782
1799
1816
1834
1851
1869
1886
1903
1921
1938
1956
1973
1991
2008
2025
2043
2048
2048
2048
2048
2048
2048
2048
2048
2048
2048
2048
2048
2048
2048
2048
2048
2048
2048
2048
2048
2048
2048
2048
2048
2048
2048
2048
2048
2048
2053
2071
2088
2105
2123
2140
2158
2175
2193
2210
2227
2245
2262
2280
2297
2314
2332
2349
2367
2384
2402
2419
2436
2454
2471
2489
2506
2523
2541
2558
2576
2593
2611
2628
2645
2663
2680
2698
2715
2732
2750
2767
2785
2802
2819
2837
2854
2872
2889
2907
2924
2941
2959
2976
2994
3011
3028
3046
3063
3072
3072
3072
3072
3072
3072
3072
3072
3072
3072
3072
3072
3072
3072
3072
3072
3072
3072
3072
3072
3072
3072
3072
3072
3072
3072
3072
3072
3072
3072
3072
3072
3072
3072
3072
1024
1024
1024
1024
1024
1024
1024
1024
1024
1024
1024
1024
1024
1024
1024
1024
1024
1024
1024
1024
1024
1024
1024
1024
1024
1024
1024
1024
1024
1024
1024
1024
1024
1024
1024
1024
1024
1024
1024
1024
1024
1024
1024
1024
1024
1024
1024
1024
1024
1024
1024
1024
1024
1024
1024
1024
1024
1024
1024
1024
1024
1024
1024
1024
1024
1024
1024
1024
1024
1024
1024
1024
1024
1024
1024
1041
1059
1076
1093
1110
1128
1145
1162
1180
1197
1214
1232
1249
1266
1283
1301
1318
1335
1353
1370
1387
1405
1422
1439
1456
1474
1491
1508
1526
1543
1560
1578
1595
1612
1629
1647
1664
1681
1699
1716
1733
1750
1768
1785
1802
1820
1837
1854
1872
1889
1906
1923
1941
1958
1975
1993
2010
2027
2045
2048
2048
2048
2048
2048
2048
2048
2048
2048
2048
2048
2048
2048
2048
2048
2048
2048
2048
2048
2048
2048
2048
2048
2048
2048
2048
2048
2048
2048
2051
2069
2086
2103
2121
2138
2155
2173
2190
2207
2224
2242
2259
2276
2294
2311
2328
2346
2363
2380
2397
2415
2432
2449
2467
2484
2501
2518
2536
2553
2570
2588
2605
2622
2640
2657
2674
2691
2709
2726
2743
2761
2778
2795
2813
2830
2847
2864
2882
2899
2916
2934
2951
2968
2986
3003
3020
3037
3055
3072
3072
3072
3072
3072
3072
3072
3072
3072
3072
3072
3072
3072
3072
3072
3072
3072
3072
3072
3072
3072
3072
3072
3072
3072
3072
3072
3072
3072
3072
3072
3072
3072
3072
1024
1024
1024
1024
1024
1024
1024
1024
1024
1024
1024
1024
1024
1024
1024
1024
1024
1024
1024
1024
1024
1024
1024
1024
1024
1024
1024
1024
1024
1024
1024
1024
1024
1024
1024
1024
1024
1024
1024
1024
1024
1024
1024
1024
1024
1024
1024
1024
1024
1024
1024
1024
1024
1024
1024
1024
1024
1024
1024
1024
1024
1024
1024
1024
1024
1024
1024
1024
1024
1024
1024
1024
1024
1024
1024
1033
1050
1067
1084
1101
1118
1136
1153
1170
1187
1204
1222
1239
1256
1273
1290
1307
1325
1342
1359
1376
1393
1411
1428
1445
1462
1479
1496
1514
1531
1548
1565
1582
1600
1617
1634
1651
1668
1685
1703
1720
1737
1754
1771
1789
1806
1823
1840
1857
1874
1892
1909
1926
1943
1960
1978
1995
2012
2029
2046
2048
2048
2048
2048
2048
2048
2048
2048
2048
2048
2048
2048
2048
2048
2048
2048
2048
2048
2048
2048
2048
2048
2048
2048
2048
2048
2048
2048
2048
2050
2067
2084
2101
2118
2136
2153
2170
2187
2204
2222
2239
2256
2273
2290
2307
2325
2342
2359
2376
2393
2411
2428
2445
2462
2479
2496
2514
2531
2548
2565
2582
2600
2617
2634
2651
2668
2685
2703
2720
2737
2754
2771
2789
2806
2823
2840
2857
2874
2892
2909
2926
2943
2960
2978
2995
3012
3029
3046
3063
3072
3072
3072
3072
3072
3072
3072
3072
3072
3072
3072
3072
3072
3072
3072
3072
3072
3072
3072
3072
3072
3072
3072
3072
3072
3072
3072
3072
3072
3072
3072
3072
1024
1024
1024
1024
1024
1024
1024
1024
1024
1024
1024
1024
1024
1024
1024
1024
1024
1024
1024
1024
1024
1024
1024
1024
1024
1024
1024
1024
1024
1024
1024
1024
1024
1024
1024
1024
1024
1024
1024
1024
1024
1024
1024
1024
1024
1024
1024
1024
1024
1024
1024
1024
1024
1024
1024
1024
1024
1024
1024
1024
1024
1024
1024
1024
1024
1024
1024
1024
1024
1024
1024
1024
1024
1024
1024
1024
1041
1058
1075
1092
1109
1126
1143
1161
1178
1195
1212
1229
1246
1263
1280
1297
1314
1331
1348
1365
1382
1399
1417
1434
1451
1468
1485
1502
1519
1536
1553
1570
1587
1604
1621
1638
1655
1673
1690
1707
1724
1741
1758
1775
1792
1809
1826
1843
1860
1877
1894
1911
1929
1946
1963
1980
1997
2014
2031
2048
2048
2048
2048
2048
2048
2048
2048
2048
2048
2048
2048
2048
2048
2048
2048
2048
2048
2048
2048
2048
2048
2048
2048
2048
2048
2048
2048
2048
2048
2048
2065
2082
2099
2116
2133
2150
2167
2185
2202
2219
2236
2253
2270
2287
2304
2321
2338
2355
2372
2389
2406
2423
2441
2458
2475
2492
2509
2526
2543
2560
2577
2594
2611
2628
2645
2662
2679
2697
2714
2731
2748
2765
2782
2799
2816
2833
2850
2867
2884
2901
2918
2935
2953
2970
2987
3004
3021
3038
3055
3072
3072
3072
3072
3072
3072
3072
3072
3072
3072
3072
3072
3072
3072
3072
3072
3072
3072
3072
3072
3072
3072
3072
3072
3072
3072
3072
3072
3072
3072
3072
1024
1024
1024
1024
1024
1024
1024
1024
1024
1024
1024
1024
1024
1024
1024
1024
1024
1024
1024
1024
1024
1024
1024
1024
1024
1024
1024
1024
1024
1024
1024
1024
1024
1024
1024
1024
1024
1024
1024
1024
1024
1024
1024
1024
1024
1024
1024
1024
1024
1024
1024
1024
1024
1024
1024
1024
1024
1024
1024
1024
1024
1024
1024
1024
1024
1024
1024
1024
1024
1024
1024
1024
1024
1024
1024
1024
1032
1049
1066
1083
1100
1117
1134
1151
1168
1185
1202
1219
1236
1253
1270
1287
1304
1321
1338
1355
1372
1389
1405
1422
1439
1456
1473
1490
1507
1524
1541
1558
1575
1592
1609
1626
1643
1660
1677
1694
1711
1728
1745
1761
1778
1795
1812
1829
1846
1863
1880
1897
1914
1931
1948
1965
1982
1999
2016
2033
2048
2048
2048
2048
2048
2048
2048
2048
2048
2048
2048
2048
2048
2048
2048
2048
2048
2048
2048
2048
2048
2048
2048
2048
2048
2048
2048
2048
2048
2048
2048
2063
2080
2097
2114
2131
2148
2165
2182
2199
2216
2233
2250
2267
2284
2301
2318
2335
2351
2368
2385
2402
2419
2436
2453
2470
2487
2504
2521
2538
2555
2572
2589
2606
2623
2640
2657
2674
2691
2707
2724
2741
2758
2775
2792
2809
2826
2843
2860
2877
2894
2911
2928
2945
2962
2979
2996
3013
3030
3047
3064
3072
3072
3072
3072
3072
3072
3072
3072
3072
3072
3072
3072
3072
3072
3072
3072
3072
3072
3072
3072
3072
3072
3072
3072
3072
3072
3072
3072
3072
1024
1024
1024
1024
1024
1024
1024
1024
1024
1024
1024
1024
1024
1024
1024
1024
1024
1024
1024
1024
1024
1024
1024
1024
1024
1024
1024
1024
1024
1024
1024
1024
1024
1024
1024
1024
1024
1024
1024
1024
1024
1024
1024
1024
1024
1024
1024
1024
1024
1024
1024
1024
1024
1024
1024
1024
1024
1024
1024
1024
1024
1024
1024
1024
1024
1024
1024
1024
1024
1024
1024
1024
1024
1024
1024
1024
1024
1041
1058
1075
1091
1108
1125
1142
1159
1176
1192
1209
1226
1243
1260
1277
1293
1310
1327
1344
1361
1378
1395
1411
1428
1445
1462
1479
1496
1512
1529
1546
1563
1580
1597
1613
1630
1647
1664
1681
1698
1715
1731
1748
1765
1782
1799
1816
1832
1849
1866
1883
1900
1917
1933
1950
1967
1984
2001
2018
2035
2048
2048
2048
2048
2048
2048
2048
2048
2048
2048
2048
2048
2048
2048
2048
2048
2048
2048
2048
2048
2048
2048
2048
2048
2048
2048
2048
2048
2048
2048
2048
2061
2078
2095
2112
2129
2146
2163
2179
2196
2213
2230
2247
2264
2280
2297
2314
2331
2348
2365
2381
2398
2415
2432
2449
2466
2483
2499
2516
2533
2550
2567
2584
2600
2617
2634
2651
2668
2685
2701
2718
2735
2752
2769
2786
2803
2819
2836
2853
2870
2887
2904
2920
2937
2954
2971
2988
3005
3021
3038
3055
3072
3072
3072
3072
3072
3072
3072
3072
3072
3072
3072
3072
3072
3072
3072
3072
3072
3072
3072
3072
3072
3072
3072
3072
3072
3072
3072
3072
1024
1024
1024
1024
1024
1024
1024
1024
1024
1024
1024
1024
1024
1024
1024
1024
1024
1024
1024
1024
1024
1024
1024
1024
1024
1024
1024
1024
1024
1024
1024
1024
1024
1024
1024
1024
1024
1024
1024
1024
1024
1024
1024
1024
1024
1024
1024
1024
1024
1024
1024
1024
1024
1024
1024
1024
1024
1024
1024
1024
1024
1024
1024
1024
1024
1024
1024
1024
1024
1024
1024
1024
1024
1024
1024
1024
1024
1032
1049
1066
1083
1099
1116
1133
1149
1166
1183
1200
1216
1233
1250
1267
1283
1300
1317
1334
1350
1367
1384
1400
1417
1434
1451
1467
1484
1501
1518
1534
1551
1568
1585
1601
1618
1635
1651
1668
1685
1702
1718
1735
1752
1769
1785
1802
1819
1836
1852
1869
1886
1902
1919
1936
1953
1969
1986
2003
2020
2036
2048
2048
2048
2048
2048
2048
2048
2048
2048
2048
2048
2048
2048
2048
2048
2048
2048
2048
2048
2048
2048
2048
2048
2048
2048
2048
2048
2048
2048
2048
2048
2060
2076
2093
2110
2127
2143
2160
2177
2194
2210
2227
2244
2260
2277
2294
2311
2327
2344
2361
2378
2394
2411
2428
2445
2461
2478
2495
2511
2528
2545
2562
2578
2595
2612
2629
2645
2662
2679
2696
2712
2729
2746
2762
2779
2796
2813
2829
2846
2863
2880
2896
2913
2930
2947
2963
2980
2997
3013
3030
3047
3064
3072
3072
3072
3072
3072
3072
3072
3072
3072
3072
3072
3072
3072
3072
3072
3072
3072
3072
3072
3072
3072
3072
3072
3072
3072
3072
1024
1024
1024
1024
1024
1024
1024
1024
1024
1024
1024
1024
1024
1024
1024
1024
1024
1024
1024
1024
1024
1024
1024
1024
1024
1024
1024
1024
1024
1024
1024
1024
1024
1024
1024
1024
1024
1024
1024
1024
1024
1024
1024
1024
1024
1024
1024
1024
1024
1024
1024
1024
1024
1024
1024
1024
1024
1024
1024
1024
1024
1024
1024
1024
1024
1024
1024
1024
1024
1024
1024
1024
1024
1024
1024
1024
1024
1024
1041
1057
1074
1090
1107
1124
1140
1157
1174
1190
1207
1223
1240
1257
1273
1290
1307
1323
1340
1356
1373
1390
1406
1423
1440
1456
1473
1489
1506
1523
1539
1556
1573
1589
1606
1622
1639
1656
1672
1689
1706
1722
1739
1755
1772
1789
1805
1822
1839
1855
1872
1888
1905
1922
1938
1955
1972
1988
2005
2021
2038
2048
2048
2048
2048
2048
2048
2048
2048
2048
2048
2048
2048
2048
2048
2048
2048
2048
2048
2048
2048
2048
2048
2048
2048
2048
2048
2048
2048
2048
2048
2048
2058
2075
2091
2108
2124
2141
2158
2174
2191
2208
2224
2241
2257
2274
2291
2307
2324
2341
2357
2374
2390
2407
2424
2440
2457
2474
2490
2507
2523
2540
2557
2573
2590
2607
2623
2640
2656
2673
2690
2706
2723
2740
2756
2773
2789
2806
2823
2839
2856
2873
2889
2906
2922
2939
2956
2972
2989
3006
3022
3039
3055
3072
3072
3072
3072
3072
3072
3072
3072
3072
3072
3072
3072
3072
3072
3072
3072
3072
3072
3072
3072
3072
3072
3072
3072
3072
1024
1024
1024
1024
1024
1024
1024
1024
1024
1024
1024
1024
1024
1024
1024
1024
1024
1024
1024
1024
1024
1024
1024
1024
1024
1024
1024
1024
1024
1024
1024
1024
1024
1024
1024
1024
1024
1024
1024
1024
1024
1024
1024
1024
1024
1024
1024
1024
1024
1024
1024
1024
1024
1024
1024
1024
1024
1024
1024
1024
1024
1024
1024
1024
1024
1024
1024
1024
1024
1024
1024
1024
1024
1024
1024
1024
1024
1024
1032
1049
1065
1082
1098
1115
1131
1148
1164
1181
1197
1214
1230
1247
1263
1280
1297
1313
1330
1346
1363
1379
1396
1412
1429
1445
1462
1478
1495
1511
1528
1544
1561
1577
1594
1610
1627
1643
1660
1676
1693
1709
1726
1742
1759
1775
1792
1809
1825
1842
1858
1875
1891
1908
1924
1941
1957
1974
1990
2007
2023
2040
2048
2048
2048
2048
2048
2048
2048
2048
2048
2048
2048
2048
2048
2048
2048
2048
2048
2048
2048
2048
2048
2048
2048
2048
2048
2048
2048
2048
2048
2048
2048
2056
2073
2089
2106
2122
2139
2155
2172
2188
2205
2221
2238
2254
2271
2287
2304
2321
2337
2354
2370
2387
2403
2420
2436
2453
2469
2486
2502
2519
2535
2552
2568
2585
2601
2618
2634
2651
2667
2684
2700
2717
2733
2750
2766
2783
2799
2816
2833
2849
2866
2882
2899
2915
2932
2948
2965
2981
2998
3014
3031
3047
3064
3072
3072
3072
3072
3072
3072
3072
3072
3072
3072
3072
3072
3072
3072
3072
3072
3072
3072
3072
3072
3072
3072
3072
1024
1024
1024
1024
1024
1024
1024
1024
1024
1024
1024
1024
1024
1024
1024
1024
1024
1024
1024
1024
1024
1024
1024
1024
1024
1024
1024
1024
1024
1024
1024
1024
1024
1024
1024
1024
1024
1024
1024
1024
1024
1024
1024
1024
1024
1024
1024
1024
1024
1024
1024
1024
1024
1024
1024
1024
1024
1024
1024
1024
1024
1024
1024
1024
1024
1024
1024
1024
1024
1024
1024
1024
1024
1024
1024
1024
1024
1024
1024
1040
1057
1073
1090
1106
1122
1139
1155
1172
1188
1205
1221
1237
1254
1270
1287
1303
1319
1336
1352
1369
1385
1401
1418
1434
1451
1467
1483
1500
1516
1533
1549
1566
1582
1598
1615
1631
1648
1664
1680
1697
1713
1730
1746
1762
1779
1795
1812
1828
1845
1861
1877
1894
1910
1927
1943
1959
1976
1992
2009
2025
2041
2048
2048
2048
2048
2048
2048
2048
2048
2048
2048
2048
2048
2048
2048
2048
2048
2048
2048
2048
2048
2048
2048
2048
2048
2048
2048
2048
2048
2048
2048
2048
2055
2071
2087
2104
2120
2137
2153
2169
2186
2202
2219
2235
2251
2268
2284
2301
2317
2334
2350
2366
2383
2399
2416
2432
2448
2465
2481
2498
2514
2530
2547
2563
2580
2596
2613
2629
2645
2662
2678
2695
2711
2727
2744
2760
2777
2793
2809
2826
2842
2859
2875
2891
2908
2924
2941
2957
2974
2990
3006
3023
3039
3056
3072
3072
3072
3072
3072
3072
3072
3072
3072
3072
3072
3072
3072
3072
3072
3072
3072
3072
3072
3072
3072
3072
1024
1024
1024
1024
1024
1024
1024
1024
1024
1024
1024
1024
1024
1024
1024
1024
1024
1024
1024
1024
1024
1024
1024
1024
1024
1024
1024
1024
1024
1024
1024
1024
1024
1024
1024
1024
1024
1024
1024
1024
1024
1024
1024
1024
1024
1024
1024
1024
1024
1024
1024
1024
1024
1024
1024
1024
1024
1024
1024
1024
1024
1024
1024
1024
1024
1024
1024
1024
1024
1024
1024
1024
1024
1024
1024
1024
1024
1024
1024
1032
1048
1065
1081
1097
1114
1130
1146
1163
1179
1195
1212
1228
1244
1260
1277
1293
1309
1326
1342
1358
1375
1391
1407
1423
1440
1456
1472
1489
1505
1521
1538
1554
1570
1587
1603
1619
1635
1652
1668
1684
1701
1717
1733
1750
1766
1782
1799
1815
1831
1847
1864
1880
1896
1913
1929
1945
1962
1978
1994
2010
2027
2043
2048
2048
2048
2048
2048
2048
2048
2048
2048
2048
2048
2048
2048
2048
2048
2048
2048
2048
2048
2048
2048
2048
2048
2048
2048
2048
2048
2048
2048
2048
2048
2053
2069
2086
2102
2118
2134
2151
2167
2183
2200
2216
2232
2249
2265
2281
2297
2314
2330
2346
2363
2379
2395
2412
2428
2444
2461
2477
2493
2509
2526
2542
2558
2575
2591
2607
2624
2640
2656
2673
2689
2705
2721
2738
2754
2770
2787
2803
2819
2836
2852
2868
2884
2901
2917
2933
2950
2966
2982
2999
3015
3031
3048
3064
3072
3072
3072
3072
3072
3072
3072
3072
3072
3072
3072
3072
3072
3072
3072
3072
3072
3072
3072
3072
1024
1024
1024
1024
1024
1024
1024
1024
1024
1024
1024
1024
1024
1024
1024
1024
1024
1024
1024
1024
1024
1024
1024
1024
1024
1024
1024
1024
1024
1024
1024
1024
1024
1024
1024
1024
1024
1024
1024
1024
1024
1024
1024
1024
1024
1024
1024
1024
1024
1024
1024
1024
1024
1024
1024
1024
1024
1024
1024
1024
1024
1024
1024
1024
1024
1024
1024
1024
1024
1024
1024
1024
1024
1024
1024
1024
1024
1024
1024
1024
1040
1056
1073
1089
1105
1121
1137
1154
1170
1186
1202
1218
1235
1251
1267
1283
1299
1316
1332
1348
1364
1380
1397
1413
1429
1445
1461
1478
1494
1510
1526
1542
1559
1575
1591
1607
1623
1640
1656
1672
1688
1705
1721
1737
1753
1769
1786
1802
1818
1834
1850
1867
1883
1899
1915
1931
1948
1964
1980
1996
2012
2029
2045
2048
2048
2048
2048
2048
2048
2048
2048
2048
2048
2048
2048
2048
2048
2048
2048
2048
2048
2048
2048
2048
2048
2048
2048
2048
2048
2048
2048
2048
2048
2048
2051
2067
2084
2100
2116
2132
2148
2165
2181
2197
2213
2229
2246
2262
2278
2294
2310
2327
2343
2359
2375
2391
2408
2424
2440
2456
2473
2489
2505
2521
2537
2554
2570
2586
2602
2618
2635
2651
2667
2683
2699
2716
2732
2748
2764
2780
2797
2813
2829
2845
2861
2878
2894
2910
2926
2942
2959
2975
2991
3007
3023
3040
3056
3072
3072
3072
3072
3072
3072
3072
3072
3072
3072
3072
3072
3072
3072
3072
3072
3072
3072
3072
1024
1024
1024
1024
1024
1024
1024
1024
1024
1024
1024
1024
1024
1024
1024
1024
1024
1024
1024
1024
1024
1024
1024
1024
1024
1024
1024
1024
1024
1024
1024
1024
1024
1024
1024
1024
1024
1024
1024
1024
1024
1024
1024
1024
1024
1024
1024
1024
1024
1024
1024
1024
1024
1024
1024
1024
1024
1024
1024
1024
1024
1024
1024
1024
1024
1024
1024
1024
1024
1024
1024
1024
1024
1024
1024
1024
1024
1024
1024
1024
1032
1048
1064
1080
1096
1113
1129
1145
1161
1177
1193
1209
1225
1241
1257
1274
1290
1306
1322
1338
1354
1370
1386
1402
1418
1435
1451
1467
1483
1499
1515
1531
1547
1563
1579
1596
1612
1628
1644
1660
1676
1692
1708
1724
1740
1757
1773
1789
1805
1821
1837
1853
1869
1885
1901
1918
1934
1950
1966
1982
1998
2014
2030
2046
2048
2048
2048
2048
2048
2048
2048
2048
2048
2048
2048
2048
2048
2048
2048
2048
2048
2048
2048
2048
2048
2048
2048
2048
2048
2048
2048
2048
2048
2048
2048
2050
2066
2082
2098
2114
2130
2146
2162
2178
2195
2211
2227
2243
2259
2275
2291
2307
2323
2339
2356
2372
2388
2404
2420
2436
2452
2468
2484
2500
2517
2533
2549
2565
2581
2597
2613
2629
2645
2661
2678
2694
2710
2726
2742
2758
2774
2790
2806
2822
2839
2855
2871
2887
2903
2919
2935
2951
2967
2983
3000
3016
3032
3048
3064
3072
3072
3072
3072
3072
3072
3072
3072
3072
3072
3072
3072
3072
3072
3072
3072
3072
1024
1024
1024
1024
1024
1024
1024
1024
1024
1024
1024
1024
1024
1024
1024
1024
1024
1024
1024
1024
1024
1024
1024
1024
1024
1024
1024
1024
1024
1024
1024
1024
1024
1024
1024
1024
1024
1024
1024
1024
1024
1024
1024
1024
1024
1024
1024
1024
1024
1024
1024
1024
1024
1024
1024
1024
1024
1024
1024
1024
1024
1024
1024
1024
1024
1024
1024
1024
1024
1024
1024
1024
1024
1024
1024
1024
1024
1024
1024
1024
1024
1040
1056
1072
1088
1104
1120
1136
1152
1168
1184
1200
1216
1232
1248
1264
1280
1296
1312
1328
1344
1360
1376
1392
1408
1424
1440
1456
1472
1488
1504
1520
1536
1552
1568
1584
1600
1616
1632
1648
1664
1680
1696
1712
1728
1744
1760
1776
1792
1808
1824
1840
1856
1872
1888
1904
1920
1936
1952
1968
1984
2000
2016
2032
2048
2048
2048
2048
2048
2048
2048
2048
2048
2048
2048
2048
2048
2048
2048
2048
2048
2048
2048
2048
2048
2048
2048
2048
2048
2048
2048
2048
2048
2048
2048
2048
2048
2064
2080
2096
2112
2128
2144
2160
2176
2192
2208
2224
2240
2256
2272
2288
2304
2320
2336
2352
2368
2384
2400
2416
2432
2448
2464
2480
2496
2512
2528
2544
2560
2576
2592
2608
2624
2640
2656
2672
2688
2704
2720
2736
2752
2768
2784
2800
2816
2832
2848
2864
2880
2896
2912
2928
2944
2960
2976
2992
3008
3024
3040
3056
3072
3072
3072
3072
3072
3072
3072
3072
3072
3072
3072
3072
3072
3072
3072
3072
1024
1024
1024
1024
1024
1024
1024
1024
1024
1024
1024
1024
1024
1024
1024
1024
1024
1024
1024
1024
1024
1024
1024
1024
1024
1024
1024
1024
1024
1024
1024
1024
1024
1024
1024
1024
1024
1024
1024
1024
1024
1024
1024
1024
1024
1024
1024
1024
1024
1024
1024
1024
1024
1024
1024
1024
1024
1024
1024
1024
1024
1024
1024
1024
1024
1024
1024
1024
1024
1024
1024
1024
1024
1024
1024
1024
1024
1024
1024
1024
1024
1032
1048
1064
1080
1096
1111
1127
1143
1159
1175
1191
1207
1223
1239
1255
1270
1286
1302
1318
1334
1350
1366
1382
1398
1414
1429
1445
1461
1477
1493
1509
1525
1541
1557
1573
1588
1604
1620
1636
1652
1668
1684
1700
1716
1732
1747
1763
1779
1795
1811
1827
1843
1859
1875
1891
1906
1922
1938
1954
1970
1986
2002
2018
2034
2048
2048
2048
2048
2048
2048
2048
2048
2048
2048
2048
2048
2048
2048
2048
2048
2048
2048
2048
2048
2048
2048
2048
2048
2048
2048
2048
2048
2048
2048
2048
2048
2048
2062
2078
2094
2110
2126
2142
2158
2174
2190
2205
2221
2237
2253
2269
2285
2301
2317
2333
2349
2364
2380
2396
2412
2428
2444
2460
2476
2492
2508
2523
2539
2555
2571
2587
2603
2619
2635
2651
2667
2682
2698
2714
2730
2746
2762
2778
2794
2810
2826
2841
2857
2873
2889
2905
2921
2937
2953
2969
2985
3000
3016
3032
3048
3064
3072
3072
3072
3072
3072
3072
3072
3072
3072
3072
3072
3072
3072
3072
1024
1024
1024
1024
1024
1024
1024
1024
1024
1024
1024
1024
1024
1024
1024
1024
1024
1024
1024
1024
1024
1024
1024
1024
1024
1024
1024
1024
1024
1024
1024
1024
1024
1024
1024
1024
1024
1024
1024
1024
1024
1024
1024
1024
1024
1024
1024
1024
1024
1024
1024
1024
1024
1024
1024
1024
1024
1024
1024
1024
1024
1024
1024
1024
1024
1024
1024
1024
1024
1024
1024
1024
1024
1024
1024
1024
1024
1024
1024
1024
1024
1024
1040
1056
1071
1087
1103
1119
1135
1150
1166
1182
1198
1214
1229
1245
1261
1277
1293
1308
1324
1340
1356
1372
1387
1403
1419
1435
1451
1466
1482
1498
1514
1530
1545
1561
1577
1593
1609
1624
1640
1656
1672
1688
1704
1719
1735
1751
1767
1783
1798
1814
1830
1846
1862
1877
1893
1909
1925
1941
1956
1972
1988
2004
2020
2035
2048
2048
2048
2048
2048
2048
2048
2048
2048
2048
2048
2048
2048
2048
2048
2048
2048
2048
2048
2048
2048
2048
2048
2048
2048
2048
2048
2048
2048
2048
2048
2048
2048
2061
2076
2092
2108
2124
2140
2155
2171
2187
2203
2219
2234
2250
2266
2282
2298
2313
2329
2345
2361
2377
2392
2408
2424
2440
2456
2472
2487
2503
2519
2535
2551
2566
2582
2598
2614
2630
2645
2661
2677
2693
2709
2724
2740
2756
2772
2788
2803
2819
2835
2851
2867
2882
2898
2914
2930
2946
2961
2977
2993
3009
3025
3040
3056
3072
3072
3072
3072
3072
3072
3072
3072
3072
3072
3072
3072
3072
1024
1024
1024
1024
1024
1024
1024
1024
1024
1024
1024
1024
1024
1024
1024
1024
1024
1024
1024
1024
1024
1024
1024
1024
1024
1024
1024
1024
1024
1024
1024
1024
1024
1024
1024
1024
1024
1024
1024
1024
1024
1024
1024
1024
1024
1024
1024
1024
1024
1024
1024
1024
1024
1024
1024
1024
1024
1024
1024
1024
1024
1024
1024
1024
1024
1024
1024
1024
1024
1024
1024
1024
1024
1024
1024
1024
1024
1024
1024
1024
1024
1024
1032
1048
1063
1079
1095
1110
1126
1142
1157
1173
1189
1205
1220
1236
1252
1267
1283
1299
1315
1330
1346
1362
1377
1393
1409
1424
1440
1456
1472
1487
1503
1519
1534
1550
1566
1582
1597
1613
1629
1644
1660
1676
1691
1707
1723
1739
1754
1770
1786
1801
1817
1833
1849
1864
1880
1896
1911
1927
1943
1958
1974
1990
2006
2021
2037
2048
2048
2048
2048
2048
2048
2048
2048
2048
2048
2048
2048
2048
2048
2048
2048
2048
2048
2048
2048
2048
2048
2048
2048
2048
2048
2048
2048
2048
2048
2048
2048
2048
2059
2075
2090
2106
2122
2138
2153
2169
2185
2200
2216
2232
2247
2263
2279
2295
2310
2326
2342
2357
2373
2389
2405
2420
2436
2452
2467
2483
2499
2514
2530
2546
2562
2577
2593
2609
2624
2640
2656
2672
2687
2703
2719
2734
2750
2766
2781
2797
2813
2829
2844
2860
2876
2891
2907
2923
2939
2954
2970
2986
3001
3017
3033
3048
3064
3072
3072
3072
3072
3072
3072
3072
3072
3072
3072
3072
1024
1024
1024
1024
1024
1024
1024
1024
1024
1024
1024
1024
1024
1024
1024
1024
1024
1024
1024
1024
1024
1024
1024
1024
1024
1024
1024
1024
1024
1024
1024
1024
1024
1024
1024
1024
1024
1024
1024
1024
1024
1024
1024
1024
1024
1024
1024
1024
1024
1024
1024
1024
1024
1024
1024
1024
1024
1024
1024
1024
1024
1024
1024
1024
1024
1024
1024
1024
1024
1024
1024
1024
1024
1024
1024
1024
1024
1024
1024
1024
1024
1024
1024
1040
1055
1071
1086
1102
1118
1133
1149
1164
1180
1196
1211
1227
1243
1258
1274
1289
1305
1321
1336
1352
1367
1383
1399
1414
1430
1445
1461
1477
1492
1508
1524
1539
1555
1570
1586
1602
1617
1633
1648
1664
1680
1695
1711
1726
1742
1758
1773
1789
1804
1820
1836
1851
1867
1883
1898
1914
1929
1945
1961
1976
1992
2007
2023
2039
2048
2048
2048
2048
2048
2048
2048
2048
2048
2048
2048
2048
2048
2048
2048
2048
2048
2048
2048
2048
2048
2048
2048
2048
2048
2048
2048
2048
2048
2048
2048
2048
2048
2057
2073
2089
2104
2120
2135
2151
2167
2182
2198
2213
2229
2245
2260
2276
2292
2307
2323
2338
2354
2370
2385
2401
2416
2432
2448
2463
2479
2494
2510
2526
2541
2557
2572
2588
2604
2619
2635
2651
2666
2682
2697
2713
2729
2744
2760
2775
2791
2807
2822
2838
2853
2869
2885
2900
2916
2932
2947
2963
2978
2994
3010
3025
3041
3056
3072
3072
3072
3072
3072
3072
3072
3072
3072
3072
1024
1024
1024
1024
1024
1024
1024
1024
1024
1024
1024
1024
1024
1024
1024
1024
1024
1024
1024
1024
1024
1024
1024
1024
1024
1024
1024
1024
1024
1024
1024
1024
1024
1024
1024
1024
1024
1024
1024
1024
1024
1024
1024
1024
1024
1024
1024
1024
1024
1024
1024
1024
1024
1024
1024
1024
1024
1024
1024
1024
1024
1024
1024
1024
1024
1024
1024
1024
1024
1024
1024
1024
1024
1024
1024
1024
1024
1024
1024
1024
1024
1024
1024
1032
1047
1063
1078
1094
1109
1125
1140
1156
1171
1187
1202
1218
1233
1249
1264
1280
1296
1311
1327
1342
1358
1373
1389
1404
1420
1435
1451
1466
1482
1497
1513
1528
1544
1559
1575
1590
1606
1621
1637
1652
1668
1683
1699
1714
1730
1745
1761
1776
1792
1808
1823
1839
1854
1870
1885
1901
1916
1932
1947
1963
1978
1994
2009
2025
2040
2048
2048
2048
2048
2048
2048
2048
2048
2048
2048
2048
2048
2048
2048
2048
2048
2048
2048
2048
2048
2048
2048
2048
2048
2048
2048
2048
2048
2048
2048
2048
2048
2048
2056
2071
2087
2102
2118
2133
2149
2164
2180
2195
2211
2226
2242
2257
2273
2288
2304
2320
2335
2351
2366
2382
2397
2413
2428
2444
2459
2475
2490
2506
2521
2537
2552
2568
2583
2599
2614
2630
2645
2661
2676
2692
2707
2723
2738
2754
2769
2785
2800
2816
2832
2847
2863
2878
2894
2909
2925
2940
2956
2971
2987
3002
3018
3033
3049
3064
3072
3072
3072
3072
3072
3072
3072
3072
1024
1024
1024
1024
1024
1024
1024
1024
1024
1024
1024
1024
1024
1024
1024
1024
1024
1024
1024
1024
1024
1024
1024
1024
1024
1024
1024
1024
1024
1024
1024
1024
1024
1024
1024
1024
1024
1024
1024
1024
1024
1024
1024
1024
1024
1024
1024
1024
1024
1024
1024
1024
1024
1024
1024
1024
1024
1024
1024
1024
1024
1024
1024
1024
1024
1024
1024
1024
1024
1024
1024
1024
1024
1024
1024
1024
1024
1024
1024
1024
1024
1024
1024
1024
1039
1055
1070
1086
1101
1117
1132
1147
1163
1178
1194
1209
1224
1240
1255
1271
1286
1302
1317
1332
1348
1363
1379
1394
1410
1425
1440
1456
1471
1487
1502
1517
1533
1548
1564
1579
1595
1610
1625
1641
1656
1672
1687
1703
1718
1733
1749
1764
1780
1795
1811
1826
1841
1857
1872
1888
1903
1918
1934
1949
1965
1980
1996
2011
2026
2042
2048
2048
2048
2048
2048
2048
2048
2048
2048
2048
2048
2048
2048
2048
2048
2048
2048
2048
2048
2048
2048
2048
2048
2048
2048
2048
2048
2048
2048
2048
2048
2048
2048
2054
2070
2085
2100
2116
2131
2147
2162
2178
2193
2208
2224
2239
2255
2270
2285
2301
2316
2332
2347
2363
2378
2393
2409
2424
2440
2455
2471
2486
2501
2517
2532
2548
2563
2579
2594
2609
2625
2640
2656
2671
2686
2702
2717
2733
2748
2764
2779
2794
2810
2825
2841
2856
2872
2887
2902
2918
2933
2949
2964
2979
2995
3010
3026
3041
3057
3072
3072
3072
3072
3072
3072
3072
1024
1024
1024
1024
1024
1024
1024
1024
1024
1024
1024
1024
1024
1024
1024
1024
1024
1024
1024
1024
1024
1024
1024
1024
1024
1024
1024
1024
1024
1024
1024
1024
1024
1024
1024
1024
1024
1024
1024
1024
1024
1024
1024
1024
1024
1024
1024
1024
1024
1024
1024
1024
1024
1024
1024
1024
1024
1024
1024
1024
1024
1024
1024
1024
1024
1024
1024
1024
1024
1024
1024
1024
1024
1024
1024
1024
1024
1024
1024
1024
1024
1024
1024
1024
1032
1047
1062
1078
1093
1108
1124
1139
1154
1170
1185
1200
1216
1231
1246
1262
1277
1292
1308
1323
1338
1354
1369
1384
1400
1415
1430
1446
1461
1476
1492
1507
1522
1538
1553
1568
1584
1599
1614
1630
1645
1660
1675
1691
1706
1721
1737
1752
1767
1783
1798
1813
1829
1844
1859
1875
1890
1905
1921
1936
1951
1967
1982
1997
2013
2028
2043
2048
2048
2048
2048
2048
2048
2048
2048
2048
2048
2048
2048
2048
2048
2048
2048
2048
2048
2048
2048
2048
2048
2048
2048
2048
2048
2048
2048
2048
2048
2048
2048
2048
2053
2068
2083
2099
2114
2129
2145
2160
2175
2191
2206
2221
2237
2252
2267
2283
2298
2313
2329
2344
2359
2375
2390
2405
2421
2436
2451
2466
2482
2497
2512
2528
2543
2558
2574
2589
2604
2620
2635
2650
2666
2681
2696
2712
2727
2742
2758
2773
2788
2804
2819
2834
2850
2865
2880
2896
2911
2926
2942
2957
2972
2988
3003
3018
3034
3049
3064
3072
3072
3072
3072
3072
1024
1024
1024
1024
1024
1024
1024
1024
1024
1024
1024
1024
1024
1024
1024
1024
1024
1024
1024
1024
1024
1024
1024
1024
1024
1024
1024
1024
1024
1024
1024
1024
1024
1024
1024
1024
1024
1024
1024
1024
1024
1024
1024
1024
1024
1024
1024
1024
1024
1024
1024
1024
1024
1024
1024
1024
1024
1024
1024
1024
1024
1024
1024
1024
1024
1024
1024
1024
1024
1024
1024
1024
1024
1024
1024
1024
1024
1024
1024
1024
1024
1024
1024
1024
1024
1039
1054
1070
1085
1100
1115
1131
1146
1161
1176
1192
1207
1222
1237
1253
1268
1283
1298
1314
1329
1344
1359
1374
1390
1405
1420
1435
1451
1466
1481
1496
1512
1527
1542
1557
1573
1588
1603
1618
1634
1649
1664
1679
1694
1710
1725
1740
1755
1771
1786
1801
1816
1832
1847
1862
1877
1893
1908
1923
1938
1954
1969
1984
1999
2014
2030
2045
2048
2048
2048
2048
2048
2048
2048
2048
2048
2048
2048
2048
2048
2048
2048
2048
2048
2048
2048
2048
2048
2048
2048
2048
2048
2048
2048
2048
2048
2048
2048
2048
2048
2051
2066
2082
2097
2112
2127
2142
2158
2173
2188
2203
2219
2234
2249
2264
2280
2295
2310
2325
2341
2356
2371
2386
2402
2417
2432
2447
2462
2478
2493
2508
2523
2539
2554
2569
2584
2600
2615
2630
2645
2661
2676
2691
2706
2722
2737
2752
2767
2782
2798
2813
2828
2843
2859
2874
2889
2904
2920
2935
2950
2965
2981
2996
3011
3026
3042
3057
3072
3072
3072
3072
1024
1024
1024
1024
1024
1024
1024
1024
1024
1024
1024
1024
1024
1024
1024
1024
1024
1024
1024
1024
1024
1024
1024
1024
1024
1024
1024
1024
1024
1024
1024
1024
1024
1024
1024
1024
1024
1024
1024
1024
1024
1024
1024
1024
1024
1024
1024
1024
1024
1024
1024
1024
1024
1024
1024
1024
1024
1024
1024
1024
1024
1024
1024
1024
1024
1024
1024
1024
1024
1024
1024
1024
1024
1024
1024
1024
1024
1024
1024
1024
1024
1024
1024
1024
1024
1032
1047
1062
1077
1092
1107
1122
1138
1153
1168
1183
1198
1213
1228
1244
1259
1274
1289
1304
1319
1335
1350
1365
1380
1395
1410
1425
1441
1456
1471
1486
1501
1516
1531
1547
1562
1577
1592
1607
1622
1637
1653
1668
1683
1698
1713
1728
1744
1759
1774
1789
1804
1819
1834
1850
1865
1880
1895
1910
1925
1940
1956
1971
1986
2001
2016
2031
2046
2048
2048
2048
2048
2048
2048
2048
2048
2048
2048
2048
2048
2048
2048
2048
2048
2048
2048
2048
2048
2048
2048
2048
2048
2048
2048
2048
2048
2048
2048
2048
2048
2048
2050
2065
2080
2095
2110
2125
2140
2156
2171
2186
2201
2216
2231
2246
2262
2277
2292
2307
2322
2337
2352
2368
2383
2398
2413
2428
2443
2459
2474
2489
2504
2519
2534
2549
2565
2580
2595
2610
2625
2640
2655
2671
2686
2701
2716
2731
2746
2761
2777
2792
2807
2822
2837
2852
2868
2883
2898
2913
2928
2943
2958
2974
2989
3004
3019
3034
3049
3064
3072
3072
1024
1024
1024
1024
1024
1024
1024
1024
1024
1024
1024
1024
1024
1024
1024
1024
1024
1024
1024
1024
1024
1024
1024
1024
1024
1024
1024
1024
1024
1024
1024
1024
1024
1024
1024
1024
1024
1024
1024
1024
1024
1024
1024
1024
1024
1024
1024
1024
1024
1024
1024
1024
1024
1024
1024
1024
1024
1024
1024
1024
1024
1024
1024
1024
1024
1024
1024
1024
1024
1024
1024
1024
1024
1024
1024
1024
1024
1024
1024
1024
1024
1024
1024
1024
1024
1024
1039
1054
1069
1084
1099
1114
1129
1144
1160
1175
1190
1205
1220
1235
1250
1265
1280
1295
1310
1325
1340
1355
1370
1385
1400
1416
1431
1446
1461
1476
1491
1506
1521
1536
1551
1566
1581
1596
1611
1626
1641
1656
1672
1687
1702
1717
1732
1747
1762
1777
1792
1807
1822
1837
1852
1867
1882
1897
1912
1928
1943
1958
1973
1988
2003
2018
2033
2048
2048
2048
2048
2048
2048
2048
2048
2048
2048
2048
2048
2048
2048
2048
2048
2048
2048
2048
2048
2048
2048
2048
2048
2048
2048
2048
2048
2048
2048
2048
2048
2048
2048
2048
2063
2078
2093
2108
2123
2138
2153
2168
2184
2199
2214
2229
2244
2259
2274
2289
2304
2319
2334
2349
2364
2379
2394
2409
2424
2440
2455
2470
2485
2500
2515
2530
2545
2560
2575
2590
2605
2620
2635
2650
2665
2680
2696
2711
2726
2741
2756
2771
2786
2801
2816
2831
2846
2861
2876
2891
2906
2921
2936
2952
2967
2982
2997
3012
3027
3042
3057
3072
1024
1024
1024
1024
1024
1024
1024
1024
1024
1024
1024
1024
1024
1024
1024
1024
1024
1024
1024
1024
1024
1024
1024
1024
1024
1024
1024
1024
1024
1024
1024
1024
1024
1024
1024
1024
1024
1024
1024
1024
1024
1024
1024
1024
1024
1024
1024
1024
1024
1024
1024
1024
1024
1024
1024
1024
1024
1024
1024
1024
1024
1024
1024
1024
1024
1024
1024
1024
1024
1024
1024
1024
1024
1024
1024
1024
1024
1024
1024
1024
1024
1024
1024
1024
1024
1024
1031
1046
1061
1076
1091
1106
1121
1136
1151
1166
1181
1196
1211
1226
1241
1256
1271
1286
1301
1316
1331
1346
1361
1376
1391
1406
1421
1436
1451
1466
1481
1496
1511
1526
1540
1555
1570
1585
1600
1615
1630
1645
1660
1675
1690
1705
1720
1735
1750
1765
1780
1795
1810
1825
1840
1855
1870
1885
1900
1915
1930
1945
1960
1975
1990
2005
2020
2035
2048
2048
2048
2048
2048
2048
2048
2048
2048
2048
2048
2048
2048
2048
2048
2048
2048
2048
2048
2048
2048
2048
2048
2048
2048
2048
2048
2048
2048
2048
2048
2048
2048
2048
2048
2061
2076
2091
2106
2121
2136
2151
2166
2181
2196
2211
2226
2241
2256
2271
2286
2301
2316
2331
2346
2361
2376
2391
2406
2421
2436
2451
2466
2481
2496
2511
2526
2541
2556
2570
2585
2600
2615
2630
2645
2660
2675
2690
2705
2720
2735
2750
2765
2780
2795
2810
2825
2840
2855
2870
2885
2900
2915
2930
2945
2960
2975
2990
3005
3020
3035
3050
1024
1024
1024
1024
1024
1024
1024
1024
1024
1024
1024
1024
1024
1024
1024
1024
1024
1024
1024
1024
1024
1024
1024
1024
1024
1024
1024
1024
1024
1024
1024
1024
1024
1024
1024
1024
1024
1024
1024
1024
1024
1024
1024
1024
1024
1024
1024
1024
1024
1024
1024
1024
1024
1024
1024
1024
1024
1024
1024
1024
1024
1024
1024
1024
1024
1024
1024
1024
1024
1024
1024
1024
1024
1024
1024
1024
1024
1024
1024
1024
1024
1024
1024
1024
1024
1024
1024
1039
1054
1069
1084
1098
1113
1128
1143
1158
1173
1188
1203
1217
1232
1247
1262
1277
1292
1307
1322
1337
1351
1366
1381
1396
1411
1426
1441
1456
1471
1485
1500
1515
1530
1545
1560
1575
1590
1604
1619
1634
1649
1664
1679
1694
1709
1724
1738
1753
1768
1783
1798
1813
1828
1843
1857
1872
1887
1902
1917
1932
1947
1962
1977
1991
2006
2021
2036
2048
2048
2048
2048
2048
2048
2048
2048
2048
2048
2048
2048
2048
2048
2048
2048
2048
2048
2048
2048
2048
2048
2048
2048
2048
2048
2048
2048
2048
2048
2048
2048
2048
2048
2048
2060
2075
2090
2105
2119
2134
2149
2164
2179
2194
2209
2224
2239
2253
2268
2283
2298
2313
2328
2343
2358
2372
2387
2402
2417
2432
2447
2462
2477
2492
2506
2521
2536
2551
2566
2581
2596
2611
2625
2640
2655
2670
2685
2700
2715
2730
2745
2759
2774
2789
2804
2819
2834
2849
2864
2879
2893
2908
2923
2938
2953
2968
2983
2998
3012
3027
1024
1024
1024
1024
1024
1024
1024
1024
1024
1024
1024
1024
1024
1024
1024
1024
1024
1024
1024
1024
1024
1024
1024
1024
1024
1024
1024
1024
1024
1024
1024
1024
1024
1024
1024
1024
1024
1024
1024
1024
1024
1024
1024
1024
1024
1024
1024
1024
1024
1024
1024
1024
1024
1024
1024
1024
1024
1024
1024
1024
1024
1024
1024
1024
1024
1024
1024
1024
1024
1024
1024
1024
1024
1024
1024
1024
1024
1024
1024
1024
1024
1024
1024
1024
1024
1024
1024
1031
1046
1061
1076
1091
1105
1120
1135
1150
1165
1179
1194
1209
1224
1239
1253
1268
1283
1298
1313
1327
1342
1357
1372
1387
1401
1416
1431
1446
1461
1475
1490
1505
1520
1535
1549
1564
1579
1594
1609
1623
1638
1653
1668
1682
1697
1712
1727
1742
1756
1771
1786
1801
1816
1830
1845
1860
1875
1890
1904
1919
1934
1949
1964
1978
1993
2008
2023
2038
2048
2048
2048
2048
2048
2048
2048
2048
2048
2048
2048
2048
2048
2048
2048
2048
2048
2048
2048
2048
2048
2048
2048
2048
2048
2048
2048
2048
2048
2048
2048
2048
2048
2048
2048
2058
2073
2088
2103
2118
2132
2147
2162
2177
2192
2206
2221
2236
2251
2266
2280
2295
2310
2325
2340
2354
2369
2384
2399
2414
2428
2443
2458
2473
2487
2502
2517
2532
2547
2561
2576
2591
2606
2621
2635
2650
2665
2680
2695
2709
2724
2739
2754
2769
2783
2798
2813
2828
2843
2857
2872
2887
2902
2917
2931
2946
2961
2976
2991
3005
1024
1024
1024
1024
1024
1024
1024
1024
1024
1024
1024
1024
1024
1024
1024
1024
1024
1024
1024
1024
1024
1024
1024
1024
1024
1024
1024
1024
1024
1024
1024
1024
1024
1024
1024
1024
1024
1024
1024
1024
1024
1024
1024
1024
1024
1024
1024
1024
1024
1024
1024
1024
1024
1024
1024
1024
1024
1024
1024
1024
1024
1024
1024
1024
1024
1024
1024
1024
1024
1024
1024
1024
1024
1024
1024
1024
1024
1024
1024
1024
1024
1024
1024
1024
1024
1024
1024
1024
1039
1053
1068
1083
1098
1112
1127
1142
1156
1171
1186
1201
1215
1230
1245
1259
1274
1289
1304
1318
1333
1348
1362
1377
1392
1407
1421
1436
1451
1465
1480
1495
1510
1524
1539
1554
1568
1583
1598
1613
1627
1642
1657
1671
1686
1701
1715
1730
1745
1760
1774
1789
1804
1818
1833
1848
1863
1877
1892
1907
1921
1936
1951
1966
1980
1995
2010
2024
2039
2048
2048
2048
2048
2048
2048
2048
2048
2048
2048
2048
2048
2048
2048
2048
2048
2048
2048
2048
2048
2048
2048
2048
2048
2048
2048
2048
2048
2048
2048
2048
2048
2048
2048
2048
2057
2072
2086
2101
2116
2130
2145
2160
2175
2189
2204
2219
2233
2248
2263
2278
2292
2307
2322
2336
2351
2366
2381
2395
2410
2425
2439
2454
2469
2483
2498
2513
2528
2542
2557
2572
2586
2601
2616
2631
2645
2660
2675
2689
2704
2719
2734
2748
2763
2778
2792
2807
2822
2837
2851
2866
2881
2895
2910
2925
2940
2954
2969
2984
1024
1024
1024
1024
1024
1024
1024
1024
1024
1024
1024
1024
1024
1024
1024
1024
1024
1024
1024
1024
1024
1024
1024
1024
1024
1024
1024
1024
1024
1024
1024
1024
1024
1024
1024
1024
1024
1024
1024
1024
1024
1024
1024
1024
1024
1024
1024
1024
1024
1024
1024
1024
1024
1024
1024
1024
1024
1024
1024
1024
1024
1024
1024
1024
1024
1024
1024
1024
1024
1024
1024
1024
1024
1024
1024
1024
1024
1024
1024
1024
1024
1024
1024
1024
1024
1024
1024
1024
1031
1046
1061
1075
1090
1104
1119
1134
1148
1163
1178
1192
1207
1221
1236
1251
1265
1280
1295
1309
1324
1339
1353
1368
1382
1397
1412
1426
1441
1456
1470
1485
1499
1514
1529
1543
1558
1573
1587
1602
1616
1631
1646
1660
1675
1690
1704
1719
1733
1748
1763
1777
1792
1807
1821
1836
1851
1865
1880
1894
1909
1924
1938
1953
1968
1982
1997
2011
2026
2041
2048
2048
2048
2048
2048
2048
2048
2048
2048
2048
2048
2048
2048
2048
2048
2048
2048
2048
2048
2048
2048
2048
2048
2048
2048
2048
2048
2048
2048
2048
2048
2048
2048
2048
2048
2055
2070
2085
2099
2114
2128
2143
2158
2172
2187
2202
2216
2231
2245
2260
2275
2289
2304
2319
2333
2348
2363
2377
2392
2406
2421
2436
2450
2465
2480
2494
2509
2523
2538
2553
2567
2582
2597
2611
2626
2640
2655
2670
2684
2699
2714
2728
2743
2757
2772
2787
2801
2816
2831
2845
2860
2875
2889
2904
2918
2933
2948
2962
1024
1024
1024
1024
1024
1024
1024
1024
1024
1024
1024
1024
1024
1024
1024
1024
1024
1024
1024
1024
1024
1024
1024
1024
1024
1024
1024
1024
1024
1024
1024
1024
1024
1024
1024
1024
1024
1024
1024
1024
1024
1024
1024
1024
1024
1024
1024
1024
1024
1024
1024
1024
1024
1024
1024
1024
1024
1024
1024
1024
1024
1024
1024
1024
1024
1024
1024
1024
1024
1024
1024
1024
1024
1024
1024
1024
1024
1024
1024
1024
1024
1024
1024
1024
1024
1024
1024
1024
1024
1039
1053
1068
1082
1097
1111
1126
1140
1155
1169
1184
1199
1213
1228
1242
1257
1271
1286
1300
1315
1329
1344
1359
1373
1388
1402
1417
1431
1446
1460
1475
1489
1504
1519
1533
1548
1562
1577
1591
1606
1620
1635
1649
1664
1679
1693
1708
1722
1737
1751
1766
1780
1795
1809
1824
1839
1853
1868
1882
1897
1911
1926
1940
1955
1969
1984
1999
2013
2028
2042
2048
2048
2048
2048
2048
2048
2048
2048
2048
2048
2048
2048
2048
2048
2048
2048
2048
2048
2048
2048
2048
2048
2048
2048
2048
2048
2048
2048
2048
2048
2048
2048
2048
2048
2048
2054
2068
2083
2097
2112
2127
2141
2156
2170
2185
2199
2214
2228
2243
2257
2272
2287
2301
2316
2330
2345
2359
2374
2388
2403
2417
2432
2447
2461
2476
2490
2505
2519
2534
2548
2563
2577
2592
2607
2621
2636
2650
2665
2679
2694
2708
2723
2737
2752
2767
2781
2796
2810
2825
2839
2854
2868
2883
2897
2912
2927
2941
1024
1024
1024
1024
1024
1024
1024
1024
1024
1024
1024
1024
1024
1024
1024
1024
1024
1024
1024
1024
1024
1024
1024
1024
1024
1024
1024
1024
1024
1024
1024
1024
1024
1024
1024
1024
1024
1024
1024
1024
1024
1024
1024
1024
1024
1024
1024
1024
1024
1024
1024
1024
1024
1024
1024
1024
1024
1024
1024
1024
1024
1024
1024
1024
1024
1024
1024
1024
1024
1024
1024
1024
1024
1024
1024
1024
1024
1024
1024
1024
1024
1024
1024
1024
1024
1024
1024
1024
1024
1031
1046
1060
1075
1089
1104
1118
1132
1147
1161
1176
1190
1205
1219
1234
1248
1263
1277
1292
1306
1320
1335
1349
1364
1378
1393
1407
1422
1436
1451
1465
1480
1494
1509
1523
1537
1552
1566
1581
1595
1610
1624
1639
1653
1668
1682
1697
1711
1725
1740
1754
1769
1783
1798
1812
1827
1841
1856
1870
1885
1899
1913
1928
1942
1957
1971
1986
2000
2015
2029
2044
2048
2048
2048
2048
2048
2048
2048
2048
2048
2048
2048
2048
2048
2048
2048
2048
2048
2048
2048
2048
2048
2048
2048
2048
2048
2048
2048
2048
2048
2048
2048
2048
2048
2048
2048
2052
2067
2081
2096
2110
2125
2139
2154
2168
2183
2197
2211
2226
2240
2255
2269
2284
2298
2313
2327
2342
2356
2371
2385
2399
2414
2428
2443
2457
2472
2486
2501
2515
2530
2544
2559
2573
2587
2602
2616
2631
2645
2660
2674
2689
2703
2718
2732
2747
2761
2776
2790
2804
2819
2833
2848
2862
2877
2891
2906
2920
1024
1024
1024
1024
1024
1024
1024
1024
1024
1024
1024
1024
1024
1024
1024
1024
1024
1024
1024
1024
1024
1024
1024
1024
1024
1024
1024
1024
1024
1024
1024
1024
1024
1024
1024
1024
1024
1024
1024
1024
1024
1024
1024
1024
1024
1024
1024
1024
1024
1024
1024
1024
1024
1024
1024
1024
1024
1024
1024
1024
1024
1024
1024
1024
1024
1024
1024
1024
1024
1024
1024
1024
1024
1024
1024
1024
1024
1024
1024
1024
1024
1024
1024
1024
1024
1024
1024
1024
1024
1024
1038
1053
1067
1082
1096
1110
1125
1139
1153
1168
1182
1197
1211
1225
1240
1254
1268
1283
1297
1312
1326
1340
1355
1369
1384
1398
1412
1427
1441
1455
1470
1484
1499
1513
1527
1542
1556
1571
1585
1599
1614
1628
1642
1657
1671
1686
1700
1714
1729
1743
1757
1772
1786
1801
1815
1829
1844
1858
1873
1887
1901
1916
1930
1944
1959
1973
1988
2002
2016
2031
2045
2048
2048
2048
2048
2048
2048
2048
2048
2048
2048
2048
2048
2048
2048
2048
2048
2048
2048
2048
2048
2048
2048
2048
2048
2048
2048
2048
2048
2048
2048
2048
2048
2048
2048
2048
2051
2065
2080
2094
2108
2123
2137
2152
2166
2180
2195
2209
2223
2238
2252
2267
2281
2295
2310
2324
2339
2353
2367
2382
2396
2410
2425
2439
2454
2468
2482
2497
2511
2525
2540
2554
2569
2583
2597
2612
2626
2641
2655
2669
2684
2698
2712
2727
2741
2756
2770
2784
2799
2813
2828
2842
2856
2871
2885
2899
1024
1024
1024
1024
1024
1024
1024
1024
1024
1024
1024
1024
1024
1024
1024
1024
1024
1024
1024
1024
1024
1024
1024
1024
1024
1024
1024
1024
1024
1024
1024
1024
1024
1024
1024
1024
1024
1024
1024
1024
1024
1024
1024
1024
1024
1024
1024
1024
1024
1024
1024
1024
1024
1024
1024
1024
1024
1024
1024
1024
1024
1024
1024
1024
1024
1024
1024
1024
1024
1024
1024
1024
1024
1024
1024
1024
1024
1024
1024
1024
1024
1024
1024
1024
1024
1024
1024
1024
1024
1024
1031
1045
1060
1074
1088
1103
1117
1131
1146
1160
1174
1188
1203
1217
1231
1246
1260
1274
1289
1303
1317
1331
1346
1360
1374
1389
1403
1417
1432
1446
1460
1475
1489
1503
1517
1532
1546
1560
1575
1589
1603
1618
1632
1646
1660
1675
1689
1703
1718
1732
1746
1761
1775
1789
1803
1818
1832
1846
1861
1875
1889
1904
1918
1932
1946
1961
1975
1989
2004
2018
2032
2047
2048
2048
2048
2048
2048
2048
2048
2048
2048
2048
2048
2048
2048
2048
2048
2048
2048
2048
2048
2048
2048
2048
2048
2048
2048
2048
2048
2048
2048
2048
2048
2048
2048
2048
2048
2049
2064
2078
2092
2107
2121
2135
2150
2164
2178
2192
2207
2221
2235
2250
2264
2278
2293
2307
2321
2335
2350
2364
2378
2393
2407
2421
2436
2450
2464
2478
2493
2507
2521
2536
2550
2564
2579
2593
2607
2621
2636
2650
2664
2679
2693
2707
2722
2736
2750
2765
2779
2793
2807
2822
2836
2850
2865
2879
1024
1024
1024
1024
1024
1024
1024
1024
1024
1024
1024
1024
1024
1024
1024
1024
1024
1024
1024
1024
1024
1024
1024
1024
1024
1024
1024
1024
1024
1024
1024
1024
1024
1024
1024
1024
1024
1024
1024
1024
1024
1024
1024
1024
1024
1024
1024
1024
1024
1024
1024
1024
1024
1024
1024
1024
1024
1024
1024
1024
1024
1024
1024
1024
1024
1024
1024
1024
1024
1024
1024
1024
1024
1024
1024
1024
1024
1024
1024
1024
1024
1024
1024
1024
1024
1024
1024
1024
1024
1024
1024
1038
1052
1067
1081
1095
1109
1124
1138
1152
1166
1180
1195
1209
1223
1237
1252
1266
1280
1294
1308
1323
1337
1351
1365
1380
1394
1408
1422
1436
1451
1465
1479
1493
1508
1522
1536
1550
1564
1579
1593
1607
1621
1636
1650
1664
1678
1692
1707
1721
1735
1749
1764
1778
1792
1806
1820
1835
1849
1863
1877
1892
1906
1920
1934
1948
1963
1977
1991
2005
2020
2034
2048
2048
2048
2048
2048
2048
2048
2048
2048
2048
2048
2048
2048
2048
2048
2048
2048
2048
2048
2048
2048
2048
2048
2048
2048
2048
2048
2048
2048
2048
2048
2048
2048
2048
2048
2048
2048
2062
2076
2091
2105
2119
2133
2148
2162
2176
2190
2204
2219
2233
2247
2261
2276
2290
2304
2318
2332
2347
2361
2375
2389
2404
2418
2432
2446
2460
2475
2489
2503
2517
2532
2546
2560
2574
2588
2603
2617
2631
2645
2660
2674
2688
2702
2716
2731
2745
2759
2773
2788
2802
2816
2830
2844
2859
1024
1024
1024
1024
1024
1024
1024
1024
1024
1024
1024
1024
1024
1024
1024
1024
1024
1024
1024
1024
1024
1024
1024
1024
1024
1024
1024
1024
1024
1024
1024
1024
1024
1024
1024
1024
1024
1024
1024
1024
1024
1024
1024
1024
1024
1024
1024
1024
1024
1024
1024
1024
1024
1024
1024
1024
1024
1024
1024
1024
1024
1024
1024
1024
1024
1024
1024
1024
1024
1024
1024
1024
1024
1024
1024
1024
1024
1024
1024
1024
1024
1024
1024
1024
1024
1024
1024
1024
1024
1024
1024
1031
1045
1059
1074
1088
1102
1116
1130
1144
1158
1173
1187
1201
1215
1229
1243
1257
1272
1286
1300
1314
1328
1342
1356
1371
1385
1399
1413
1427
1441
1455
1470
1484
1498
1512
1526
1540
1554
1569
1583
1597
1611
1625
1639
1653
1668
1682
1696
1710
1724
1738
1752
1767
1781
1795
1809
1823
1837
1851
1866
1880
1894
1908
1922
1936
1950
1965
1979
1993
2007
2021
2035
2048
2048
2048
2048
2048
2048
2048
2048
2048
2048
2048
2048
2048
2048
2048
2048
2048
2048
2048
2048
2048
2048
2048
2048
2048
2048
2048
2048
2048
2048
2048
2048
2048
2048
2048
2048
2048
2061
2075
2089
2103
2117
2131
2146
2160
2174
2188
2202
2216
2230
2245
2259
2273
2287
2301
2315
2329
2344
2358
2372
2386
2400
2414
2428
2443
2457
2471
2485
2499
2513
2527
2542
2556
2570
2584
2598
2612
2626
2641
2655
2669
2683
2697
2711
2725
2740
2754
2768
2782
2796
2810
2824
2839
1024
1024
1024
1024
1024
1024
1024
1024
1024
1024
1024
1024
1024
1024
1024
1024
1024
1024
1024
1024
1024
1024
1024
1024
1024
1024
1024
1024
1024
1024
1024
1024
1024
1024
1024
1024
1024
1024
1024
1024
1024
1024
1024
1024
1024
1024
1024
1024
1024
1024
1024
1024
1024
1024
1024
1024
1024
1024
1024
1024
1024
1024
1024
1024
1024
1024
1024
1024
1024
1024
1024
1024
1024
1024
1024
1024
1024
1024
1024
1024
1024
1024
1024
1024
1024
1024
1024
1024
1024
1024
1024
1024
1038
1052
1066
1080
1094
1108
1122
1137
1151
1165
1179
1193
1207
1221
1235
1249
1263
1277
1291
1305
1319
1333
1348
1362
1376
1390
1404
1418
1432
1446
1460
1474
1488
1502
1516
1530
1544
1559
1573
1587
1601
1615
1629
1643
1657
1671
1685
1699
1713
1727
1741
1755
1769
1784
1798
1812
1826
1840
1854
1868
1882
1896
1910
1924
1938
1952
1966
1980
1995
2009
2023
2037
2048
2048
2048
2048
2048
2048
2048
2048
2048
2048
2048
2048
2048
2048
2048
2048
2048
2048
2048
2048
2048
2048
2048
2048
2048
2048
2048
2048
2048
2048
2048
2048
2048
2048
2048
2048
2048
2059
2073
2087
2101
2116
2130
2144
2158
2172
2186
2200
2214
2228
2242
2256
2270
2284
2298
2312
2327
2341
2355
2369
2383
2397
2411
2425
2439
2453
2467
2481
2495
2509
2523
2537
2552
2566
2580
2594
2608
2622
2636
2650
2664
2678
2692
2706
2720
2734
2748
2763
2777
2791
2805
2819
1024
1024
1024
1024
1024
1024
1024
1024
1024
1024
1024
1024
1024
1024
1024
1024
1024
1024
1024
1024
1024
1024
1024
1024
1024
1024
1024
1024
1024
1024
1024
1024
1024
1024
1024
1024
1024
1024
1024
1024
1024
1024
1024
1024
1024
1024
1024
1024
1024
1024
1024
1024
1024
1024
1024
1024
1024
1024
1024
1024
1024
1024
1024
1024
1024
1024
1024
1024
1024
1024
1024
1024
1024
1024
1024
1024
1024
1024
1024
1024
1024
1024
1024
1024
1024
1024
1024
1024
1024
1024
1024
1024
1031
1045
1059
1073
1087
1101
1115
1129
1143
1157
1171
1185
1199
1213
1227
1241
1255
1269
1283
1297
1311
1325
1339
1353
1367
1381
1395
1409
1423
1437
1451
1465
1479
1493
1507
1521
1535
1549
1563
1577
1591
1605
1619
1633
1647
1661
1674
1688
1702
1716
1730
1744
1758
1772
1786
1800
1814
1828
1842
1856
1870
1884
1898
1912
1926
1940
1954
1968
1982
1996
2010
2024
2038
2048
2048
2048
2048
2048
2048
2048
2048
2048
2048
2048
2048
2048
2048
2048
2048
2048
2048
2048
2048
2048
2048
2048
2048
2048
2048
2048
2048
2048
2048
2048
2048
2048
2048
2048
2048
2048
2058
2072
2086
2100
2114
2128
2142
2156
2170
2184
2198
2212
2226
2240
2254
2268
2282
2296
2310
2324
2338
2352
2366
2380
2394
2408
2422
2435
2449
2463
2477
2491
2505
2519
2533
2547
2561
2575
2589
2603
2617
2631
2645
2659
2673
2687
2701
2715
2729
2743
2757
2771
2785
2799
1024
1024
1024
1024
1024
1024
1024
1024
1024
1024
1024
1024
1024
1024
1024
1024
1024
1024
1024
1024
1024
1024
1024
1024
1024
1024
1024
1024
1024
1024
1024
1024
1024
1024
1024
1024
1024
1024
1024
1024
1024
1024
1024
1024
1024
1024
1024
1024
1024
1024
1024
1024
1024
1024
1024
1024
1024
1024
1024
1024
1024
1024
1024
1024
1024
1024
1024
1024
1024
1024
1024
1024
1024
1024
1024
1024
1024
1024
1024
1024
1024
1024
1024
1024
1024
1024
1024
1024
1024
1024
1024
1024
1024
1038
1052
1066
1080
1094
1107
1121
1135
1149
1163
1177
1191
1205
1219
1233
1247
1261
1274
1288
1302
1316
1330
1344
1358
1372
1386
1400
1414
1427
1441
1455
1469
1483
1497
1511
1525
1539
1553
1567
1581
1594
1608
1622
1636
1650
1664
1678
1692
1706
1720
1734
1747
1761
1775
1789
1803
1817
1831
1845
1859
1873
1887
1901
1914
1928
1942
1956
1970
1984
1998
2012
2026
2040
2048
2048
2048
2048
2048
2048
2048
2048
2048
2048
2048
2048
2048
2048
2048
2048
2048
2048
2048
2048
2048
2048
2048
2048
2048
2048
2048
2048
2048
2048
2048
2048
2048
2048
2048
2048
2048
2056
2070
2084
2098
2112
2126
2140
2154
2168
2182
2195
2209
2223
2237
2251
2265
2279
2293
2307
2321
2335
2349
2362
2376
2390
2404
2418
2432
2446
2460
2474
2488
2502
2515
2529
2543
2557
2571
2585
2599
2613
2627
2641
2655
2669
2682
2696
2710
2724
2738
2752
2766
2780
1024
1024
1024
1024
1024
1024
1024
1024
1024
1024
1024
1024
1024
1024
1024
1024
1024
1024
1024
1024
1024
1024
1024
1024
1024
1024
1024
1024
1024
1024
1024
1024
1024
1024
1024
1024
1024
1024
1024
1024
1024
1024
1024
1024
1024
1024
1024
1024
1024
1024
1024
1024
1024
1024
1024
1024
1024
1024
1024
1024
1024
1024
1024
1024
1024
1024
1024
1024
1024
1024
1024
1024
1024
1024
1024
1024
1024
1024
1024
1024
1024
1024
1024
1024
1024
1024
1024
1024
1024
1024
1024
1024
1024
1031
1045
1059
1072
1086
1100
1114
1128
1142
1155
1169
1183
1197
1211
1225
1238
1252
1266
1280
1294
1308
1322
1335
1349
1363
1377
1391
1405
1418
1432
1446
1460
1474
1488
1501
1515
1529
1543
1557
1571
1584
1598
1612
1626
1640
1654
1667
1681
1695
1709
1723
1737
1750
1764
1778
1792
1806
1820
1834
1847
1861
1875
1889
1903
1917
1930
1944
1958
1972
1986
2000
2013
2027
2041
2048
2048
2048
2048
2048
2048
2048
2048
2048
2048
2048
2048
2048
2048
2048
2048
2048
2048
2048
2048
2048
2048
2048
2048
2048
2048
2048
2048
2048
2048
2048
2048
2048
2048
2048
2048
2048
2055
2069
2083
2096
2110
2124
2138
2152
2166
2179
2193
2207
2221
2235
2249
2262
2276
2290
2304
2318
2332
2346
2359
2373
2387
2401
2415
2429
2442
2456
2470
2484
2498
2512
2525
2539
2553
2567
2581
2595
2608
2622
2636
2650
2664
2678
2691
2705
2719
2733
2747
2761
1024
1024
1024
1024
1024
1024
1024
1024
1024
1024
1024
1024
1024
1024
1024
1024
1024
1024
1024
1024
1024
1024
1024
1024
1024
1024
1024
1024
1024
1024
1024
1024
1024
1024
1024
1024
1024
1024
1024
1024
1024
1024
1024
1024
1024
1024
1024
1024
1024
1024
1024
1024
1024
1024
1024
1024
1024
1024
1024
1024
1024
1024
1024
1024
1024
1024
1024
1024
1024
1024
1024
1024
1024
1024
1024
1024
1024
1024
1024
1024
1024
1024
1024
1024
1024
1024
1024
1024
1024
1024
1024
1024
1024
1024
1038
1052
1065
1079
1093
1107
1120
1134
1148
1162
1175
1189
1203
1217
1230
1244
1258
1272
1286
1299
1313
1327
1341
1354
1368
1382
1396
1409
1423
1437
1451
1464
1478
1492
1506
1519
1533
1547
1561
1575
1588
1602
1616
1630
1643
1657
1671
1685
1698
1712
1726
1740
1753
1767
1781
1795
1809
1822
1836
1850
1864
1877
1891
1905
1919
1932
1946
1960
1974
1987
2001
2015
2029
2042
2048
2048
2048
2048
2048
2048
2048
2048
2048
2048
2048
2048
2048
2048
2048
2048
2048
2048
2048
2048
2048
2048
2048
2048
2048
2048
2048
2048
2048
2048
2048
2048
2048
2048
2048
2048
2048
2054
2067
2081
2095
2109
2122
2136
2150
2164
2177
2191
2205
2219
2232
2246
2260
2274
2287
2301
2315
2329
2343
2356
2370
2384
2398
2411
2425
2439
2453
2466
2480
2494
2508
2521
2535
2549
2563
2577
2590
2604
2618
2632
2645
2659
2673
2687
2700
2714
2728
2742
1024
1024
1024
1024
1024
1024
1024
1024
1024
1024
1024
1024
1024
1024
1024
1024
1024
1024
1024
1024
1024
1024
1024
1024
1024
1024
1024
1024
1024
1024
1024
1024
1024
1024
1024
1024
1024
1024
1024
1024
1024
1024
1024
1024
1024
1024
1024
1024
1024
1024
1024
1024
1024
1024
1024
1024
1024
1024
1024
1024
1024
1024
1024
1024
1024
1024
1024
1024
1024
1024
1024
1024
1024
1024
1024
1024
1024
1024
1024
1024
1024
1024
1024
1024
1024
1024
1024
1024
1024
1024
1024
1024
1024
1024
1031
1045
1058
1072
1086
1099
1113
1127
1140
1154
1168
1181
1195
1209
1223
1236
1250
1264
1277
1291
1305
1318
1332
1346
1359
1373
1387
1400
1414
1428
1442
1455
1469
1483
1496
1510
1524
1537
1551
1565
1578
1592
1606
1620
1633
1647
1661
1674
1688
1702
1715
1729
1743
1756
1770
1784
1797
1811
1825
1839
1852
1866
1880
1893
1907
1921
1934
1948
1962
1975
1989
2003
2017
2030
2044
2048
2048
2048
2048
2048
2048
2048
2048
2048
2048
2048
2048
2048
2048
2048
2048
2048
2048
2048
2048
2048
2048
2048
2048
2048
2048
2048
2048
2048
2048
2048
2048
2048
2048
2048
2048
2048
2052
2066
2079
2093
2107
2121
2134
2148
2162
2175
2189
2203
2216
2230
2244
2257
2271
2285
2299
2312
2326
2340
2353
2367
2381
2394
2408
2422
2435
2449
2463
2476
2490
2504
2518
2531
2545
2559
2572
2586
2600
2613
2627
2641
2654
2668
2682
2696
2709
2723
1024
1024
1024
1024
1024
1024
1024
1024
1024
1024
1024
1024
1024
1024
1024
1024
1024
1024
1024
1024
1024
1024
1024
1024
1024
1024
1024
1024
1024
1024
1024
1024
1024
1024
1024
1024
1024
1024
1024
1024
1024
1024
1024
1024
1024
1024
1024
1024
1024
1024
1024
1024
1024
1024
1024
1024
1024
1024
1024
1024
1024
1024
1024
1024
1024
1024
1024
1024
1024
1024
1024
1024
1024
1024
1024
1024
1024
1024
1024
1024
1024
1024
1024
1024
1024
1024
1024
1024
1024
1024
1024
1024
1024
1024
1024
1038
1051
1065
1078
1092
1106
1119
1133
1147
1160
1174
1187
1201
1215
1228
1242
1255
1269
1283
1296
1310
1324
1337
1351
1364
1378
1392
1405
1419
1433
1446
1460
1473
1487
1501
1514
1528
1541
1555
1569
1582
1596
1610
1623
1637
1650
1664
1678
1691
1705
1718
1732
1746
1759
1773
1787
1800
1814
1827
1841
1855
1868
1882
1895
1909
1923
1936
1950
1964
1977
1991
2004
2018
2032
2045
2048
2048
2048
2048
2048
2048
2048
2048
2048
2048
2048
2048
2048
2048
2048
2048
2048
2048
2048
2048
2048
2048
2048
2048
2048
2048
2048
2048
2048
2048
2048
2048
2048
2048
2048
2048
2048
2051
2064
2078
2092
2105
2119
2132
2146
2160
2173
2187
2201
2214
2228
2241
2255
2269
2282
2296
2309
2323
2337
2350
2364
2378
2391
2405
2418
2432
2446
2459
2473
2486
2500
2514
2527
2541
2555
2568
2582
2595
2609
2623
2636
2650
2663
2677
2691
2704
1024
1024
1024
1024
1024
1024
1024
1024
1024
1024
1024
1024
1024
1024
1024
1024
1024
1024
1024
1024
1024
1024
1024
1024
1024
1024
1024
1024
1024
1024
1024
1024
1024
1024
1024
1024
1024
1024
1024
1024
1024
1024
1024
1024
1024
1024
1024
1024
1024
1024
1024
1024
1024
1024
1024
1024
1024
1024
1024
1024
1024
1024
1024
1024
1024
1024
1024
1024
1024
1024
1024
1024
1024
1024
1024
1024
1024
1024
1024
1024
1024
1024
1024
1024
1024
1024
1024
1024
1024
1024
1024
1024
1024
1024
1024
1031
1044
1058
1071
1085
1098
1112
1126
1139
1153
1166
1180
1193
1207
1220
1234
1247
1261
1275
1288
1302
1315
1329
1342
1356
1369
1383
1396
1410
1424
1437
1451
1464
1478
1491
1505
1518
1532
1545
1559
1573
1586
1600
1613
1627
1640
1654
1667
1681
1694
1708
1722
1735
1749
1762
1776
1789
1803
1816
1830
1843
1857
1871
1884
1898
1911
1925
1938
1952
1965
1979
1992
2006
2020
2033
2047
2048
2048
2048
2048
2048
2048
2048
2048
2048
2048
2048
2048
2048
2048
2048
2048
2048
2048
2048
2048
2048
2048
2048
2048
2048
2048
2048
2048
2048
2048
2048
2048
2048
2048
2048
2048
2048
2049
2063
2076
2090
2104
2117
2131
2144
2158
2171
2185
2198
2212
2225
2239
2253
2266
2280
2293
2307
2320
2334
2347
2361
2374
2388
2402
2415
2429
2442
2456
2469
2483
2496
2510
2523
2537
2551
2564
2578
2591
2605
2618
2632
2645
2659
2672
2686
1024
1024
1024
1024
1024
1024
1024
1024
1024
1024
1024
1024
1024
1024
1024
1024
1024
1024
1024
1024
1024
1024
1024
1024
1024
1024
1024
1024
1024
1024
1024
1024
1024
1024
1024
1024
1024
1024
1024
1024
1024
1024
1024
1024
1024
1024
1024
1024
1024
1024
1024
1024
1024
1024
1024
1024
1024
1024
1024
1024
1024
1024
1024
1024
1024
1024
1024
1024
1024
1024
1024
1024
1024
1024
1024
1024
1024
1024
1024
1024
1024
1024
1024
1024
1024
1024
1024
1024
1024
1024
1024
1024
1024
1024
1024
1024
1037
1051
1064
1078
1091
1105
1118
1132
1145
1159
1172
1186
1199
1213
1226
1240
1253
1267
1280
1293
1307
1320
1334
1347
1361
1374
1388
1401
1415
1428
1442
1455
1469
1482
1496
1509
1523
1536
1549
1563
1576
1590
1603
1617
1630
1644
1657
1671
1684
1698
1711
1725
1738
1752
1765
1779
1792
1805
1819
1832
1846
1859
1873
1886
1900
1913
1927
1940
1954
1967
1981
1994
2008
2021
2035
2048
2048
2048
2048
2048
2048
2048
2048
2048
2048
2048
2048
2048
2048
2048
2048
2048
2048
2048
2048
2048
2048
2048
2048
2048
2048
2048
2048
2048
2048
2048
2048
2048
2048
2048
2048
2048
2048
2048
2061
2075
2088
2102
2115
2129
2142
2156
2169
2183
2196
2210
2223
2237
2250
2264
2277
2291
2304
2317
2331
2344
2358
2371
2385
2398
2412
2425
2439
2452
2466
2479
2493
2506
2520
2533
2547
2560
2573
2587
2600
2614
2627
2641
2654
2668
1024
1024
1024
1024
1024
1024
1024
1024
1024
1024
1024
1024
1024
1024
1024
1024
1024
1024
1024
1024
1024
1024
1024
1024
1024
1024
1024
1024
1024
1024
1024
1024
1024
1024
1024
1024
1024
1024
1024
1024
1024
1024
1024
1024
1024
1024
1024
1024
1024
1024
1024
1024
1024
1024
1024
1024
1024
1024
1024
1024
1024
1024
1024
1024
1024
1024
1024
1024
1024
1024
1024
1024
1024
1024
1024
1024
1024
1024
1024
1024
1024
1024
1024
1024
1024
1024
1024
1024
1024
1024
1024
1024
1024
1024
1024
1024
1031
1044
1058
1071
1084
1098
1111
1125
1138
1151
1165
1178
1192
1205
1218
1232
1245
1259
1272
1285
1299
1312
1326
1339
1352
1366
1379
1393
1406
1419
1433
1446
1460
1473
1486
1500
1513
1527
1540
1553
1567
1580
1594
1607
1620
1634
1647
1661
1674
1687
1701
1714
1728
1741
1754
1768
1781
1795
1808
1821
1835
1848
1862
1875
1889
1902
1915
1929
1942
1956
1969
1982
1996
2009
2023
2036
2048
2048
2048
2048
2048
2048
2048
2048
2048
2048
2048
2048
2048
2048
2048
2048
2048
2048
2048
2048
2048
2048
2048
2048
2048
2048
2048
2048
2048
2048
2048
2048
2048
2048
2048
2048
2048
2048
2048
2060
2073
2087
2100
2114
2127
2140
2154
2167
2181
2194
2207
2221
2234
2248
2261
2275
2288
2301
2315
2328
2342
2355
2368
2382
2395
2409
2422
2435
2449
2462
2476
2489
2502
2516
2529
2543
2556
2569
2583
2596
2610
2623
2636
2650
1024
1024
1024
1024
1024
1024
1024
1024
1024
1024
1024
1024
1024
1024
1024
1024
1024
1024
1024
1024
1024
1024
1024
1024
1024
1024
1024
1024
1024
1024
1024
1024
1024
1024
1024
1024
1024
1024
1024
1024
1024
1024
1024
1024
1024
1024
1024
1024
1024
1024
1024
1024
1024
1024
1024
1024
1024
1024
1024
1024
1024
1024
1024
1024
1024
1024
1024
1024
1024
1024
1024
1024
1024
1024
1024
1024
1024
1024
1024
1024
1024
1024
1024
1024
1024
1024
1024
1024
1024
1024
1024
1024
1024
1024
1024
1024
1024
1037
1051
1064
1077
1091
1104
1117
1131
1144
1157
1171
1184
1197
1211
1224
1237
1251
1264
1277
1291
1304
1317
1331
1344
1357
1371
1384
1397
1411
1424
1437
1451
1464
1477
1491
1504
1517
1531
1544
1557
1571
1584
1597
1611
1624
1637
1651
1664
1677
1691
1704
1717
1731
1744
1757
1771
1784
1797
1811
1824
1837
1851
1864
1877
1891
1904
1917
1931
1944
1957
1971
1984
1997
2011
2024
2037
2048
2048
2048
2048
2048
2048
2048
2048
2048
2048
2048
2048
2048
2048
2048
2048
2048
2048
2048
2048
2048
2048
2048
2048
2048
2048
2048
2048
2048
2048
2048
2048
2048
2048
2048
2048
2048
2048
2048
2059
2072
2085
2099
2112
2125
2139
2152
2165
2179
2192
2205
2219
2232
2245
2259
2272
2285
2299
2312
2325
2339
2352
2365
2379
2392
2405
2419
2432
2445
2459
2472
2485
2499
2512
2525
2539
2552
2565
2579
2592
2605
2619
2632
1024
1024
1024
1024
1024
1024
1024
1024
1024
1024
1024
1024
1024
1024
1024
1024
1024
1024
1024
1024
1024
1024
1024
1024
1024
1024
1024
1024
1024
1024
1024
1024
1024
1024
1024
1024
1024
1024
1024
1024
1024
1024
1024
1024
1024
1024
1024
1024
1024
1024
1024
1024
1024
1024
1024
1024
1024
1024
1024
1024
1024
1024
1024
1024
1024
1024
1024
1024
1024
1024
1024
1024
1024
1024
1024
1024
1024
1024
1024
1024
1024
1024
1024
1024
1024
1024
1024
1024
1024
1024
1024
1024
1024
1024
1024
1024
1024
1031
1044
1057
1070
1084
1097
1110
1123
1137
1150
1163
1177
1190
1203
1216
1230
1243
1256
1269
1283
1296
1309
1322
1336
1349
1362
1376
1389
1402
1415
1429
1442
1455
1468
1482
1495
1508
1521
1535
1548
1561
1574
1588
1601
1614
1628
1641
1654
1667
1681
1694
1707
1720
1734
1747
1760
1773
1787
1800
1813
1826
1840
1853
1866
1880
1893
1906
1919
1933
1946
1959
1972
1986
1999
2012
2025
2039
2048
2048
2048
2048
2048
2048
2048
2048
2048
2048
2048
2048
2048
2048
2048
2048
2048
2048
2048
2048
2048
2048
2048
2048
2048
2048
2048
2048
2048
2048
2048
2048
2048
2048
2048
2048
2048
2048
2048
2057
2071
2084
2097
2110
2124
2137
2150
2163
2177
2190
2203
2216
2230
2243
2256
2270
2283
2296
2309
2323
2336
2349
2362
2376
2389
2402
2415
2429
2442
2455
2468
2482
2495
2508
2522
2535
2548
2561
2575
2588
2601
2614
1024
1024
1024
1024
1024
1024
1024
1024
1024
1024
1024
1024
1024
1024
1024
1024
1024
1024
1024
1024
1024
1024
1024
1024
1024
1024
1024
1024
1024
1024
1024
1024
1024
1024
1024
1024
1024
1024
1024
1024
1024
1024
1024
1024
1024
1024
1024
1024
1024
1024
1024
1024
1024
1024
1024
1024
1024
1024
1024
1024
1024
1024
1024
1024
1024
1024
1024
1024
1024
1024
1024
1024
1024
1024
1024
1024
1024
1024
1024
1024
1024
1024
1024
1024
1024
1024
1024
1024
1024
1024
1024
1024
1024
1024
1024
1024
1024
1024
1037
1050
1064
1077
1090
1103
1116
1130
1143
1156
1169
1182
1196
1209
1222
1235
1248
1262
1275
1288
1301
1314
1328
1341
1354
1367
1380
1393
1407
1420
1433
1446
1459
1473
1486
1499
1512
1525
1539
1552
1565
1578
1591
1605
1618
1631
1644
1657
1671
1684
1697
1710
1723
1737
1750
1763
1776
1789
1803
1816
1829
1842
1855
1869
1882
1895
1908
1921
1935
1948
1961
1974
1987
2000
2014
2027
2040
2048
2048
2048
2048
2048
2048
2048
2048
2048
2048
2048
2048
2048
2048
2048
2048
2048
2048
2048
2048
2048
2048
2048
2048
2048
2048
2048
2048
2048
2048
2048
2048
2048
2048
2048
2048
2048
2048
2048
2056
2069
2082
2096
2109
2122
2135
2148
2161
2175
2188
2201
2214
2227
2241
2254
2267
2280
2293
2307
2320
2333
2346
2359
2373
2386
2399
2412
2425
2439
2452
2465
2478
2491
2505
2518
2531
2544
2557
2571
2584
2597
1024
1024
1024
1024
1024
1024
1024
1024
1024
1024
1024
1024
1024
1024
1024
1024
1024
1024
1024
1024
1024
1024
1024
1024
1024
1024
1024
1024
1024
1024
1024
1024
1024
1024
1024
1024
1024
1024
1024
1024
1024
1024
1024
1024
1024
1024
1024
1024
1024
1024
1024
1024
1024
1024
1024
1024
1024
1024
1024
1024
1024
1024
1024
1024
1024
1024
1024
1024
1024
1024
1024
1024
1024
1024
1024
1024
1024
1024
1024
1024
1024
1024
1024
1024
1024
1024
1024
1024
1024
1024
1024
1024
1024
1024
1024
1024
1024
1024
1031
1044
1057
1070
1083
1096
1109
1122
1136
1149
1162
1175
1188
1201
1214
1227
1241
1254
1267
1280
1293
1306
1319
1333
1346
1359
1372
1385
1398
1411
1424
1438
1451
1464
1477
1490
1503
1516
1529
1543
1556
1569
1582
1595
1608
1621
1634
1648
1661
1674
1687
1700
1713
1726
1739
1753
1766
1779
1792
1805
1818
1831
1845
1858
1871
1884
1897
1910
1923
1936
1950
1963
1976
1989
2002
2015
2028
2041
2048
2048
2048
2048
2048
2048
2048
2048
2048
2048
2048
2048
2048
2048
2048
2048
2048
2048
2048
2048
2048
2048
2048
2048
2048
2048
2048
2048
2048
2048
2048
2048
2048
2048
2048
2048
2048
2048
2048
2055
2068
2081
2094
2107
2120
2133
2146
2160
2173
2186
2199
2212
2225
2238
2251
2265
2278
2291
2304
2317
2330
2343
2357
2370
2383
2396
2409
2422
2435
2448
2462
2475
2488
2501
2514
2527
2540
2553
2567
2580
1024
1024
1024
1024
1024
1024
1024
1024
1024
1024
1024
1024
1024
1024
1024
1024
1024
1024
1024
1024
1024
1024
1024
1024
1024
1024
1024
1024
1024
1024
1024
1024
1024
1024
1024
1024
1024
1024
1024
1024
1024
1024
1024
1024
1024
1024
1024
1024
1024
1024
1024
1024
1024
1024
1024
1024
1024
1024
1024
1024
1024
1024
1024
1024
1024
1024
1024
1024
1024
1024
1024
1024
1024
1024
1024
1024
1024
1024
1024
1024
1024
1024
1024
1024
1024
1024
1024
1024
1024
1024
1024
1024
1024
1024
1024
1024
1024
1024
1024
1037
1050
1063
1076
1089
1102
1115
1128
1142
1155
1168
1181
1194
1207
1220
1233
1246
1259
1272
1285
1298
1311
1324
1337
1351
1364
1377
1390
1403
1416
1429
1442
1455
1468
1481
1494
1507
1520
1533
1546
1560
1573
1586
1599
1612
1625
1638
1651
1664
1677
1690
1703
1716
1729
1742
1755
1768
1782
1795
1808
1821
1834
1847
1860
1873
1886
1899
1912
1925
1938
1951
1964
1977
1991
2004
2017
2030
2043
2048
2048
2048
2048
2048
2048
2048
2048
2048
2048
2048
2048
2048
2048
2048
2048
2048
2048
2048
2048
2048
2048
2048
2048
2048
2048
2048
2048
2048
2048
2048
2048
2048
2048
2048
2048
2048
2048
2048
2053
2066
2079
2092
2105
2119
2132
2145
2158
2171
2184
2197
2210
2223
2236
2249
2262
2275
2288
2301
2314
2328
2341
2354
2367
2380
2393
2406
2419
2432
2445
2458
2471
2484
2497
2510
2523
2536
2550
2563
1024
1024
1024
1024
1024
1024
1024
1024
1024
1024
1024
1024
1024
1024
1024
1024
1024
1024
1024
1024
1024
1024
1024
1024
1024
1024
1024
1024
1024
1024
1024
1024
1024
1024
1024
1024
1024
1024
1024
1024
1024
1024
1024
1024
1024
1024
1024
1024
1024
1024
1024
1024
1024
1024
1024
1024
1024
1024
1024
1024
1024
1024
1024
1024
1024
1024
1024
1024
1024
1024
1024
1024
1024
1024
1024
1024
1024
1024
1024
1024
1024
1024
1024
1024
1024
1024
1024
1024
1024
1024
1024
1024
1024
1024
1024
1024
1024
1024
1024
1030
1043
1056
1069
1082
1095
1108
1121
1134
1147
1160
1173
1186
1199
1212
1225
1238
1251
1264
1277
1290
1303
1316
1329
1342
1355
1368
1381
1394
1407
1420
1433
1446
1459
1472
1485
1498
1511
1524
1537
1550
1563
1576
1589
1602
1615
1628
1641
1654
1667
1680
1693
1706
1719
1732
1745
1758
1771
1784
1797
1810
1823
1836
1849
1862
1875
1888
1901
1914
1927
1940
1953
1966
1979
1992
2005
2018
2031
2044
2048
2048
2048
2048
2048
2048
2048
2048
2048
2048
2048
2048
2048
2048
2048
2048
2048
2048
2048
2048
2048
2048
2048
2048
2048
2048
2048
2048
2048
2048
2048
2048
2048
2048
2048
2048
2048
2048
2048
2052
2065
2078
2091
2104
2117
2130
2143
2156
2169
2182
2195
2208
2221
2234
2247
2260
2273
2286
2299
2312
2325
2338
2351
2364
2377
2390
2403
2416
2429
2442
2455
2468
2481
2494
2507
2520
2533
2546
1024
1024
1024
1024
1024
1024
1024
1024
1024
1024
1024
1024
1024
1024
1024
1024
1024
1024
1024
1024
1024
1024
1024
1024
1024
1024
1024
1024
1024
1024
1024
1024
1024
1024
1024
1024
1024
1024
1024
1024
1024
1024
1024
1024
1024
1024
1024
1024
1024
1024
1024
1024
1024
1024
1024
1024
1024
1024
1024
1024
1024
1024
1024
1024
1024
1024
1024
1024
1024
1024
1024
1024
1024
1024
1024
1024
1024
1024
1024
1024
1024
1024
1024
1024
1024
1024
1024
1024
1024
1024
1024
1024
1024
1024
1024
1024
1024
1024
1024
1024
1037
1050
1063
1076
1089
1102
1115
1127
1140
1153
1166
1179
1192
1205
1218
1231
1244
1257
1270
1283
1296
1308
1321
1334
1347
1360
1373
1386
1399
1412
1425
1438
1451
1464
1477
1489
1502
1515
1528
1541
1554
1567
1580
1593
1606
1619
1632
1645
1658
1670
1683
1696
1709
1722
1735
1748
1761
1774
1787
1800
1813
1826
1839
1851
1864
1877
1890
1903
1916
1929
1942
1955
1968
1981
1994
2007
2020
2032
2045
2048
2048
2048
2048
2048
2048
2048
2048
2048
2048
2048
2048
2048
2048
2048
2048
2048
2048
2048
2048
2048
2048
2048
2048
2048
2048
2048
2048
2048
2048
2048
2048
2048
2048
2048
2048
2048
2048
2048
2051
2064
2076
2089
2102
2115
2128
2141
2154
2167
2180
2193
2206
2219
2232
2245
2257
2270
2283
2296
2309
2322
2335
2348
2361
2374
2387
2400
2413
2426
2438
2451
2464
2477
2490
2503
2516
2529
1024
1024
1024
1024
1024
1024
1024
1024
1024
1024
1024
1024
1024
1024
1024
1024
1024
1024
1024
1024
1024
1024
1024
1024
1024
1024
1024
1024
1024
1024
1024
1024
1024
1024
1024
1024
1024
1024
1024
1024
1024
1024
1024
1024
1024
1024
1024
1024
1024
1024
1024
1024
1024
1024
1024
1024
1024
1024
1024
1024
1024
1024
1024
1024
1024
1024
1024
1024
1024
1024
1024
1024
1024
1024
1024
1024
1024
1024
1024
1024
1024
1024
1024
1024
1024
1024
1024
1024
1024
1024
1024
1024
1024
1024
1024
1024
1024
1024
1024
1024
1030
1043
1056
1069
1082
1095
1108
1120
1133
1146
1159
1172
1185
1198
1211
1223
1236
1249
1262
1275
1288
1301
1313
1326
1339
1352
1365
1378
1391
1403
1416
1429
1442
1455
1468
1481
1494
1506
1519
1532
1545
1558
1571
1584
1596
1609
1622
1635
1648
1661
1674
1687
1699
1712
1725
1738
1751
1764
1777
1789
1802
1815
1828
1841
1854
1867
1879
1892
1905
1918
1931
1944
1957
1970
1982
1995
2008
2021
2034
2047
2048
2048
2048
2048
2048
2048
2048
2048
2048
2048
2048
2048
2048
2048
2048
2048
2048
2048
2048
2048
2048
2048
2048
2048
2048
2048
2048
2048
2048
2048
2048
2048
2048
2048
2048
2048
2048
2048
2048
2049
2062
2075
2088
2101
2114
2126
2139
2152
2165
2178
2191
2204
2217
2229
2242
2255
2268
2281
2294
2307
2319
2332
2345
2358
2371
2384
2397
2409
2422
2435
2448
2461
2474
2487
2500
2512
1024
1024
1024
1024
1024
1024
1024
1024
1024
1024
1024
1024
1024
1024
1024
1024
1024
1024
1024
1024
1024
1024
1024
1024
1024
1024
1024
1024
1024
1024
1024
1024
1024
1024
1024
1024
1024
1024
1024
1024
1024
1024
1024
1024
1024
1024
1024
1024
1024
1024
1024
1024
1024
1024
1024
1024
1024
1024
1024
1024
1024
1024
1024
1024
1024
1024
1024
1024
1024
1024
1024
1024
1024
1024
1024
1024
1024
1024
1024
1024
1024
1024
1024
1024
1024
1024
1024
1024
1024
1024
1024
1024
1024
1024
1024
1024
1024
1024
1024
1024
1024
1037
1050
1062
1075
1088
1101
1114
1126
1139
1152
1165
1178
1190
1203
1216
1229
1242
1254
1267
1280
1293
1306
1318
1331
1344
1357
1370
1382
1395
1408
1421
1434
1446
1459
1472
1485
1498
1510
1523
1536
1549
1562
1574
1587
1600
1613
1626
1638
1651
1664
1677
1690
1702
1715
1728
1741
1754
1766
1779
1792
1805
1818
1830
1843
1856
1869
1882
1894
1907
1920
1933
1946
1958
1971
1984
1997
2010
2022
2035
2048
2048
2048
2048
2048
2048
2048
2048
2048
2048
2048
2048
2048
2048
2048
2048
2048
2048
2048
2048
2048
2048
2048
2048
2048
2048
2048
2048
2048
2048
2048
2048
2048
2048
2048
2048
2048
2048
2048
2048
2048
2061
2074
2086
2099
2112
2125
2138
2150
2163
2176
2189
2202
2214
2227
2240
2253
2266
2278
2291
2304
2317
2330
2342
2355
2368
2381
2394
2406
2419
2432
2445
2458
2470
2483
2496
1024
1024
1024
1024
1024
1024
1024
1024
1024
1024
1024
1024
1024
1024
1024
1024
1024
1024
1024
1024
1024
1024
1024
1024
1024
1024
1024
1024
1024
1024
1024
1024
1024
1024
1024
1024
1024
1024
1024
1024
1024
1024
1024
1024
1024
1024
1024
1024
1024
1024
1024
1024
1024
1024
1024
1024
1024
1024
1024
1024
1024
1024
1024
1024
1024
1024
1024
1024
1024
1024
1024
1024
1024
1024
1024
1024
1024
1024
1024
1024
1024
1024
1024
1024
1024
1024
1024
1024
1024
1024
1024
1024
1024
1024
1024
1024
1024
1024
1024
1024
1024
1030
1043
1056
1069
1081
1094
1107
1120
1132
1145
1158
1170
1183
1196
1209
1221
1234
1247
1260
1272
1285
1298
1311
1323
1336
1349
1362
1374
1387
1400
1412
1425
1438
1451
1463
1476
1489
1502
1514
1527
1540
1553
1565
1578
1591
1604
1616
1629
1642
1654
1667
1680
1693
1705
1718
1731
1744
1756
1769
1782
1795
1807
1820
1833
1845
1858
1871
1884
1896
1909
1922
1935
1947
1960
1973
1986
1998
2011
2024
2037
2048
2048
2048
2048
2048
2048
2048
2048
2048
2048
2048
2048
2048
2048
2048
2048
2048
2048
2048
2048
2048
2048
2048
2048
2048
2048
2048
2048
2048
2048
2048
2048
2048
2048
2048
2048
2048
2048
2048
2048
2048
2059
2072
2085
2098
2110
2123
2136
2149
2161
2174
2187
2200
2212
2225
2238
2251
2263
2276
2289
2301
2314
2327
2340
2352
2365
2378
2391
2403
2416
2429
2442
2454
2467
2480
1024
1024
1024
1024
1024
1024
1024
1024
1024
1024
1024
1024
1024
1024
1024
1024
1024
1024
1024
1024
1024
1024
1024
1024
1024
1024
1024
1024
1024
1024
1024
1024
1024
1024
1024
1024
1024
1024
1024
1024
1024
1024
1024
1024
1024
1024
1024
1024
1024
1024
1024
1024
1024
1024
1024
1024
1024
1024
1024
1024
1024
1024
1024
1024
1024
1024
1024
1024
1024
1024
1024
1024
1024
1024
1024
1024
1024
1024
1024
1024
1024
1024
1024
1024
1024
1024
1024
1024
1024
1024
1024
1024
1024
1024
1024
1024
1024
1024
1024
1024
1024
1024
1037
1049
1062
1075
1087
1100
1113
1125
1138
1151
1163
1176
1189
1201
1214
1227
1239
1252
1265
1277
1290
1303
1315
1328
1341
1354
1366
1379
1392
1404
1417
1430
1442
1455
1468
1480
1493
1506
1518
1531
1544
1556
1569
1582
1594
1607
1620
1632
1645
1658
1670
1683
1696
1708
1721
1734
1746
1759
1772
1784
1797
1810
1822
1835
1848
1860
1873
1886
1898
1911
1924
1936
1949
1962
1974
1987
2000
2013
2025
2038
2048
2048
2048
2048
2048
2048
2048
2048
2048
2048
2048
2048
2048
2048
2048
2048
2048
2048
2048
2048
2048
2048
2048
2048
2048
2048
2048
2048
2048
2048
2048
2048
2048
2048
2048
2048
2048
2048
2048
2048
2048
2058
2071
2083
2096
2109
2122
2134
2147
2160
2172
2185
2198
2210
2223
2236
2248
2261
2274
2286
2299
2312
2324
2337
2350
2362
2375
2388
2400
2413
2426
2438
2451
2464
1024
1024
1024
1024
1024
1024
1024
1024
1024
1024
1024
1024
1024
1024
1024
1024
1024
1024
1024
1024
1024
1024
1024
1024
1024
1024
1024
1024
1024
1024
1024
1024
1024
1024
1024
1024
1024
1024
1024
1024
1024
1024
1024
1024
1024
1024
1024
1024
1024
1024
1024
1024
1024
1024
1024
1024
1024
1024
1024
1024
1024
1024
1024
1024
1024
1024
1024
1024
1024
1024
1024
1024
1024
1024
1024
1024
1024
1024
1024
1024
1024
1024
1024
1024
1024
1024
1024
1024
1024
1024
1024
1024
1024
1024
1024
1024
1024
1024
1024
1024
1024
1024
1030
1043
1056
1068
1081
1093
1106
1119
1131
1144
1156
1169
1182
1194
1207
1219
1232
1245
1257
1270
1283
1295
1308
1320
1333
1346
1358
1371
1383
1396
1409
1421
1434
1446
1459
1472
1484
1497
1510
1522
1535
1547
1560
1573
1585
1598
1610
1623
1636
1648
1661
1673
1686
1699
1711
1724
1737
1749
1762
1774
1787
1800
1812
1825
1837
1850
1863
1875
1888
1900
1913
1926
1938
1951
1964
1976
1989
2001
2014
2027
2039
2048
2048
2048
2048
2048
2048
2048
2048
2048
2048
2048
2048
2048
2048
2048
2048
2048
2048
2048
2048
2048
2048
2048
2048
2048
2048
2048
2048
2048
2048
2048
2048
2048
2048
2048
2048
2048
2048
2048
2048
2048
2057
2069
2082
2095
2107
2120
2132
2145
2158
2170
2183
2196
2208
2221
2233
2246
2259
2271
2284
2296
2309
2322
2334
2347
2359
2372
2385
2397
2410
2423
2435
2448
1024
1024
1024
1024
1024
1024
1024
1024
1024
1024
1024
1024
1024
1024
1024
1024
1024
1024
1024
1024
1024
1024
1024
1024
1024
1024
1024
1024
1024
1024
1024
1024
1024
1024
1024
1024
1024
1024
1024
1024
1024
1024
1024
1024
1024
1024
1024
1024
1024
1024
1024
1024
1024
1024
1024
1024
1024
1024
1024
1024
1024
1024
1024
1024
1024
1024
1024
1024
1024
1024
1024
1024
1024
1024
1024
1024
1024
1024
1024
1024
1024
1024
1024
1024
1024
1024
1024
1024
1024
1024
1024
1024
1024
1024
1024
1024
1024
1024
1024
1024
1024
1024
1024
1037
1049
1062
1074
1087
1099
1112
1124
1137
1149
1162
1175
1187
1200
1212
1225
1237
1250
1262
1275
1288
1300
1313
1325
1338
1350
1363
1375
1388
1400
1413
1426
1438
1451
1463
1476
1488
1501
1513
1526
1539
1551
1564
1576
1589
1601
1614
1626
1639
1651
1664
1677
1689
1702
1714
1727
1739
1752
1764
1777
1789
1802
1815
1827
1840
1852
1865
1877
1890
1902
1915
1928
1940
1953
1965
1978
1990
2003
2015
2028
2040
2048
2048
2048
2048
2048
2048
2048
2048
2048
2048
2048
2048
2048
2048
2048
2048
2048
2048
2048
2048
2048
2048
2048
2048
2048
2048
2048
2048
2048
2048
2048
2048
2048
2048
2048
2048
2048
2048
2048
2048
2048
2056
2068
2081
2093
2106
2118
2131
2143
2156
2168
2181
2194
2206
2219
2231
2244
2256
2269
2281
2294
2307
2319
2332
2344
2357
2369
2382
2394
2407
2419
2432
1024
1024
1024
1024
1024
1024
1024
1024
1024
1024
1024
1024
1024
1024
1024
1024
1024
1024
1024
1024
1024
1024
1024
1024
1024
1024
1024
1024
1024
1024
1024
1024
1024
1024
1024
1024
1024
1024
1024
1024
1024
1024
1024
1024
1024
1024
1024
1024
1024
1024
1024
1024
1024
1024
1024
1024
1024
1024
1024
1024
1024
1024
1024
1024
1024
1024
1024
1024
1024
1024
1024
1024
1024
1024
1024
1024
1024
1024
1024
1024
1024
1024
1024
1024
1024
1024
1024
1024
1024
1024
1024
1024
1024
1024
1024
1024
1024
1024
1024
1024
1024
1024
1024
1030
1043
1055
1068
1080
1093
1105
1118
1130
1143
1155
1168
1180
1193
1205
1218
1230
1243
1255
1268
1280
1292
1305
1317
1330
1342
1355
1367
1380
1392
1405
1417
1430
1442
1455
1467
1480
1492
1505
1517
1530
1542
1555
1567
1580
1592
1605
1617
1630
1642
1655
1667
1680
1692
1705
1717
1730
1742
1755
1767
1780
1792
1804
1817
1829
1842
1854
1867
1879
1892
1904
1917
1929
1942
1954
1967
1979
1992
2004
2017
2029
2042
2048
2048
2048
2048
2048
2048
2048
2048
2048
2048
2048
2048
2048
2048
2048
2048
2048
2048
2048
2048
2048
2048
2048
2048
2048
2048
2048
2048
2048
2048
2048
2048
2048
2048
2048
2048
2048
2048
2048
2048
2048
2054
2067
2079
2092
2104
2117
2129
2142
2154
2167
2179
2192
2204
2217
2229
2242
2254
2267
2279
2292
2304
2316
2329
2341
2354
2366
2379
2391
2404
2416
1024
1024
1024
1024
1024
1024
1024
1024
1024
1024
1024
1024
1024
1024
1024
1024
1024
1024
1024
1024
1024
1024
1024
1024
1024
1024
1024
1024
1024
1024
1024
1024
1024
1024
1024
1024
1024
1024
1024
1024
1024
1024
1024
1024
1024
1024
1024
1024
1024
1024
1024
1024
1024
1024
1024
1024
1024
1024
1024
1024
1024
1024
1024
1024
1024
1024
1024
1024
1024
1024
1024
1024
1024
1024
1024
1024
1024
1024
1024
1024
1024
1024
1024
1024
1024
1024
1024
1024
1024
1024
1024
1024
1024
1024
1024
1024
1024
1024
1024
1024
1024
1024
1024
1024
1036
1049
1061
1074
1086
1099
1111
1123
1136
1148
1161
1173
1186
1198
1210
1223
1235
1248
1260
1273
1285
1297
1310
1322
1335
1347
1360
1372
1384
1397
1409
1422
1434
1447
1459
1471
1484
1496
1509
1521
1534
1546
1558
1571
1583
1596
1608
1621
1633
1645
1658
1670
1683
1695
1707
1720
1732
1745
1757
1770
1782
1794
1807
1819
1832
1844
1857
1869
1881
1894
1906
1919
1931
1944
1956
1968
1981
1993
2006
2018
2031
2043
2048
2048
2048
2048
2048
2048
2048
2048
2048
2048
2048
2048
2048
2048
2048
2048
2048
2048
2048
2048
2048
2048
2048
2048
2048
2048
2048
2048
2048
2048
2048
2048
2048
2048
2048
2048
2048
2048
2048
2048
2048
2053
2065
2078
2090
2103
2115
2128
2140
2152
2165
2177
2190
2202
2215
2227
2239
2252
2264
2277
2289
2302
2314
2326
2339
2351
2364
2376
2389
2401
1024
1024
1024
1024
1024
1024
1024
1024
1024
1024
1024
1024
1024
1024
1024
1024
1024
1024
1024
1024
1024
1024
1024
1024
1024
1024
1024
1024
1024
1024
1024
1024
1024
1024
1024
1024
1024
1024
1024
1024
1024
1024
1024
1024
1024
1024
1024
1024
1024
1024
1024
1024
1024
1024
1024
1024
1024
1024
1024
1024
1024
1024
1024
1024
1024
1024
1024
1024
1024
1024
1024
1024
1024
1024
1024
1024
1024
1024
1024
1024
1024
1024
1024
1024
1024
1024
1024
1024
1024
1024
1024
1024
1024
1024
1024
1024
1024
1024
1024
1024
1024
1024
1024
1024
1030
1043
1055
1067
1080
1092
1104
1117
1129
1141
1154
1166
1179
1191
1203
1216
1228
1240
1253
1265
1278
1290
1302
1315
1327
1339
1352
1364
1376
1389
1401
1414
1426
1438
1451
1463
1475
1488
1500
1513
1525
1537
1550
1562
1574
1587
1599
1611
1624
1636
1649
1661
1673
1686
1698
1710
1723
1735
1747
1760
1772
1785
1797
1809
1822
1834
1846
1859
1871
1884
1896
1908
1921
1933
1945
1958
1970
1982
1995
2007
2020
2032
2044
2048
2048
2048
2048
2048
2048
2048
2048
2048
2048
2048
2048
2048
2048
2048
2048
2048
2048
2048
2048
2048
2048
2048
2048
2048
2048
2048
2048
2048
2048
2048
2048
2048
2048
2048
2048
2048
2048
2048
2048
2048
2052
2064
2076
2089
2101
2114
2126
2138
2151
2163
2175
2188
2200
2212
2225
2237
2250
2262
2274
2287
2299
2311
2324
2336
2349
2361
2373
2386
1024
1024
1024
1024
1024
1024
1024
1024
1024
1024
1024
1024
1024
1024
1024
1024
1024
1024
1024
1024
1024
1024
1024
1024
1024
1024
1024
1024
1024
1024
1024
1024
1024
1024
1024
1024
1024
1024
1024
1024
1024
1024
1024
1024
1024
1024
1024
1024
1024
1024
1024
1024
1024
1024
1024
1024
1024
1024
1024
1024
1024
1024
1024
1024
1024
1024
1024
1024
1024
1024
1024
1024
1024
1024
1024
1024
1024
1024
1024
1024
1024
1024
1024
1024
1024
1024
1024
1024
1024
1024
1024
1024
1024
1024
1024
1024
1024
1024
1024
1024
1024
1024
1024
1024
1024
1036
1049
1061
1073
1086
1098
1110
1122
1135
1147
1159
1172
1184
1196
1209
1221
1233
1246
1258
1270
1282
1295
1307
1319
1332
1344
1356
1369
1381
1393
1406
1418
1430
1442
1455
1467
1479
1492
1504
1516
1529
1541
1553
1566
1578
1590
1602
1615
1627
1639
1652
1664
1676
1689
1701
1713
1726
1738
1750
1762
1775
1787
1799
1812
1824
1836
1849
1861
1873
1886
1898
1910
1922
1935
1947
1959
1972
1984
1996
2009
2021
2033
2046
2048
2048
2048
2048
2048
2048
2048
2048
2048
2048
2048
2048
2048
2048
2048
2048
2048
2048
2048
2048
2048
2048
2048
2048
2048
2048
2048
2048
2048
2048
2048
2048
2048
2048
2048
2048
2048
2048
2048
2048
2048
2050
2063
2075
2087
2100
2112
2124
2137
2149
2161
2174
2186
2198
2210
2223
2235
2247
2260
2272
2284
2297
2309
2321
2334
2346
2358
2370
1024
1024
1024
1024
1024
1024
1024
1024
1024
1024
1024
1024
1024
1024
1024
1024
1024
1024
1024
1024
1024
1024
1024
1024
1024
1024
1024
1024
1024
1024
1024
1024
1024
1024
1024
1024
1024
1024
1024
1024
1024
1024
1024
1024
1024
1024
1024
1024
1024
1024
1024
1024
1024
1024
1024
1024
1024
1024
1024
1024
1024
1024
1024
1024
1024
1024
1024
1024
1024
1024
1024
1024
1024
1024
1024
1024
1024
1024
1024
1024
1024
1024
1024
1024
1024
1024
1024
1024
1024
1024
1024
1024
1024
1024
1024
1024
1024
1024
1024
1024
1024
1024
1024
1024
1024
1030
1042
1055
1067
1079
1091
1104
1116
1128
1140
1153
1165
1177
1189
1202
1214
1226
1238
1251
1263
1275
1287
1300
1312
1324
1336
1349
1361
1373
1385
1398
1410
1422
1434
1447
1459
1471
1483
1496
1508
1520
1532
1545
1557
1569
1581
1594
1606
1618
1630
1643
1655
1667
1679
1692
1704
1716
1728
1741
1753
1765
1777
1790
1802
1814
1826
1839
1851
1863
1875
1888
1900
1912
1924
1937
1949
1961
1973
1986
1998
2010
2022
2035
2047
2048
2048
2048
2048
2048
2048
2048
2048
2048
2048
2048
2048
2048
2048
2048
2048
2048
2048
2048
2048
2048
2048
2048
2048
2048
2048
2048
2048
2048
2048
2048
2048
2048
2048
2048
2048
2048
2048
2048
2048
2048
2049
2061
2074
2086
2098
2110
2123
2135
2147
2159
2172
2184
2196
2208
2221
2233
2245
2257
2270
2282
2294
2306
2319
2331
2343
2355
1024
1024
1024
1024
1024
1024
1024
1024
1024
1024
1024
1024
1024
1024
1024
1024
1024
1024
1024
1024
1024
1024
1024
1024
1024
1024
1024
1024
1024
1024
1024
1024
1024
1024
1024
1024
1024
1024
1024
1024
1024
1024
1024
1024
1024
1024
1024
1024
1024
1024
1024
1024
1024
1024
1024
1024
1024
1024
1024
1024
1024
1024
1024
1024
1024
1024
1024
1024
1024
1024
1024
1024
1024
1024
1024
1024
1024
1024
1024
1024
1024
1024
1024
1024
1024
1024
1024
1024
1024
1024
1024
1024
1024
1024
1024
1024
1024
1024
1024
1024
1024
1024
1024
1024
1024
1024
1036
1048
1061
1073
1085
1097
1109
1122
1134
1146
1158
1170
1182
1195
1207
1219
1231
1243
1256
1268
1280
1292
1304
1317
1329
1341
1353
1365
1378
1390
1402
1414
1426
1438
1451
1463
1475
1487
1499
1512
1524
1536
1548
1560
1573
1585
1597
1609
1621
1634
1646
1658
1670
1682
1694
1707
1719
1731
1743
1755
1768
1780
1792
1804
1816
1829
1841
1853
1865
1877
1890
1902
1914
1926
1938
1950
1963
1975
1987
1999
2011
2024
2036
2048
2048
2048
2048
2048
2048
2048
2048
2048
2048
2048
2048
2048
2048
2048
2048
2048
2048
2048
2048
2048
2048
2048
2048
2048
2048
2048
2048
2048
2048
2048
2048
2048
2048
2048
2048
2048
2048
2048
2048
2048
2048
2048
2060
2072
2085
2097
2109
2121
2133
2146
2158
2170
2182
2194
2206
2219
2231
2243
2255
2267
2280
2292
2304
2316
2328
2341
1024
1024
1024
1024
1024
1024
1024
1024
1024
1024
1024
1024
1024
1024
1024
1024
1024
1024
1024
1024
1024
1024
1024
1024
1024
1024
1024
1024
1024
1024
1024
1024
1024
1024
1024
1024
1024
1024
1024
1024
1024
1024
1024
1024
1024
1024
1024
1024
1024
1024
1024
1024
1024
1024
1024
1024
1024
1024
1024
1024
1024
1024
1024
1024
1024
1024
1024
1024
1024
1024
1024
1024
1024
1024
1024
1024
1024
1024
1024
1024
1024
1024
1024
1024
1024
1024
1024
1024
1024
1024
1024
1024
1024
1024
1024
1024
1024
1024
1024
1024
1024
1024
1024
1024
1024
1024
1030
1042
1054
1066
1079
1091
1103
1115
1127
1139
1151
1164
1176
1188
1200
1212
1224
1236
1248
1261
1273
1285
1297
1309
1321
1333
1346
1358
1370
1382
1394
1406
1418
1430
1443
1455
1467
1479
1491
1503
1515
1528
1540
1552
1564
1576
1588
1600
1612
1625
1637
1649
1661
1673
1685
1697
1709
1722
1734
1746
1758
1770
1782
1794
1807
1819
1831
1843
1855
1867
1879
1891
1904
1916
1928
1940
1952
1964
1976
1989
2001
2013
2025
2037
2048
2048
2048
2048
2048
2048
2048
2048
2048
2048
2048
2048
2048
2048
2048
2048
2048
2048
2048
2048
2048
2048
2048
2048
2048
2048
2048
2048
2048
2048
2048
2048
2048
2048
2048
2048
2048
2048
2048
2048
2048
2048
2048
2059
2071
2083
2095
2107
2120
2132
2144
2156
2168
2180
2192
2205
2217
2229
2241
2253
2265
2277
2289
2302
2314
2326
1024
1024
1024
1024
1024
1024
1024
1024
1024
1024
1024
1024
1024
1024
1024
1024
1024
1024
1024
1024
1024
1024
1024
1024
1024
1024
1024
1024
1024
1024
1024
1024
1024
1024
1024
1024
1024
1024
1024
1024
1024
1024
1024
1024
1024
1024
1024
1024
1024
1024
1024
1024
1024
1024
1024
1024
1024
1024
1024
1024
1024
1024
1024
1024
1024
1024
1024
1024
1024
1024
1024
1024
1024
1024
1024
1024
1024
1024
1024
1024
1024
1024
1024
1024
1024
1024
1024
1024
1024
1024
1024
1024
1024
1024
1024
1024
1024
1024
1024
1024
1024
1024
1024
1024
1024
1024
1024
1036
1048
1060
1072
1084
1096
1109
1121
1133
1145
1157
1169
1181
1193
1205
1217
1229
1241
1253
1266
1278
1290
1302
1314
1326
1338
1350
1362
1374
1386
1398
1410
1422
1435
1447
1459
1471
1483
1495
1507
1519
1531
1543
1555
1567
1579
1592
1604
1616
1628
1640
1652
1664
1676
1688
1700
1712
1724
1736
1749
1761
1773
1785
1797
1809
1821
1833
1845
1857
1869
1881
1893
1906
1918
1930
1942
1954
1966
1978
1990
2002
2014
2026
2038
2048
2048
2048
2048
2048
2048
2048
2048
2048
2048
2048
2048
2048
2048
2048
2048
2048
2048
2048
2048
2048
2048
2048
2048
2048
2048
2048
2048
2048
2048
2048
2048
2048
2048
2048
2048
2048
2048
2048
2048
2048
2048
2048
2058
2070
2082
2094
2106
2118
2130
2142
2154
2166
2178
2190
2203
2215
2227
2239
2251
2263
2275
2287
2299
2311
1024
1024
1024
1024
1024
1024
1024
1024
1024
1024
1024
1024
1024
1024
1024
1024
1024
1024
1024
1024
1024
1024
1024
1024
1024
1024
1024
1024
1024
1024
1024
1024
1024
1024
1024
1024
1024
1024
1024
1024
1024
1024
1024
1024
1024
1024
1024
1024
1024
1024
1024
1024
1024
1024
1024
1024
1024
1024
1024
1024
1024
1024
1024
1024
1024
1024
1024
1024
1024
1024
1024
1024
1024
1024
1024
1024
1024
1024
1024
1024
1024
1024
1024
1024
1024
1024
1024
1024
1024
1024
1024
1024
1024
1024
1024
1024
1024
1024
1024
1024
1024
1024
1024
1024
1024
1024
1024
1030
1042
1054
1066
1078
1090
1102
1114
1126
1138
1150
1162
1174
1186
1198
1210
1222
1234
1246
1258
1270
1282
1294
1306
1318
1330
1342
1355
1367
1379
1391
1403
1415
1427
1439
1451
1463
1475
1487
1499
1511
1523
1535
1547
1559
1571
1583
1595
1607
1619
1631
1643
1655
1667
1679
1691
1703
1715
1727
1739
1751
1763
1775
1787
1799
1811
1823
1835
1847
1859
1871
1883
1895
1907
1919
1931
1943
1955
1967
1979
1992
2004
2016
2028
2040
2048
2048
2048
2048
2048
2048
2048
2048
2048
2048
2048
2048
2048
2048
2048
2048
2048
2048
2048
2048
2048
2048
2048
2048
2048
2048
2048
2048
2048
2048
2048
2048
2048
2048
2048
2048
2048
2048
2048
2048
2048
2048
2048
2056
2068
2080
2092
2104
2117
2129
2141
2153
2165
2177
2189
2201
2213
2225
2237
2249
2261
2273
2285
2297
1024
1024
1024
1024
1024
1024
1024
1024
1024
1024
1024
1024
1024
1024
1024
1024
1024
1024
1024
1024
1024
1024
1024
1024
1024
1024
1024
1024
1024
1024
1024
1024
1024
1024
1024
1024
1024
1024
1024
1024
1024
1024
1024
1024
1024
1024
1024
1024
1024
1024
1024
1024
1024
1024
1024
1024
1024
1024
1024
1024
1024
1024
1024
1024
1024
1024
1024
1024
1024
1024
1024
1024
1024
1024
1024
1024
1024
1024
1024
1024
1024
1024
1024
1024
1024
1024
1024
1024
1024
1024
1024
1024
1024
1024
1024
1024
1024
1024
1024
1024
1024
1024
1024
1024
1024
1024
1024
1024
1036
1048
1060
1072
1084
1096
1108
1120
1132
1144
1156
1168
1180
1191
1203
1215
1227
1239
1251
1263
1275
1287
1299
1311
1323
1335
1347
1359
1371
1383
1395
1407
1419
1431
1443
1455
1467
1479
1491
1503
1514
1526
1538
1550
1562
1574
1586
1598
1610
1622
1634
1646
1658
1670
1682
1694
1706
1718
1730
1742
1754
1766
1778
1790
1802
1814
1825
1837
1849
1861
1873
1885
1897
1909
1921
1933
1945
1957
1969
1981
1993
2005
2017
2029
2041
2048
2048
2048
2048
2048
2048
2048
2048
2048
2048
2048
2048
2048
2048
2048
2048
2048
2048
2048
2048
2048
2048
2048
2048
2048
2048
2048
2048
2048
2048
2048
2048
2048
2048
2048
2048
2048
2048
2048
2048
2048
2048
2048
2055
2067
2079
2091
2103
2115
2127
2139
2151
2163
2175
2187
2199
2211
2223
2235
2247
2259
2271
2282
1024
1024
1024
1024
1024
1024
1024
1024
1024
1024
1024
1024
1024
1024
1024
1024
1024
1024
1024
1024
1024
1024
1024
1024
1024
1024
1024
1024
1024
1024
1024
1024
1024
1024
1024
1024
1024
1024
1024
1024
1024
1024
1024
1024
1024
1024
1024
1024
1024
1024
1024
1024
1024
1024
1024
1024
1024
1024
1024
1024
1024
1024
1024
1024
1024
1024
1024
1024
1024
1024
1024
1024
1024
1024
1024
1024
1024
1024
1024
1024
1024
1024
1024
1024
1024
1024
1024
1024
1024
1024
1024
1024
1024
1024
1024
1024
1024
1024
1024
1024
1024
1024
1024
1024
1024
1024
1024
1024
1030
1042
1054
1066
1078
1089
1101
1113
1125
1137
1149
1161
1173
1185
1197
1209
1220
1232
1244
1256
1268
1280
1292
1304
1316
1328
1340
1351
1363
1375
1387
1399
1411
1423
1435
1447
1459
1471
1482
1494
1506
1518
1530
1542
1554
1566
1578
1590
1601
1613
1625
1637
1649
1661
1673
1685
1697
1709
1721
1732
1744
1756
1768
1780
1792
1804
1816
1828
1840
1852
1863
1875
1887
1899
1911
1923
1935
1947
1959
1971
1983
1994
2006
2018
2030
2042
2048
2048
2048
2048
2048
2048
2048
2048
2048
2048
2048
2048
2048
2048
2048
2048
2048
2048
2048
2048
2048
2048
2048
2048
2048
2048
2048
2048
2048
2048
2048
2048
2048
2048
2048
2048
2048
2048
2048
2048
2048
2048
2048
2054
2066
2078
2090
2102
2113
2125
2137
2149
2161
2173
2185
2197
2209
2221
2233
2244
2256
2268
1024
1024
1024
1024
1024
1024
1024
1024
1024
1024
1024
1024
1024
1024
1024
1024
1024
1024
1024
1024
1024
1024
1024
1024
1024
1024
1024
1024
1024
1024
1024
1024
1024
1024
1024
1024
1024
1024
1024
1024
1024
1024
1024
1024
1024
1024
1024
1024
1024
1024
1024
1024
1024
1024
1024
1024
1024
1024
1024
1024
1024
1024
1024
1024
1024
1024
1024
1024
1024
1024
1024
1024
1024
1024
1024
1024
1024
1024
1024
1024
1024
1024
1024
1024
1024
1024
1024
1024
1024
1024
1024
1024
1024
1024
1024
1024
1024
1024
1024
1024
1024
1024
1024
1024
1024
1024
1024
1024
1024
1036
1048
1060
1071
1083
1095
1107
1119
1131
1143
1154
1166
1178
1190
1202
1214
1225
1237
1249
1261
1273
1285
1297
1308
1320
1332
1344
1356
1368
1380
1391
1403
1415
1427
1439
1451
1463
1474
1486
1498
1510
1522
1534
1545
1557
1569
1581
1593
1605
1617
1628
1640
1652
1664
1676
1688
1700
1711
1723
1735
1747
1759
1771
1783
1794
1806
1818
1830
1842
1854
1865
1877
1889
1901
1913
1925
1937
1948
1960
1972
1984
1996
2008
2020
2031
2043
2048
2048
2048
2048
2048
2048
2048
2048
2048
2048
2048
2048
2048
2048
2048
2048
2048
2048
2048
2048
2048
2048
2048
2048
2048
2048
2048
2048
2048
2048
2048
2048
2048
2048
2048
2048
2048
2048
2048
2048
2048
2048
2048
2053
2065
2076
2088
2100
2112
2124
2136
2148
2159
2171
2183
2195
2207
2219
2231
2242
2254
1024
1024
1024
1024
1024
1024
1024
1024
1024
1024
1024
1024
1024
1024
1024
1024
1024
1024
1024
1024
1024
1024
1024
1024
1024
1024
1024
1024
1024
1024
1024
1024
1024
1024
1024
1024
1024
1024
1024
1024
1024
1024
1024
1024
1024
1024
1024
1024
1024
1024
1024
1024
1024
1024
1024
1024
1024
1024
1024
1024
1024
1024
1024
1024
1024
1024
1024
1024
1024
1024
1024
1024
1024
1024
1024
1024
1024
1024
1024
1024
1024
1024
1024
1024
1024
1024
1024
1024
1024
1024
1024
1024
1024
1024
1024
1024
1024
1024
1024
1024
1024
1024
1024
1024
1024
1024
1024
1024
1024
1030
1042
1053
1065
1077
1089
1101
1112
1124
1136
1148
1160
1171
1183
1195
1207
1219
1230
1242
1254
1266
1278
1289
1301
1313
1325
1337
1348
1360
1372
1384
1396
1407
1419
1431
1443
1455
1466
1478
1490
1502
1514
1525
1537
1549
1561
1573
1584
1596
1608
1620
1632
1643
1655
1667
1679
1691
1702
1714
1726
1738
1750
1761
1773
1785
1797
1809
1820
1832
1844
1856
1868
1879
1891
1903
1915
1926
1938
1950
1962
1974
1985
1997
2009
2021
2033
2044
2048
2048
2048
2048
2048
2048
2048
2048
2048
2048
2048
2048
2048
2048
2048
2048
2048
2048
2048
2048
2048
2048
2048
2048
2048
2048
2048
2048
2048
2048
2048
2048
2048
2048
2048
2048
2048
2048
2048
2048
2048
2048
2048
2052
2063
2075
2087
2099
2111
2122
2134
2146
2158
2170
2181
2193
2205
2217
2228
2240
1024
1024
1024
1024
1024
1024
1024
1024
1024
1024
1024
1024
1024
1024
1024
1024
1024
1024
1024
1024
1024
1024
1024
1024
1024
1024
1024
1024
1024
1024
1024
1024
1024
1024
1024
1024
1024
1024
1024
1024
1024
1024
1024
1024
1024
1024
1024
1024
1024
1024
1024
1024
1024
1024
1024
1024
1024
1024
1024
1024
1024
1024
1024
1024
1024
1024
1024
1024
1024
1024
1024
1024
1024
1024
1024
1024
1024
1024
1024
1024
1024
1024
1024
1024
1024
1024
1024
1024
1024
1024
1024
1024
1024
1024
1024
1024
1024
1024
1024
1024
1024
1024
1024
1024
1024
1024
1024
1024
1024
1024
1036
1047
1059
1071
1083
1094
1106
1118
1130
1141
1153
1165
1177
1188
1200
1212
1224
1235
1247
1259
1271
1282
1294
1306
1318
1329
1341
1353
1365
1376
1388
1400
1412
1423
1435
1447
1458
1470
1482
1494
1505
1517
1529
1541
1552
1564
1576
1588
1599
1611
1623
1635
1646
1658
1670
1682
1693
1705
1717
1729
1740
1752
1764
1776
1787
1799
1811
1823
1834
1846
1858
1870
1881
1893
1905
1916
1928
1940
1952
1963
1975
1987
1999
2010
2022
2034
2046
2048
2048
2048
2048
2048
2048
2048
2048
2048
2048
2048
2048
2048
2048
2048
2048
2048
2048
2048
2048
2048
2048
2048
2048
2048
2048
2048
2048
2048
2048
2048
2048
2048
2048
2048
2048
2048
2048
2048
2048
2048
2048
2048
2050
2062
2074
2086
2097
2109
2121
2133
2144
2156
2168
2180
2191
2203
2215
2226
1024
1024
1024
1024
1024
1024
1024
1024
1024
1024
1024
1024
1024
1024
1024
1024
1024
1024
1024
1024
1024
1024
1024
1024
1024
1024
1024
1024
1024
1024
1024
1024
1024
1024
1024
1024
1024
1024
1024
1024
1024
1024
1024
1024
1024
1024
1024
1024
1024
1024
1024
1024
1024
1024
1024
1024
1024
1024
1024
1024
1024
1024
1024
1024
1024
1024
1024
1024
1024
1024
1024
1024
1024
1024
1024
1024
1024
1024
1024
1024
1024
1024
1024
1024
1024
1024
1024
1024
1024
1024
1024
1024
1024
1024
1024
1024
1024
1024
1024
1024
1024
1024
1024
1024
1024
1024
1024
1024
1024
1024
1030
1042
1053
1065
1077
1088
1100
1112
1123
1135
1147
1158
1170
1182
1193
1205
1217
1229
1240
1252
1264
1275
1287
1299
1310
1322
1334
1345
1357
1369
1381
1392
1404
1416
1427
1439
1451
1462
1474
1486
1497
1509
1521
1532
1544
1556
1568
1579
1591
1603
1614
1626
1638
1649
1661
1673
1684
1696
1708
1720
1731
1743
1755
1766
1778
1790
1801
1813
1825
1836
1848
1860
1871
1883
1895
1907
1918
1930
1942
1953
1965
1977
1988
2000
2012
2023
2035
2047
2048
2048
2048
2048
2048
2048
2048
2048
2048
2048
2048
2048
2048
2048
2048
2048
2048
2048
2048
2048
2048
2048
2048
2048
2048
2048
2048
2048
2048
2048
2048
2048
2048
2048
2048
2048
2048
2048
2048
2048
2048
2048
2048
2049
2061
2073
2084
2096
2108
2119
2131
2143
2154
2166
2178
2189
2201
2213
1024
1024
1024
1024
1024
1024
1024
1024
1024
1024
1024
1024
1024
1024
1024
1024
1024
1024
1024
1024
1024
1024
1024
1024
1024
1024
1024
1024
1024
1024
1024
1024
1024
1024
1024
1024
1024
1024
1024
1024
1024
1024
1024
1024
1024
1024
1024
1024
1024
1024
1024
1024
1024
1024
1024
1024
1024
1024
1024
1024
1024
1024
1024
1024
1024
1024
1024
1024
1024
1024
1024
1024
1024
1024
1024
1024
1024
1024
1024
1024
1024
1024
1024
1024
1024
1024
1024
1024
1024
1024
1024
1024
1024
1024
1024
1024
1024
1024
1024
1024
1024
1024
1024
1024
1024
1024
1024
1024
1024
1024
1024
1036
1047
1059
1071
1082
1094
1105
1117
1129
1140
1152
1164
1175
1187
1199
1210
1222
1233
1245
1257
1268
1280
1292
1303
1315
1327
1338
1350
1361
1373
1385
1396
1408
1420
1431
1443
1455
1466
1478
1489
1501
1513
1524
1536
1548
1559
1571
1583
1594
1606
1617
1629
1641
1652
1664
1676
1687
1699
1711
1722
1734
1745
1757
1769
1780
1792
1804
1815
1827
1839
1850
1862
1873
1885
1897
1908
1920
1932
1943
1955
1967
1978
1990
2001
2013
2025
2036
2048
2048
2048
2048
2048
2048
2048
2048
2048
2048
2048
2048
2048
2048
2048
2048
2048
2048
2048
2048
2048
2048
2048
2048
2048
2048
2048
2048
2048
2048
2048
2048
2048
2048
2048
2048
2048
2048
2048
2048
2048
2048
2048
2048
2048
2060
2071
2083
2095
2106
2118
2129
2141
2153
2164
2176
2188
2199
1024
1024
1024
1024
1024
1024
1024
1024
1024
1024
1024
1024
1024
1024
1024
1024
1024
1024
1024
1024
1024
1024
1024
1024
1024
1024
1024
1024
1024
1024
1024
1024
1024
1024
1024
1024
1024
1024
1024
1024
1024
1024
1024
1024
1024
1024
1024
1024
1024
1024
1024
1024
1024
1024
1024
1024
1024
1024
1024
1024
1024
1024
1024
1024
1024
1024
1024
1024
1024
1024
1024
1024
1024
1024
1024
1024
1024
1024
1024
1024
1024
1024
1024
1024
1024
1024
1024
1024
1024
1024
1024
1024
1024
1024
1024
1024
1024
1024
1024
1024
1024
1024
1024
1024
1024
1024
1024
1024
1024
1024
1024
1030
1041
1053
1065
1076
1088
1099
1111
1122
1134
1146
1157
1169
1180
1192
1204
1215
1227
1238
1250
1261
1273
1285
1296
1308
1319
1331
1343
1354
1366
1377
1389
1400
1412
1424
1435
1447
1458
1470
1482
1493
1505
1516
1528
1539
1551
1563
1574
1586
1597
1609
1621
1632
1644
1655
1667
1678
1690
1702
1713
1725
1736
1748
1760
1771
1783
1794
1806
1817
1829
1841
1852
1864
1875
1887
1899
1910
1922
1933
1945
1956
1968
1980
1991
2003
2014
2026
2038
2048
2048
2048
2048
2048
2048
2048
2048
2048
2048
2048
2048
2048
2048
2048
2048
2048
2048
2048
2048
2048
2048
2048
2048
2048
2048
2048
2048
2048
2048
2048
2048
2048
2048
2048
2048
2048
2048
2048
2048
2048
2048
2048
2048
2048
2058
2070
2082
2093
2105
2116
2128
2140
2151
2163
2174
2186
1024
1024
1024
1024
1024
1024
1024
1024
1024
1024
1024
1024
1024
1024
1024
1024
1024
1024
1024
1024
1024
1024
1024
1024
1024
1024
1024
1024
1024
1024
1024
1024
1024
1024
1024
1024
1024
1024
1024
1024
1024
1024
1024
1024
1024
1024
1024
1024
1024
1024
1024
1024
1024
1024
1024
1024
1024
1024
1024
1024
1024
1024
1024
1024
1024
1024
1024
1024
1024
1024
1024
1024
1024
1024
1024
1024
1024
1024
1024
1024
1024
1024
1024
1024
1024
1024
1024
1024
1024
1024
1024
1024
1024
1024
1024
1024
1024
1024
1024
1024
1024
1024
1024
1024
1024
1024
1024
1024
1024
1024
1024
1024
1036
1047
1059
1070
1082
1093
1105
1116
1128
1139
1151
1162
1174
1185
1197
1209
1220
1232
1243
1255
1266
1278
1289
1301
1312
1324
1335
1347
1358
1370
1381
1393
1405
1416
1428
1439
1451
1462
1474
1485
1497
1508
1520
1531
1543
1554
1566
1578
1589
1601
1612
1624
1635
1647
1658
1670
1681
1693
1704
1716
1727
1739
1750
1762
1774
1785
1797
1808
1820
1831
1843
1854
1866
1877
1889
1900
1912
1923
1935
1947
1958
1970
1981
1993
2004
2016
2027
2039
2048
2048
2048
2048
2048
2048
2048
2048
2048
2048
2048
2048
2048
2048
2048
2048
2048
2048
2048
2048
2048
2048
2048
2048
2048
2048
2048
2048
2048
2048
2048
2048
2048
2048
2048
2048
2048
2048
2048
2048
2048
2048
2048
2048
2048
2057
2069
2080
2092
2103
2115
2126
2138
2149
2161
2173
1024
1024
1024
1024
1024
1024
1024
1024
1024
1024
1024
1024
1024
1024
1024
1024
1024
1024
1024
1024
1024
1024
1024
1024
1024
1024
1024
1024
1024
1024
1024
1024
1024
1024
1024
1024
1024
1024
1024
1024
1024
1024
1024
1024
1024
1024
1024
1024
1024
1024
1024
1024
1024
1024
1024
1024
1024
1024
1024
1024
1024
1024
1024
1024
1024
1024
1024
1024
1024
1024
1024
1024
1024
1024
1024
1024
1024
1024
1024
1024
1024
1024
1024
1024
1024
1024
1024
1024
1024
1024
1024
1024
1024
1024
1024
1024
1024
1024
1024
1024
1024
1024
1024
1024
1024
1024
1024
1024
1024
1024
1024
1024
1030
1041
1053
1064
1076
1087
1099
1110
1122
1133
1145
1156
1167
1179
1190
1202
1213
1225
1236
1248
1259
1271
1282
1294
1305
1317
1328
1340
1351
1363
1374
1386
1397
1409
1420
1432
1443
1454
1466
1477
1489
1500
1512
1523
1535
1546
1558
1569
1581
1592
1604
1615
1627
1638
1650
1661
1673
1684
1696
1707
1719
1730
1741
1753
1764
1776
1787
1799
1810
1822
1833
1845
1856
1868
1879
1891
1902
1914
1925
1937
1948
1960
1971
1983
1994
2006
2017
2028
2040
2048
2048
2048
2048
2048
2048
2048
2048
2048
2048
2048
2048
2048
2048
2048
2048
2048
2048
2048
2048
2048
2048
2048
2048
2048
2048
2048
2048
2048
2048
2048
2048
2048
2048
2048
2048
2048
2048
2048
2048
2048
2048
2048
2048
2048
2056
2068
2079
2090
2102
2113
2125
2136
2148
2159
1024
1024
1024
1024
1024
1024
1024
1024
1024
1024
1024
1024
1024
1024
1024
1024
1024
1024
1024
1024
1024
1024
1024
1024
1024
1024
1024
1024
1024
1024
1024
1024
1024
1024
1024
1024
1024
1024
1024
1024
1024
1024
1024
1024
1024
1024
1024
1024
1024
1024
1024
1024
1024
1024
1024
1024
1024
1024
1024
1024
1024
1024
1024
1024
1024
1024
1024
1024
1024
1024
1024
1024
1024
1024
1024
1024
1024
1024
1024
1024
1024
1024
1024
1024
1024
1024
1024
1024
1024
1024
1024
1024
1024
1024
1024
1024
1024
1024
1024
1024
1024
1024
1024
1024
1024
1024
1024
1024
1024
1024
1024
1024
1024
1035
1047
1058
1070
1081
1093
1104
1115
1127
1138
1150
1161
1173
1184
1195
1207
1218
1230
1241
1253
1264
1275
1287
1298
1310
1321
1333
1344
1355
1367
1378
1390
1401
1413
1424
1435
1447
1458
1470
1481
1493
1504
1515
1527
1538
1550
1561
1573
1584
1595
1607
1618
1630
1641
1653
1664
1675
1687
1698
1710
1721
1733
1744
1755
1767
1778
1790
1801
1813
1824
1835
1847
1858
1870
1881
1893
1904
1915
1927
1938
1950
1961
1973
1984
1995
2007
2018
2030
2041
2048
2048
2048
2048
2048
2048
2048
2048
2048
2048
2048
2048
2048
2048
2048
2048
2048
2048
2048
2048
2048
2048
2048
2048
2048
2048
2048
2048
2048
2048
2048
2048
2048
2048
2048
2048
2048
2048
2048
2048
2048
2048
2048
2048
2048
2055
2066
2078
2089
2101
2112
2123
2135
2146
1024
1024
1024
1024
1024
1024
1024
1024
1024
1024
1024
1024
1024
1024
1024
1024
1024
1024
1024
1024
1024
1024
1024
1024
1024
1024
1024
1024
1024
1024
1024
1024
1024
1024
1024
1024
1024
1024
1024
1024
1024
1024
1024
1024
1024
1024
1024
1024
1024
1024
1024
1024
1024
1024
1024
1024
1024
1024
1024
1024
1024
1024
1024
1024
1024
1024
1024
1024
1024
1024
1024
1024
1024
1024
1024
1024
1024
1024
1024
1024
1024
1024
1024
1024
1024
1024
1024
1024
1024
1024
1024
1024
1024
1024
1024
1024
1024
1024
1024
1024
1024
1024
1024
1024
1024
1024
1024
1024
1024
1024
1024
1024
1024
1030
1041
1052
1064
1075
1087
1098
1109
1121
1132
1143
1155
1166
1178
1189
1200
1212
1223
1234
1246
1257
1269
1280
1291
1303
1314
1326
1337
1348
1360
1371
1382
1394
1405
1417
1428
1439
1451
1462
1473
1485
1496
1508
1519
1530
1542
1553
1564
1576
1587
1599
1610
1621
1633
1644
1655
1667
1678
1690
1701
1712
1724
1735
1746
1758
1769
1781
1792
1803
1815
1826
1838
1849
1860
1872
1883
1894
1906
1917
1929
1940
1951
1963
1974
1985
1997
2008
2020
2031
2042
2048
2048
2048
2048
2048
2048
2048
2048
2048
2048
2048
2048
2048
2048
2048
2048
2048
2048
2048
2048
2048
2048
2048
2048
2048
2048
2048
2048
2048
2048
2048
2048
2048
2048
2048
2048
2048
2048
2048
2048
2048
2048
2048
2048
2048
2054
2065
2076
2088
2099
2111
2122
2133
1024
1024
1024
1024
1024
1024
1024
1024
1024
1024
1024
1024
1024
1024
1024
1024
1024
1024
1024
1024
1024
1024
1024
1024
1024
1024
1024
1024
1024
1024
1024
1024
1024
1024
1024
1024
1024
1024
1024
1024
1024
1024
1024
1024
1024
1024
1024
1024
1024
1024
1024
1024
1024
1024
1024
1024
1024
1024
1024
1024
1024
1024
1024
1024
1024
1024
1024
1024
1024
1024
1024
1024
1024
1024
1024
1024
1024
1024
1024
1024
1024
1024
1024
1024
1024
1024
1024
1024
1024
1024
1024
1024
1024
1024
1024
1024
1024
1024
1024
1024
1024
1024
1024
1024
1024
1024
1024
1024
1024
1024
1024
1024
1024
1024
1035
1047
1058
1069
1081
1092
1103
1115
1126
1137
1149
1160
1171
1183
1194
1205
1217
1228
1239
1251
1262
1273
1285
1296
1307
1319
1330
1341
1352
1364
1375
1386
1398
1409
1420
1432
1443
1454
1466
1477
1488
1500
1511
1522
1534
1545
1556
1568
1579
1590
1602
1613
1624
1636
1647
1658
1670
1681
1692
1704
1715
1726
1738
1749
1760
1772
1783
1794
1806
1817
1828
1840
1851
1862
1874
1885
1896
1908
1919
1930
1942
1953
1964
1976
1987
1998
2009
2021
2032
2043
2048
2048
2048
2048
2048
2048
2048
2048
2048
2048
2048
2048
2048
2048
2048
2048
2048
2048
2048
2048
2048
2048
2048
2048
2048
2048
2048
2048
2048
2048
2048
2048
2048
2048
2048
2048
2048
2048
2048
2048
2048
2048
2048
2048
2048
2053
2064
2075
2087
2098
2109
2120
1024
1024
1024
1024
1024
1024
1024
1024
1024
1024
1024
1024
1024
1024
1024
1024
1024
1024
1024
1024
1024
1024
1024
1024
1024
1024
1024
1024
1024
1024
1024
1024
1024
1024
1024
1024
1024
1024
1024
1024
1024
1024
1024
1024
1024
1024
1024
1024
1024
1024
1024
1024
1024
1024
1024
1024
1024
1024
1024
1024
1024
1024
1024
1024
1024
1024
1024
1024
1024
1024
1024
1024
1024
1024
1024
1024
1024
1024
1024
1024
1024
1024
1024
1024
1024
1024
1024
1024
1024
1024
1024
1024
1024
1024
1024
1024
1024
1024
1024
1024
1024
1024
1024
1024
1024
1024
1024
1024
1024
1024
1024
1024
1024
1024
1030
1041
1052
1063
1075
1086
1097
1109
1120
1131
1142
1154
1165
1176
1188
1199
1210
1221
1233
1244
1255
1266
1278
1289
1300
1312
1323
1334
1345
1357
1368
1379
1391
1402
1413
1424
1436
1447
1458
1469
1481
1492
1503
1515
1526
1537
1548
1560
1571
1582
1594
1605
1616
1627
1639
1650
1661
1672
1684
1695
1706
1718
1729
1740
1751
1763
1774
1785
1797
1808
1819
1830
1842
1853
1864
1875
1887
1898
1909
1921
1932
1943
1954
1966
1977
1988
2000
2011
2022
2033
2045
2048
2048
2048
2048
2048
2048
2048
2048
2048
2048
2048
2048
2048
2048
2048
2048
2048
2048
2048
2048
2048
2048
2048
2048
2048
2048
2048
2048
2048
2048
2048
2048
2048
2048
2048
2048
2048
2048
2048
2048
2048
2048
2048
2048
2048
2051
2063
2074
2085
2096
2108
1024
1024
1024
1024
1024
1024
1024
1024
1024
1024
1024
1024
1024
1024
1024
1024
1024
1024
1024
1024
1024
1024
1024
1024
1024
1024
1024
1024
1024
1024
1024
1024
1024
1024
1024
1024
1024
1024
1024
1024
1024
1024
1024
1024
1024
1024
1024
1024
1024
1024
1024
1024
1024
1024
1024
1024
1024
1024
1024
1024
1024
1024
1024
1024
1024
1024
1024
1024
1024
1024
1024
1024
1024
1024
1024
1024
1024
1024
1024
1024
1024
1024
1024
1024
1024
1024
1024
1024
1024
1024
1024
1024
1024
1024
1024
1024
1024
1024
1024
1024
1024
1024
1024
1024
1024
1024
1024
1024
1024
1024
1024
1024
1024
1024
1024
1035
1046
1058
1069
1080
1091
1103
1114
1125
1136
1148
1159
1170
1181
1192
1204
1215
1226
1237
1249
1260
1271
1282
1293
1305
1316
1327
1338
1350
1361
1372
1383
1395
1406
1417
1428
1439
1451
1462
1473
1484
1496
1507
1518
1529
1540
1552
1563
1574
1585
1597
1608
1619
1630
1642
1653
1664
1675
1686
1698
1709
1720
1731
1743
1754
1765
1776
1788
1799
1810
1821
1832
1844
1855
1866
1877
1889
1900
1911
1922
1933
1945
1956
1967
1978
1990
2001
2012
2023
2035
2046
2048
2048
2048
2048
2048
2048
2048
2048
2048
2048
2048
2048
2048
2048
2048
2048
2048
2048
2048
2048
2048
2048
2048
2048
2048
2048
2048
2048
2048
2048
2048
2048
2048
2048
2048
2048
2048
2048
2048
2048
2048
2048
2048
2048
2048
2050
2061
2073
2084
2095
1024
1024
1024
1024
1024
1024
1024
1024
1024
1024
1024
1024
1024
1024
1024
1024
1024
1024
1024
1024
1024
1024
1024
1024
1024
1024
1024
1024
1024
1024
1024
1024
1024
1024
1024
1024
1024
1024
1024
1024
1024
1024
1024
1024
1024
1024
1024
1024
1024
1024
1024
1024
1024
1024
1024
1024
1024
1024
1024
1024
1024
1024
1024
1024
1024
1024
1024
1024
1024
1024
1024
1024
1024
1024
1024
1024
1024
1024
1024
1024
1024
1024
1024
1024
1024
1024
1024
1024
1024
1024
1024
1024
1024
1024
1024
1024
1024
1024
1024
1024
1024
1024
1024
1024
1024
1024
1024
1024
1024
1024
1024
1024
1024
1024
1024
1030
1041
1052
1063
1074
1085
1097
1108
1119
1130
1141
1153
1164
1175
1186
1197
1208
1220
1231
1242
1253
1264
1276
1287
1298
1309
1320
1331
1343
1354
1365
1376
1387
1398
1410
1421
1432
1443
1454
1466
1477
1488
1499
1510
1521
1533
1544
1555
1566
1577
1589
1600
1611
1622
1633
1644
1656
1667
1678
1689
1700
1712
1723
1734
1745
1756
1767
1779
1790
1801
1812
1823
1834
1846
1857
1868
1879
1890
1902
1913
1924
1935
1946
1957
1969
1980
1991
2002
2013
2025
2036
2047
2048
2048
2048
2048
2048
2048
2048
2048
2048
2048
2048
2048
2048
2048
2048
2048
2048
2048
2048
2048
2048
2048
2048
2048
2048
2048
2048
2048
2048
2048
2048
2048
2048
2048
2048
2048
2048
2048
2048
2048
2048
2048
2048
2048
2048
2049
2060
2071
2083
1024
1024
1024
1024
1024
1024
1024
1024
1024
1024
1024
1024
1024
1024
1024
1024
1024
1024
1024
1024
1024
1024
1024
1024
1024
1024
1024
1024
1024
1024
1024
1024
1024
1024
1024
1024
1024
1024
1024
1024
1024
1024
1024
1024
1024
1024
1024
1024
1024
1024
1024
1024
1024
1024
1024
1024
1024
1024
1024
1024
1024
1024
1024
1024
1024
1024
1024
1024
1024
1024
1024
1024
1024
1024
1024
1024
1024
1024
1024
1024
1024
1024
1024
1024
1024
1024
1024
1024
1024
1024
1024
1024
1024
1024
1024
1024
1024
1024
1024
1024
1024
1024
1024
1024
1024
1024
1024
1024
1024
1024
1024
1024
1024
1024
1024
1024
1035
1046
1057
1069
1080
1091
1102
1113
1124
1135
1146
1158
1169
1180
1191
1202
1213
1224
1235
1247
1258
1269
1280
1291
1302
1313
1325
1336
1347
1358
1369
1380
1391
1402
1414
1425
1436
1447
1458
1469
1480
1491
1503
1514
1525
1536
1547
1558
1569
1581
1592
1603
1614
1625
1636
1647
1658
1670
1681
1692
1703
1714
1725
1736
1747
1759
1770
1781
1792
1803
1814
1825
1837
1848
1859
1870
1881
1892
1903
1914
1926
1937
1948
1959
1970
1981
1992
2003
2015
2026
2037
2048
2048
2048
2048
2048
2048
2048
2048
2048
2048
2048
2048
2048
2048
2048
2048
2048
2048
2048
2048
2048
2048
2048
2048
2048
2048
2048
2048
2048
2048
2048
2048
2048
2048
2048
2048
2048
2048
2048
2048
2048
2048
2048
2048
2048
2048
2048
2059
2070
1024
1024
1024
1024
1024
1024
1024
1024
1024
1024
1024
1024
1024
1024
1024
1024
1024
1024
1024
1024
1024
1024
1024
1024
1024
1024
1024
1024
1024
1024
1024
1024
1024
1024
1024
1024
1024
1024
1024
1024
1024
1024
1024
1024
1024
1024
1024
1024
1024
1024
1024
1024
1024
1024
1024
1024
1024
1024
1024
1024
1024
1024
1024
1024
1024
1024
1024
1024
1024
1024
1024
1024
1024
1024
1024
1024
1024
1024
1024
1024
1024
1024
1024
1024
1024
1024
1024
1024
1024
1024
1024
1024
1024
1024
1024
1024
1024
1024
1024
1024
1024
1024
1024
1024
1024
1024
1024
1024
1024
1024
1024
1024
1024
1024
1024
1024
1030
1041
1052
1063
1074
1085
1096
1107
1118
1129
1140
1151
1163
1174
1185
1196
1207
1218
1229
1240
1251
1262
1273
1284
1296
1307
1318
1329
1340
1351
1362
1373
1384
1395
1406
1417
1429
1440
1451
1462
1473
1484
1495
1506
1517
1528
1539
1550
1561
1573
1584
1595
1606
1617
1628
1639
1650
1661
1672
1683
1694
1706
1717
1728
1739
1750
1761
1772
1783
1794
1805
1816
1827
1839
1850
1861
1872
1883
1894
1905
1916
1927
1938
1949
1960
1972
1983
1994
2005
2016
2027
2038
2048
2048
2048
2048
2048
2048
2048
2048
2048
2048
2048
2048
2048
2048
2048
2048
2048
2048
2048
2048
2048
2048
2048
2048
2048
2048
2048
2048
2048
2048
2048
2048
2048
2048
2048
2048
2048
2048
2048
2048
2048
2048
2048
2048
2048
2048
2048
2058
1024
1024
1024
1024
1024
1024
1024
1024
1024
1024
1024
1024
1024
1024
1024
1024
1024
1024
1024
1024
1024
1024
1024
1024
1024
1024
1024
1024
1024
1024
1024
1024
1024
1024
1024
1024
1024
1024
1024
1024
1024
1024
1024
1024
1024
1024
1024
1024
1024
1024
1024
1024
1024
1024
1024
1024
1024
1024
1024
1024
1024
1024
1024
1024
1024
1024
1024
1024
1024
1024
1024
1024
1024
1024
1024
1024
1024
1024
1024
1024
1024
1024
1024
1024
1024
1024
1024
1024
1024
1024
1024
1024
1024
1024
1024
1024
1024
1024
1024
1024
1024
1024
1024
1024
1024
1024
1024
1024
1024
1024
1024
1024
1024
1024
1024
1024
1024
1035
1046
1057
1068
1079
1090
1101
1112
1123
1134
1145
1156
1167
1178
1190
1201
1212
1223
1234
1245
1256
1267
1278
1289
1300
1311
1322
1333
1344
1355
1366
1377
1388
1399
1410
1421
1432
1443
1454
1465
1476
1487
1498
1510
1521
1532
1543
1554
1565
1576
1587
1598
1609
1620
1631
1642
1653
1664
1675
1686
1697
1708
1719
1730
1741
1752
1763
1774
1785
1796
1807
1818
1830
1841
1852
1863
1874
1885
1896
1907
1918
1929
1940
1951
1962
1973
1984
1995
2006
2017
2028
2039
2048
2048
2048
2048
2048
2048
2048
2048
2048
2048
2048
2048
2048
2048
2048
2048
2048
2048
2048
2048
2048
2048
2048
2048
2048
2048
2048
2048
2048
2048
2048
2048
2048
2048
2048
2048
2048
2048
2048
2048
2048
2048
2048
2048
2048
2048
2048
1024
1024
1024
1024
1024
1024
1024
1024
1024
1024
1024
1024
1024
1024
1024
1024
1024
1024
1024
1024
1024
1024
1024
1024
1024
1024
1024
1024
1024
1024
1024
1024
1024
1024
1024
1024
1024
1024
1024
1024
1024
1024
1024
1024
1024
1024
1024
1024
1024
1024
1024
1024
1024
1024
1024
1024
1024
1024
1024
1024
1024
1024
1024
1024
1024
1024
1024
1024
1024
1024
1024
1024
1024
1024
1024
1024
1024
1024
1024
1024
1024
1024
1024
1024
1024
1024
1024
1024
1024
1024
1024
1024
1024
1024
1024
1024
1024
1024
1024
1024
1024
1024
1024
1024
1024
1024
1024
1024
1024
1024
1024
1024
1024
1024
1024
1024
1024
1029
1040
1051
1062
1073
1084
1095
1106
1117
1128
1139
1150
1161
1172
1183
1194
1205
1216
1227
1238
1249
1260
1271
1282
1293
1304
1315
1326
1337
1348
1359
1370
1381
1392
1403
1414
1425
1436
1447
1458
1469
1480
1491
1502
1513
1524
1535
1546
1557
1568
1579
1590
1601
1612
1623
1634
1645
1656
1667
1678
1689
1700
1711
1722
1733
1744
1755
1766
1777
1788
1799
1810
1821
1832
1843
1854
1865
1876
1886
1897
1908
1919
1930
1941
1952
1963
1974
1985
1996
2007
2018
2029
2040
2048
2048
2048
2048
2048
2048
2048
2048
2048
2048
2048
2048
2048
2048
2048
2048
2048
2048
2048
2048
2048
2048
2048
2048
2048
2048
2048
2048
2048
2048
2048
2048
2048
2048
2048
2048
2048
2048
2048
2048
2048
2048
2048
2048
2048
2048
1024
1024
1024
1024
1024
1024
1024
1024
1024
1024
1024
1024
1024
1024
1024
1024
1024
1024
1024
1024
1024
1024
1024
1024
1024
1024
1024
1024
1024
1024
1024
1024
1024
1024
1024
1024
1024
1024
1024
1024
1024
1024
1024
1024
1024
1024
1024
1024
1024
1024
1024
1024
1024
1024
1024
1024
1024
1024
1024
1024
1024
1024
1024
1024
1024
1024
1024
1024
1024
1024
1024
1024
1024
1024
1024
1024
1024
1024
1024
1024
1024
1024
1024
1024
1024
1024
1024
1024
1024
1024
1024
1024
1024
1024
1024
1024
1024
1024
1024
1024
1024
1024
1024
1024
1024
1024
1024
1024
1024
1024
1024
1024
1024
1024
1024
1024
1024
1024
1035
1046
1057
1068
1079
1090
1101
1112
1122
1133
1144
1155
1166
1177
1188
1199
1210
1221
1232
1243
1254
1265
1276
1287
1298
1308
1319
1330
1341
1352
1363
1374
1385
1396
1407
1418
1429
1440
1451
1462
1473
1483
1494
1505
1516
1527
1538
1549
1560
1571
1582
1593
1604
1615
1626
1637
1648
1659
1669
1680
1691
1702
1713
1724
1735
1746
1757
1768
1779
1790
1801
1812
1823
1834
1845
1855
1866
1877
1888
1899
1910
1921
1932
1943
1954
1965
1976
1987
1998
2009
2020
2030
2041
2048
2048
2048
2048
2048
2048
2048
2048
2048
2048
2048
2048
2048
2048
2048
2048
2048
2048
2048
2048
2048
2048
2048
2048
2048
2048
2048
2048
2048
2048
2048
2048
2048
2048
2048
2048
2048
2048
2048
2048
2048
2048
2048
2048
2048
1024
1024
1024
1024
1024
1024
1024
1024
1024
1024
1024
1024
1024
1024
1024
1024
1024
1024
1024
1024
1024
1024
1024
1024
1024
1024
1024
1024
1024
1024
1024
1024
1024
1024
1024
1024
1024
1024
1024
1024
1024
1024
1024
1024
1024
1024
1024
1024
1024
1024
1024
1024
1024
1024
1024
1024
1024
1024
1024
1024
1024
1024
1024
1024
1024
1024
1024
1024
1024
1024
1024
1024
1024
1024
1024
1024
1024
1024
1024
1024
1024
1024
1024
1024
1024
1024
1024
1024
1024
1024
1024
1024
1024
1024
1024
1024
1024
1024
1024
1024
1024
1024
1024
1024
1024
1024
1024
1024
1024
1024
1024
1024
1024
1024
1024
1024
1024
1024
1029
1040
1051
1062
1073
1084
1095
1106
1117
1127
1138
1149
1160
1171
1182
1193
1204
1215
1226
1236
1247
1258
1269
1280
1291
1302
1313
1324
1334
1345
1356
1367
1378
1389
1400
1411
1422
1433
1443
1454
1465
1476
1487
1498
1509
1520
1531
1541
1552
1563
1574
1585
1596
1607
1618
1629
1639
1650
1661
1672
1683
1694
1705
1716
1727
1738
1748
1759
1770
1781
1792
1803
1814
1825
1836
1846
1857
1868
1879
1890
1901
1912
1923
1934
1945
1955
1966
1977
1988
1999
2010
2021
2032
2043
2048
2048
2048
2048
2048
2048
2048
2048
2048
2048
2048
2048
2048
2048
2048
2048
2048
2048
2048
2048
2048
2048
2048
2048
2048
2048
2048
2048
2048
2048
2048
2048
2048
2048
2048
2048
2048
2048
2048
2048
2048
2048
2048
2048
1024
1024
1024
1024
1024
1024
1024
1024
1024
1024
1024
1024
1024
1024
1024
1024
1024
1024
1024
1024
1024
1024
1024
1024
1024
1024
1024
1024
1024
1024
1024
1024
1024
1024
1024
1024
1024
1024
1024
1024
1024
1024
1024
1024
1024
1024
1024
1024
1024
1024
1024
1024
1024
1024
1024
1024
1024
1024
1024
1024
1024
1024
1024
1024
1024
1024
1024
1024
1024
1024
1024
1024
1024
1024
1024
1024
1024
1024
1024
1024
1024
1024
1024
1024
1024
1024
1024
1024
1024
1024
1024
1024
1024
1024
1024
1024
1024
1024
1024
1024
1024
1024
1024
1024
1024
1024
1024
1024
1024
1024
1024
1024
1024
1024
1024
1024
1024
1024
1024
1035
1046
1057
1067
1078
1089
1100
1111
1122
1132
1143
1154
1165
1176
1187
1198
1208
1219
1230
1241
1252
1263
1273
1284
1295
1306
1317
1328
1339
1349
1360
1371
1382
1393
1404
1415
1425
1436
1447
1458
1469
1480
1490
1501
1512
1523
1534
1545
1556
1566
1577
1588
1599
1610
1621
1631
1642
1653
1664
1675
1686
1697
1707
1718
1729
1740
1751
1762
1772
1783
1794
1805
1816
1827
1838
1848
1859
1870
1881
1892
1903
1913
1924
1935
1946
1957
1968
1979
1989
2000
2011
2022
2033
2044
2048
2048
2048
2048
2048
2048
2048
2048
2048
2048
2048
2048
2048
2048
2048
2048
2048
2048
2048
2048
2048
2048
2048
2048
2048
2048
2048
2048
2048
2048
2048
2048
2048
2048
2048
2048
2048
2048
2048
2048
2048
2048
2048
1024
1024
1024
1024
1024
1024
1024
1024
1024
1024
1024
1024
1024
1024
1024
1024
1024
1024
1024
1024
1024
1024
1024
1024
1024
1024
1024
1024
1024
1024
1024
1024
1024
1024
1024
1024
1024
1024
1024
1024
1024
1024
1024
1024
1024
1024
1024
1024
1024
1024
1024
1024
1024
1024
1024
1024
1024
1024
1024
1024
1024
1024
1024
1024
1024
1024
1024
1024
1024
1024
1024
1024
1024
1024
1024
1024
1024
1024
1024
1024
1024
1024
1024
1024
1024
1024
1024
1024
1024
1024
1024
1024
1024
1024
1024
1024
1024
1024
1024
1024
1024
1024
1024
1024
1024
1024
1024
1024
1024
1024
1024
1024
1024
1024
1024
1024
1024
1024
1024
1029
1040
1051
1062
1073
1083
1094
1105
1116
1127
1137
1148
1159
1170
1181
1191
1202
1213
1224
1235
1245
1256
1267
1278
1289
1299
1310
1321
1332
1343
1353
1364
1375
1386
1397
1407
1418
1429
1440
1451
1461
1472
1483
1494
1505
1515
1526
1537
1548
1559
1569
1580
1591
1602
1613
1623
1634
1645
1656
1667
1678
1688
1699
1710
1721
1732
1742
1753
1764
1775
1786
1796
1807
1818
1829
1840
1850
1861
1872
1883
1894
1904
1915
1926
1937
1948
1958
1969
1980
1991
2002
2012
2023
2034
2045
2048
2048
2048
2048
2048
2048
2048
2048
2048
2048
2048
2048
2048
2048
2048
2048
2048
2048
2048
2048
2048
2048
2048
2048
2048
2048
2048
2048
2048
2048
2048
2048
2048
2048
2048
2048
2048
2048
2048
2048
2048
2048
1024
1024
1024
1024
1024
1024
1024
1024
1024
1024
1024
1024
1024
1024
1024
1024
1024
1024
1024
1024
1024
1024
1024
1024
1024
1024
1024
1024
1024
1024
1024
1024
1024
1024
1024
1024
1024
1024
1024
1024
1024
1024
1024
1024
1024
1024
1024
1024
1024
1024
1024
1024
1024
1024
1024
1024
1024
1024
1024
1024
1024
1024
1024
1024
1024
1024
1024
1024
1024
1024
1024
1024
1024
1024
1024
1024
1024
1024
1024
1024
1024
1024
1024
1024
1024
1024
1024
1024
1024
1024
1024
1024
1024
1024
1024
1024
1024
1024
1024
1024
1024
1024
1024
1024
1024
1024
1024
1024
1024
1024
1024
1024
1024
1024
1024
1024
1024
1024
1024
1024
1035
1046
1056
1067
1078
1089
1099
1110
1121
1132
1142
1153
1164
1175
1185
1196
1207
1218
1228
1239
1250
1261
1271
1282
1293
1304
1314
1325
1336
1347
1357
1368
1379
1390
1400
1411
1422
1433
1443
1454
1465
1476
1487
1497
1508
1519
1530
1540
1551
1562
1573
1583
1594
1605
1616
1626
1637
1648
1659
1669
1680
1691
1702
1712
1723
1734
1745
1755
1766
1777
1788
1798
1809
1820
1831
1841
1852
1863
1874
1885
1895
1906
1917
1928
1938
1949
1960
1971
1981
1992
2003
2014
2024
2035
2046
2048
2048
2048
2048
2048
2048
2048
2048
2048
2048
2048
2048
2048
2048
2048
2048
2048
2048
2048
2048
2048
2048
2048
2048
2048
2048
2048
2048
2048
2048
2048
2048
2048
2048
2048
2048
2048
2048
2048
2048
2048
1024
1024
1024
1024
1024
1024
1024
1024
1024
1024
1024
1024
1024
1024
1024
1024
1024
1024
1024
1024
1024
1024
1024
1024
1024
1024
1024
1024
1024
1024
1024
1024
1024
1024
1024
1024
1024
1024
1024
1024
1024
1024
1024
1024
1024
1024
1024
1024
1024
1024
1024
1024
1024
1024
1024
1024
1024
1024
1024
1024
1024
1024
1024
1024
1024
1024
1024
1024
1024
1024
1024
1024
1024
1024
1024
1024
1024
1024
1024
1024
1024
1024
1024
1024
1024
1024
1024
1024
1024
1024
1024
1024
1024
1024
1024
1024
1024
1024
1024
1024
1024
1024
1024
1024
1024
1024
1024
1024
1024
1024
1024
1024
1024
1024
1024
1024
1024
1024
1024
1024
1029
1040
1051
1061
1072
1083
1094
1104
1115
1126
1136
1147
1158
1169
1179
1190
1201
1211
1222
1233
1244
1254
1265
1276
1286
1297
1308
1319
1329
1340
1351
1361
1372
1383
1394
1404
1415
1426
1436
1447
1458
1469
1479
1490
1501
1511
1522
1533
1543
1554
1565
1576
1586
1597
1608
1618
1629
1640
1651
1661
1672
1683
1693
1704
1715
1726
1736
1747
1758
1768
1779
1790
1801
1811
1822
1833
1843
1854
1865
1876
1886
1897
1908
1918
1929
1940
1951
1961
1972
1983
1993
2004
2015
2026
2036
2047
2048
2048
2048
2048
2048
2048
2048
2048
2048
2048
2048
2048
2048
2048
2048
2048
2048
2048
2048
2048
2048
2048
2048
2048
2048
2048
2048
2048
2048
2048
2048
2048
2048
2048
2048
2048
2048
2048
2048
2048
1024
1024
1024
1024
1024
1024
1024
1024
1024
1024
1024
1024
1024
1024
1024
1024
1024
1024
1024
1024
1024
1024
1024
1024
1024
1024
1024
1024
1024
1024
1024
1024
1024
1024
1024
1024
1024
1024
1024
1024
1024
1024
1024
1024
1024
1024
1024
1024
1024
1024
1024
1024
1024
1024
1024
1024
1024
1024
1024
1024
1024
1024
1024
1024
1024
1024
1024
1024
1024
1024
1024
1024
1024
1024
1024
1024
1024
1024
1024
1024
1024
1024
1024
1024
1024
1024
1024
1024
1024
1024
1024
1024
1024
1024
1024
1024
1024
1024
1024
1024
1024
1024
1024
1024
1024
1024
1024
1024
1024
1024
1024
1024
1024
1024
1024
1024
1024
1024
1024
1024
1024
1035
1045
1056
1067
1077
1088
1099
1109
1120
1131
1141
1152
1163
1173
1184
1195
1205
1216
1227
1237
1248
1259
1269
1280
1291
1301
1312
1323
1333
1344
1355
1365
1376
1387
1397
1408
1419
1429
1440
1451
1461
1472
1483
1493
1504
1515
1525
1536
1547
1557
1568
1579
1589
1600
1611
1621
1632
1643
1653
1664
1675
1685
1696
1707
1717
1728
1739
1749
1760
1771
1781
1792
1803
1813
1824
1835
1845
1856
1867
1877
1888
1899
1909
1920
1931
1941
1952
1963
1973
1984
1995
2005
2016
2027
2037
2048
2048
2048
2048
2048
2048
2048
2048
2048
2048
2048
2048
2048
2048
2048
2048
2048
2048
2048
2048
2048
2048
2048
2048
2048
2048
2048
2048
2048
2048
2048
2048
2048
2048
2048
2048
2048
2048
2048
2048
1024
1024
1024
1024
1024
1024
1024
1024
1024
1024
1024
1024
1024
1024
1024
1024
1024
1024
1024
1024
1024
1024
1024
1024
1024
1024
1024
1024
1024
1024
1024
1024
1024
1024
1024
1024
1024
1024
1024
1024
1024
1024
1024
1024
1024
1024
1024
1024
1024
1024
1024
1024
1024
1024
1024
1024
1024
1024
1024
1024
1024
1024
1024
1024
1024
1024
1024
1024
1024
1024
1024
1024
1024
1024
1024
1024
1024
1024
1024
1024
1024
1024
1024
1024
1024
1024
1024
1024
1024
1024
1024
1024
1024
1024
1024
1024
1024
1024
1024
1024
1024
1024
1024
1024
1024
1024
1024
1024
1024
1024
1024
1024
1024
1024
1024
1024
1024
1024
1024
1024
1024
1029
1040
1051
1061
1072
1082
1093
1104
1114
1125
1136
1146
1157
1167
1178
1189
1199
1210
1221
1231
1242
1252
1263
1274
1284
1295
1305
1316
1327
1337
1348
1359
1369
1380
1390
1401
1412
1422
1433
1444
1454
1465
1475
1486
1497
1507
1518
1529
1539
1550
1560
1571
1582
1592
1603
1614
1624
1635
1645
1656
1667
1677
1688
1699
1709
1720
1730
1741
1752
1762
1773
1784
1794
1805
1815
1826
1837
1847
1858
1868
1879
1890
1900
1911
1922
1932
1943
1953
1964
1975
1985
1996
2007
2017
2028
2038
2048
2048
2048
2048
2048
2048
2048
2048
2048
2048
2048
2048
2048
2048
2048
2048
2048
2048
2048
2048
2048
2048
2048
2048
2048
2048
2048
2048
2048
2048
2048
2048
2048
2048
2048
2048
2048
2048
2048
1024
1024
1024
1024
1024
1024
1024
1024
1024
1024
1024
1024
1024
1024
1024
1024
1024
1024
1024
1024
1024
1024
1024
1024
1024
1024
1024
1024
1024
1024
1024
1024
1024
1024
1024
1024
1024
1024
1024
1024
1024
1024
1024
1024
1024
1024
1024
1024
1024
1024
1024
1024
1024
1024
1024
1024
1024
1024
1024
1024
1024
1024
1024
1024
1024
1024
1024
1024
1024
1024
1024
1024
1024
1024
1024
1024
1024
1024
1024
1024
1024
1024
1024
1024
1024
1024
1024
1024
1024
1024
1024
1024
1024
1024
1024
1024
1024
1024
1024
1024
1024
1024
1024
1024
1024
1024
1024
1024
1024
1024
1024
1024
1024
1024
1024
1024
1024
1024
1024
1024
1024
1024
1035
1045
1056
1066
1077
1087
1098
1109
1119
1130
1140
1151
1162
1172
1183
1193
1204
1214
1225
1236
1246
1257
1267
1278
1288
1299
1310
1320
1331
1341
1352
1363
1373
1384
1394
1405
1415
1426
1437
1447
1458
1468
1479
1489
1500
1511
1521
1532
1542
1553
1564
1574
1585
1595
1606
1616
1627
1638
1648
1659
1669
1680
1690
1701
1712
1722
1733
1743
1754
1764
1775
1786
1796
1807
1817
1828
1839
1849
1860
1870
1881
1891
1902
1913
1923
1934
1944
1955
1965
1976
1987
1997
2008
2018
2029
2040
2048
2048
2048
2048
2048
2048
2048
2048
2048
2048
2048
2048
2048
2048
2048
2048
2048
2048
2048
2048
2048
2048
2048
2048
2048
2048
2048
2048
2048
2048
2048
2048
2048
2048
2048
2048
2048
2048
1024
1024
1024
1024
1024
1024
1024
1024
1024
1024
1024
1024
1024
1024
1024
1024
1024
1024
1024
1024
1024
1024
1024
1024
1024
1024
1024
1024
1024
1024
1024
1024
1024
1024
1024
1024
1024
1024
1024
1024
1024
1024
1024
1024
1024
1024
1024
1024
1024
1024
1024
1024
1024
1024
1024
1024
1024
1024
1024
1024
1024
1024
1024
1024
1024
1024
1024
1024
1024
1024
1024
1024
1024
1024
1024
1024
1024
1024
1024
1024
1024
1024
1024
1024
1024
1024
1024
1024
1024
1024
1024
1024
1024
1024
1024
1024
1024
1024
1024
1024
1024
1024
1024
1024
1024
1024
1024
1024
1024
1024
1024
1024
1024
1024
1024
1024
1024
1024
1024
1024
1024
1024
1029
1040
1050
1061
1071
1082
1092
1103
1114
1124
1135
1145
1156
1166
1177
1187
1198
1208
1219
1229
1240
1251
1261
1272
1282
1293
1303
1314
1324
1335
1345
1356
1366
1377
1387
1398
1409
1419
1430
1440
1451
1461
1472
1482
1493
1503
1514
1524
1535
1545
1556
1567
1577
1588
1598
1609
1619
1630
1640
1651
1661
1672
1682
1693
1704
1714
1725
1735
1746
1756
1767
1777
1788
1798
1809
1819
1830
1840
1851
1862
1872
1883
1893
1904
1914
1925
1935
1946
1956
1967
1977
1988
1998
2009
2020
2030
2041
2048
2048
2048
2048
2048
2048
2048
2048
2048
2048
2048
2048
2048
2048
2048
2048
2048
2048
2048
2048
2048
2048
2048
2048
2048
2048
2048
2048
2048
2048
2048
2048
2048
2048
2048
2048
2048
1024
1024
1024
1024
1024
1024
1024
1024
1024
1024
1024
1024
1024
1024
1024
1024
1024
1024
1024
1024
1024
1024
1024
1024
1024
1024
1024
1024
1024
1024
1024
1024
1024
1024
1024
1024
1024
1024
1024
1024
1024
1024
1024
1024
1024
1024
1024
1024
1024
1024
1024
1024
1024
1024
1024
1024
1024
1024
1024
1024
1024
1024
1024
1024
1024
1024
1024
1024
1024
1024
1024
1024
1024
1024
1024
1024
1024
1024
1024
1024
1024
1024
1024
1024
1024
1024
1024
1024
1024
1024
1024
1024
1024
1024
1024
1024
1024
1024
1024
1024
1024
1024
1024
1024
1024
1024
1024
1024
1024
1024
1024
1024
1024
1024
1024
1024
1024
1024
1024
1024
1024
1024
1024
1034
1045
1055
1066
1076
1087
1097
1108
1118
1129
1139
1150
1160
1171
1181
1192
1202
1213
1223
1234
1244
1255
1265
1276
1286
1297
1307
1318
1328
1339
1349
1360
1370
1381
1391
1402
1412
1423
1433
1444
1454
1465
1475
1486
1496
1507
1517
1528
1538
1549
1559
1570
1580
1591
1601
1612
1622
1633
1643
1654
1664
1674
1685
1695
1706
1716
1727
1737
1748
1758
1769
1779
1790
1800
1811
1821
1832
1842
1853
1863
1874
1884
1895
1905
1916
1926
1937
1947
1958
1968
1979
1989
2000
2010
2021
2031
2042
2048
2048
2048
2048
2048
2048
2048
2048
2048
2048
2048
2048
2048
2048
2048
2048
2048
2048
2048
2048
2048
2048
2048
2048
2048
2048
2048
2048
2048
2048
2048
2048
2048
2048
2048
2048
1024
1024
1024
1024
1024
1024
1024
1024
1024
1024
1024
1024
1024
1024
1024
1024
1024
1024
1024
1024
1024
1024
1024
1024
1024
1024
1024
1024
1024
1024
1024
1024
1024
1024
1024
1024
1024
1024
1024
1024
1024
1024
1024
1024
1024
1024
1024
1024
1024
1024
1024
1024
1024
1024
1024
1024
1024
1024
1024
1024
1024
1024
1024
1024
1024
1024
1024
1024
1024
1024
1024
1024
1024
1024
1024
1024
1024
1024
1024
1024
1024
1024
1024
1024
1024
1024
1024
1024
1024
1024
1024
1024
1024
1024
1024
1024
1024
1024
1024
1024
1024
1024
1024
1024
1024
1024
1024
1024
1024
1024
1024
1024
1024
1024
1024
1024
1024
1024
1024
1024
1024
1024
1024
1029
1040
1050
1061
1071
1081
1092
1102
1113
1123
1134
1144
1155
1165
1176
1186
1196
1207
1217
1228
1238
1249
1259
1270
1280
1290
1301
1311
1322
1332
1343
1353
1364
1374
1384
1395
1405
1416
1426
1437
1447
1458
1468
1479
1489
1499
1510
1520
1531
1541
1552
1562
1573
1583
1593
1604
1614
1625
1635
1646
1656
1667
1677
1688
1698
1708
1719
1729
1740
1750
1761
1771
1782
1792
1802
1813
1823
1834
1844
1855
1865
1876
1886
1896
1907
1917
1928
1938
1949
1959
1970
1980
1991
2001
2011
2022
2032
2043
2048
2048
2048
2048
2048
2048
2048
2048
2048
2048
2048
2048
2048
2048
2048
2048
2048
2048
2048
2048
2048
2048
2048
2048
2048
2048
2048
2048
2048
2048
2048
2048
2048
2048
2048
1024
1024
1024
1024
1024
1024
1024
1024
1024
1024
1024
1024
1024
1024
1024
1024
1024
1024
1024
1024
1024
1024
1024
1024
1024
1024
1024
1024
1024
1024
1024
1024
1024
1024
1024
1024
1024
1024
1024
1024
1024
1024
1024
1024
1024
1024
1024
1024
1024
1024
1024
1024
1024
1024
1024
1024
1024
1024
1024
1024
1024
1024
1024
1024
1024
1024
1024
1024
1024
1024
1024
1024
1024
1024
1024
1024
1024
1024
1024
1024
1024
1024
1024
1024
1024
1024
1024
1024
1024
1024
1024
1024
1024
1024
1024
1024
1024
1024
1024
1024
1024
1024
1024
1024
1024
1024
1024
1024
1024
1024
1024
1024
1024
1024
1024
1024
1024
1024
1024
1024
1024
1024
1024
1024
1034
1045
1055
1066
1076
1086
1097
1107
1118
1128
1138
1149
1159
1170
1180
1191
1201
1211
1222
1232
1243
1253
1263
1274
1284
1295
1305
1315
1326
1336
1347
1357
1367
1378
1388
1399
1409
1419
1430
1440
1451
1461
1471
1482
1492
1503
1513
1524
1534
1544
1555
1565
1576
1586
1596
1607
1617
1628
1638
1648
1659
1669
1680
1690
1700
1711
1721
1732
1742
1752
1763
1773
1784
1794
1804
1815
1825
1836
1846
1857
1867
1877
1888
1898
1909
1919
1929
1940
1950
1961
1971
1981
1992
2002
2013
2023
2033
2044
2048
2048
2048
2048
2048
2048
2048
2048
2048
2048
2048
2048
2048
2048
2048
2048
2048
2048
2048
2048
2048
2048
2048
2048
2048
2048
2048
2048
2048
2048
2048
2048
2048
2048
1024
1024
1024
1024
1024
1024
1024
1024
1024
1024
1024
1024
1024
1024
1024
1024
1024
1024
1024
1024
1024
1024
1024
1024
1024
1024
1024
1024
1024
1024
1024
1024
1024
1024
1024
1024
1024
1024
1024
1024
1024
1024
1024
1024
1024
1024
1024
1024
1024
1024
1024
1024
1024
1024
1024
1024
1024
1024
1024
1024
1024
1024
1024
1024
1024
1024
1024
1024
1024
1024
1024
1024
1024
1024
1024
1024
1024
1024
1024
1024
1024
1024
1024
1024
1024
1024
1024
1024
1024
1024
1024
1024
1024
1024
1024
1024
1024
1024
1024
1024
1024
1024
1024
1024
1024
1024
1024
1024
1024
1024
1024
1024
1024
1024
1024
1024
1024
1024
1024
1024
1024
1024
1024
1024
1029
1040
1050
1060
1071
1081
1091
1102
1112
1122
1133
1143
1154
1164
1174
1185
1195
1205
1216
1226
1236
1247
1257
1268
1278
1288
1299
1309
1319
1330
1340
1350
1361
1371
1382
1392
1402
1413
1423
1433
1444
1454
1464
1475
1485
1496
1506
1516
1527
1537
1547
1558
1568
1578
1589
1599
1610
1620
1630
1641
1651
1661
1672
1682
1693
1703
1713
1724
1734
1744
1755
1765
1775
1786
1796
1807
1817
1827
1838
1848
1858
1869
1879
1889
1900
1910
1921
1931
1941
1952
1962
1972
1983
1993
2003
2014
2024
2035
2045
2048
2048
2048
2048
2048
2048
2048
2048
2048
2048
2048
2048
2048
2048
2048
2048
2048
2048
2048
2048
2048
2048
2048
2048
2048
2048
2048
2048
2048
2048
2048
2048
2048
1024
1024
1024
1024
1024
1024
1024
1024
1024
1024
1024
1024
1024
1024
1024
1024
1024
1024
1024
1024
1024
1024
1024
1024
1024
1024
1024
1024
1024
1024
1024
1024
1024
1024
1024
1024
1024
1024
1024
1024
1024
1024
1024
1024
1024
1024
1024
1024
1024
1024
1024
1024
1024
1024
1024
1024
1024
1024
1024
1024
1024
1024
1024
1024
1024
1024
1024
1024
1024
1024
1024
1024
1024
1024
1024
1024
1024
1024
1024
1024
1024
1024
1024
1024
1024
1024
1024
1024
1024
1024
1024
1024
1024
1024
1024
1024
1024
1024
1024
1024
1024
1024
1024
1024
1024
1024
1024
1024
1024
1024
1024
1024
1024
1024
1024
1024
1024
1024
1024
1024
1024
1024
1024
1024
1024
1034
1045
1055
1065
1076
1086
1096
1107
1117
1127
1138
1148
1158
1169
1179
1189
1199
1210
1220
1230
1241
1251
1261
1272
1282
1292
1303
1313
1323
1334
1344
1354
1365
1375
1385
1396
1406
1416
1427
1437
1447
1458
1468
1478
1489
1499
1509
1519
1530
1540
1550
1561
1571
1581
1592
1602
1612
1623
1633
1643
1654
1664
1674
1685
1695
1705
1716
1726
1736
1747
1757
1767
1778
1788
1798
1809
1819
1829
1839
1850
1860
1870
1881
1891
1901
1912
1922
1932
1943
1953
1963
1974
1984
1994
2005
2015
2025
2036
2046
2048
2048
2048
2048
2048
2048
2048
2048
2048
2048
2048
2048
2048
2048
2048
2048
2048
2048
2048
2048
2048
2048
2048
2048
2048
2048
2048
2048
2048
2048
2048
2048
1024
1024
1024
1024
1024
1024
1024
1024
1024
1024
1024
1024
1024
1024
1024
1024
1024
1024
1024
1024
1024
1024
1024
1024
1024
1024
1024
1024
1024
1024
1024
1024
1024
1024
1024
1024
1024
1024
1024
1024
1024
1024
1024
1024
1024
1024
1024
1024
1024
1024
1024
1024
1024
1024
1024
1024
1024
1024
1024
1024
1024
1024
1024
1024
1024
1024
1024
1024
1024
1024
1024
1024
1024
1024
1024
1024
1024
1024
1024
1024
1024
1024
1024
1024
1024
1024
1024
1024
1024
1024
1024
1024
1024
1024
1024
1024
1024
1024
1024
1024
1024
1024
1024
1024
1024
1024
1024
1024
1024
1024
1024
1024
1024
1024
1024
1024
1024
1024
1024
1024
1024
1024
1024
1024
1024
1029
1039
1050
1060
1070
1081
1091
1101
1111
1122
1132
1142
1153
1163
1173
1183
1194
1204
1214
1224
1235
1245
1255
1266
1276
1286
1296
1307
1317
1327
1338
1348
1358
1368
1379
1389
1399
1410
1420
1430
1440
1451
1461
1471
1482
1492
1502
1512
1523
1533
1543
1553
1564
1574
1584
1595
1605
1615
1625
1636
1646
1656
1667
1677
1687
1697
1708
1718
1728
1739
1749
1759
1769
1780
1790
1800
1811
1821
1831
1841
1852
1862
1872
1882
1893
1903
1913
1924
1934
1944
1954
1965
1975
1985
1996
2006
2016
2026
2037
2047
2048
2048
2048
2048
2048
2048
2048
2048
2048
2048
2048
2048
2048
2048
2048
2048
2048
2048
2048
2048
2048
2048
2048
2048
2048
2048
2048
2048
2048
2048
2048
1024
1024
1024
1024
1024
1024
1024
1024
1024
1024
1024
1024
1024
1024
1024
1024
1024
1024
1024
1024
1024
1024
1024
1024
1024
1024
1024
1024
1024
1024
1024
1024
1024
1024
1024
1024
1024
1024
1024
1024
1024
1024
1024
1024
1024
1024
1024
1024
1024
1024
1024
1024
1024
1024
1024
1024
1024
1024
1024
1024
1024
1024
1024
1024
1024
1024
1024
1024
1024
1024
1024
1024
1024
1024
1024
1024
1024
1024
1024
1024
1024
1024
1024
1024
1024
1024
1024
1024
1024
1024
1024
1024
1024
1024
1024
1024
1024
1024
1024
1024
1024
1024
1024
1024
1024
1024
1024
1024
1024
1024
1024
1024
1024
1024
1024
1024
1024
1024
1024
1024
1024
1024
1024
1024
1024
1024
1034
1044
1055
1065
1075
1085
1096
1106
1116
1126
1137
1147
1157
1167
1178
1188
1198
1208
1219
1229
1239
1249
1260
1270
1280
1290
1300
1311
1321
1331
1341
1352
1362
1372
1382
1393
1403
1413
1423
1434
1444
1454
1464
1475
1485
1495
1505
1516
1526
1536
1546
1556
1567
1577
1587
1597
1608
1618
1628
1638
1649
1659
1669
1679
1690
1700
1710
1720
1731
1741
1751
1761
1772
1782
1792
1802
1812
1823
1833
1843
1853
1864
1874
1884
1894
1905
1915
1925
1935
1946
1956
1966
1976
1987
1997
2007
2017
2028
2038
2048
2048
2048
2048
2048
2048
2048
2048
2048
2048
2048
2048
2048
2048
2048
2048
2048
2048
2048
2048
2048
2048
2048
2048
2048
2048
2048
2048
2048
2048
2048
1024
1024
1024
1024
1024
1024
1024
1024
1024
1024
1024
1024
1024
1024
1024
1024
1024
1024
1024
1024
1024
1024
1024
1024
1024
1024
1024
1024
1024
1024
1024
1024
1024
1024
1024
1024
1024
1024
1024
1024
1024
1024
1024
1024
1024
1024
1024
1024
1024
1024
1024
1024
1024
1024
1024
1024
1024
1024
1024
1024
1024
1024
1024
1024
1024
1024
1024
1024
1024
1024
1024
1024
1024
1024
1024
1024
1024
1024
1024
1024
1024
1024
1024
1024
1024
1024
1024
1024
1024
1024
1024
1024
1024
1024
1024
1024
1024
1024
1024
1024
1024
1024
1024
1024
1024
1024
1024
1024
1024
1024
1024
1024
1024
1024
1024
1024
1024
1024
1024
1024
1024
1024
1024
1024
1024
1024
1029
1039
1049
1060
1070
1080
1090
1100
1111
1121
1131
1141
1151
1162
1172
1182
1192
1202
1213
1223
1233
1243
1253
1264
1274
1284
1294
1304
1315
1325
1335
1345
1355
1366
1376
1386
1396
1406
1417
1427
1437
1447
1457
1468
1478
1488
1498
1508
1519
1529
1539
1549
1559
1570
1580
1590
1600
1610
1621
1631
1641
1651
1661
1672
1682
1692
1702
1712
1723
1733
1743
1753
1763
1774
1784
1794
1804
1814
1825
1835
1845
1855
1865
1876
1886
1896
1906
1916
1927
1937
1947
1957
1967
1978
1988
1998
2008
2018
2029
2039
2048
2048
2048
2048
2048
2048
2048
2048
2048
2048
2048
2048
2048
2048
2048
2048
2048
2048
2048
2048
2048
2048
2048
2048
2048
2048
2048
2048
2048
2048
1024
1024
1024
1024
1024
1024
1024
1024
1024
1024
1024
1024
1024
1024
1024
1024
1024
1024
1024
1024
1024
1024
1024
1024
1024
1024
1024
1024
1024
1024
1024
1024
1024
1024
1024
1024
1024
1024
1024
1024
1024
1024
1024
1024
1024
1024
1024
1024
1024
1024
1024
1024
1024
1024
1024
1024
1024
1024
1024
1024
1024
1024
1024
1024
1024
1024
1024
1024
1024
1024
1024
1024
1024
1024
1024
1024
1024
1024
1024
1024
1024
1024
1024
1024
1024
1024
1024
1024
1024
1024
1024
1024
1024
1024
1024
1024
1024
1024
1024
1024
1024
1024
1024
1024
1024
1024
1024
1024
1024
1024
1024
1024
1024
1024
1024
1024
1024
1024
1024
1024
1024
1024
1024
1024
1024
1024
1024
1034
1044
1054
1065
1075
1085
1095
1105
1115
1126
1136
1146
1156
1166
1176
1187
1197
1207
1217
1227
1237
1247
1258
1268
1278
1288
1298
1308
1319
1329
1339
1349
1359
1369
1380
1390
1400
1410
1420
1430
1441
1451
1461
1471
1481
1491
1501
1512
1522
1532
1542
1552
1562
1573
1583
1593
1603
1613
1623
1634
1644
1654
1664
1674
1684
1694
1705
1715
1725
1735
1745
1755
1766
1776
1786
1796
1806
1816
1827
1837
1847
1857
1867
1877
1887
1898
1908
1918
1928
1938
1948
1959
1969
1979
1989
1999
2009
2020
2030
2040
2048
2048
2048
2048
2048
2048
2048
2048
2048
2048
2048
2048
2048
2048
2048
2048
2048
2048
2048
2048
2048
2048
2048
2048
2048
2048
2048
2048
2048
1024
1024
1024
1024
1024
1024
1024
1024
1024
1024
1024
1024
1024
1024
1024
1024
1024
1024
1024
1024
1024
1024
1024
1024
1024
1024
1024
1024
1024
1024
1024
1024
1024
1024
1024
1024
1024
1024
1024
1024
1024
1024
1024
1024
1024
1024
1024
1024
1024
1024
1024
1024
1024
1024
1024
1024
1024
1024
1024
1024
1024
1024
1024
1024
1024
1024
1024
1024
1024
1024
1024
1024
1024
1024
1024
1024
1024
1024
1024
1024
1024
1024
1024
1024
1024
1024
1024
1024
1024
1024
1024
1024
1024
1024
1024
1024
1024
1024
1024
1024
1024
1024
1024
1024
1024
1024
1024
1024
1024
1024
1024
1024
1024
1024
1024
1024
1024
1024
1024
1024
1024
1024
1024
1024
1024
1024
1024
1029
1039
1049
1059
1070
1080
1090
1100
1110
1120
1130
1140
1150
1161
1171
1181
1191
1201
1211
1221
1231
1242
1252
1262
1272
1282
1292
1302
1312
1322
1333
1343
1353
1363
1373
1383
1393
1403
1414
1424
1434
1444
1454
1464
1474
1484
1495
1505
1515
1525
1535
1545
1555
1565
1575
1586
1596
1606
1616
1626
1636
1646
1656
1667
1677
1687
1697
1707
1717
1727
1737
1747
1758
1768
1778
1788
1798
1808
1818
1828
1839
1849
1859
1869
1879
1889
1899
1909
1919
1930
1940
1950
1960
1970
1980
1990
2000
2011
2021
2031
2041
2048
2048
2048
2048
2048
2048
2048
2048
2048
2048
2048
2048
2048
2048
2048
2048
2048
2048
2048
2048
2048
2048
2048
2048
2048
2048
2048
2048
1024
1024
1024
1024
1024
1024
1024
1024
1024
1024
1024
1024
1024
1024
1024
1024
1024
1024
1024
1024
1024
1024
1024
1024
1024
1024
1024
1024
1024
1024
1024
1024
1024
1024
1024
1024
1024
1024
1024
1024
1024
1024
1024
1024
1024
1024
1024
1024
1024
1024
1024
1024
1024
1024
1024
1024
1024
1024
1024
1024
1024
1024
1024
1024
1024
1024
1024
1024
1024
1024
1024
1024
1024
1024
1024
1024
1024
1024
1024
1024
1024
1024
1024
1024
1024
1024
1024
1024
1024
1024
1024
1024
1024
1024
1024
1024
1024
1024
1024
1024
1024
1024
1024
1024
1024
1024
1024
1024
1024
1024
1024
1024
1024
1024
1024
1024
1024
1024
1024
1024
1024
1024
1024
1024
1024
1024
1024
1024
1034
1044
1054
1064
1074
1084
1095
1105
1115
1125
1135
1145
1155
1165
1175
1185
1195
1205
1215
1226
1236
1246
1256
1266
1276
1286
1296
1306
1316
1326
1336
1347
1357
1367
1377
1387
1397
1407
1417
1427
1437
1447
1457
1467
1478
1488
1498
1508
1518
1528
1538
1548
1558
1568
1578
1588
1598
1609
1619
1629
1639
1649
1659
1669
1679
1689
1699
1709
1719
1730
1740
1750
1760
1770
1780
1790
1800
1810
1820
1830
1840
1850
1861
1871
1881
1891
1901
1911
1921
1931
1941
1951
1961
1971
1981
1992
2002
2012
2022
2032
2042
2048
2048
2048
2048
2048
2048
2048
2048
2048
2048
2048
2048
2048
2048
2048
2048
2048
2048
2048
2048
2048
2048
2048
2048
2048
2048
2048
1024
1024
1024
1024
1024
1024
1024
1024
1024
1024
1024
1024
1024
1024
1024
1024
1024
1024
1024
1024
1024
1024
1024
1024
1024
1024
1024
1024
1024
1024
1024
1024
1024
1024
1024
1024
1024
1024
1024
1024
1024
1024
1024
1024
1024
1024
1024
1024
1024
1024
1024
1024
1024
1024
1024
1024
1024
1024
1024
1024
1024
1024
1024
1024
1024
1024
1024
1024
1024
1024
1024
1024
1024
1024
1024
1024
1024
1024
1024
1024
1024
1024
1024
1024
1024
1024
1024
1024
1024
1024
1024
1024
1024
1024
1024
1024
1024
1024
1024
1024
1024
1024
1024
1024
1024
1024
1024
1024
1024
1024
1024
1024
1024
1024
1024
1024
1024
1024
1024
1024
1024
1024
1024
1024
1024
1024
1024
1024
1029
1039
1049
1059
1069
1079
1089
1099
1109
1119
1129
1139
1149
1160
1170
1180
1190
1200
1210
1220
1230
1240
1250
1260
1270
1280
1290
1300
1310
1320
1330
1340
1350
1360
1370
1380
1390
1400
1411
1421
1431
1441
1451
1461
1471
1481
1491
1501
1511
1521
1531
1541
1551
1561
1571
1581
1591
1601
1611
1621
1631
1641
1651
1661
1672
1682
1692
1702
1712
1722
1732
1742
1752
1762
1772
1782
1792
1802
1812
1822
1832
1842
1852
1862
1872
1882
1892
1902
1912
1923
1933
1943
1953
1963
1973
1983
1993
2003
2013
2023
2033
2043
2048
2048
2048
2048
2048
2048
2048
2048
2048
2048
2048
2048
2048
2048
2048
2048
2048
2048
2048
2048
2048
2048
2048
2048
2048
2048
