0.29999999999999999
0.29999999999999999
0.29999999999999999
0.29999999999999999
0.29999999999999999
0.29999999999999999
0.29999999999999999
0.29999999999999999
0.29999999999999999
0.29999999999999999
0.29999999999999999
0.29999999999999999
0.30337837837837839
0.30675675675675673
0.31013513513513513
0.31351351351351353
0.31689189189189187
0.32027027027027027
0.32364864864864862
0.32702702702702702
0.33040540540540542
0.33378378378378376
0.33716216216216216
0.3405405405405405
0.3439189189189189
0.3472972972972973
0.35067567567567565
0.35405405405405405
0.35743243243243245
0.36081081081081079
0.36418918918918919
0.36756756756756759
0.37094594594594593
0.37432432432432433
0.37770270270270268
0.38108108108108107
0.38445945945945947
0.38783783783783782
0.39121621621621622
0.39459459459459456
0.39797297297297296
0.40135135135135136
0.4047297297297297
0.4081081081081081
0.41148648648648645
0.41486486486486485
0.41824324324324325
0.42162162162162165
0.42499999999999999
0.42837837837837833
0.43175675675675673
0.43513513513513513
0.43851351351351353
0.44189189189189187
0.44527027027027022
0.44864864864864862
0.45202702702702702
0.45540540540540542
0.45878378378378376
0.46216216216216216
0.4655405405405405
0.4689189189189189
0.4722972972972973
0.4756756756756757
0.47905405405405405
0.48243243243243239
0.48581081081081079
0.48918918918918919
0.49256756756756759
0.49594594594594593
0.49932432432432428
0.50270270270270268
0.50608108108108107
0.50945945945945947
0.51283783783783776
0.51621621621621627
0.51959459459459456
0.52297297297297296
0.52635135135135136
0.52972972972972976
0.53310810810810816
0.53648648648648645
0.53986486486486485
0.54324324324324325
0.54662162162162165
0.55000000000000004
0.55337837837837833
0.55675675675675673
0.56013513513513513
0.56351351351351342
0.56689189189189193
0.57027027027027022
0.57364864864864862
0.57702702702702702
0.58040540540540542
0.58378378378378382
0.5871621621621621
0.5905405405405405
0.5939189189189189
0.5972972972972973
0.6006756756756757
0.60405405405405399
0.6074324324324325
0.61081081081081079
0.61418918918918919
0.61756756756756759
0.62094594594594588
0.62432432432432439
0.62770270270270268
0.63108108108108107
0.63445945945945947
0.63783783783783776
0.64121621621621627
0.64459459459459456
0.64797297297297296
0.65135135135135136
0.65472972972972965
0.65810810810810816
0.66148648648648645
0.66486486486486485
0.66824324324324325
0.67162162162162153
0.67500000000000004
0.67837837837837833
0.68175675675675673
0.68513513513513513
0.68851351351351342
0.69189189189189193
0.69527027027027022
0.69864864864864862
0.70202702702702702
0.70540540540540542
0.70878378378378382
0.7121621621621621
0.7155405405405405
0.7189189189189189
0.7222972972972973
0.7256756756756757
0.72905405405405399
0.7324324324324325
0.73581081081081079
0.73918918918918919
0.74256756756756759
0.74594594594594588
0.74932432432432439
0.75270270270270268
0.75608108108108107
0.75945945945945947
0.76283783783783776
0.76621621621621627
0.76959459459459456
0.77297297297297296
0.77635135135135136
0.77972972972972965
0.78310810810810816
0.78648648648648645
0.78986486486486485
0.79324324324324325
0.79662162162162153
0.80000000000000004
0.80000000000000004
0.80000000000000004
0.80000000000000004
0.80000000000000004
0.80000000000000004
0.80000000000000004
0.80000000000000004
0.80000000000000004
0.80000000000000004
0.80000000000000004
0.80000000000000004
0.80000000000000004
0.80000000000000004
0.80000000000000004
0.80000000000000004
0.80000000000000004
0.80000000000000004
0.80000000000000004
0.80000000000000004
0.80000000000000004
0.80000000000000004
0.80000000000000004
0.80000000000000004
0.80000000000000004
0.80000000000000004
0.80000000000000004
0.80000000000000004
0.80000000000000004
0.80000000000000004
0.80000000000000004
0.80000000000000004
0.80000000000000004
0.80000000000000004
0.80000000000000004
0.80000000000000004
0.80000000000000004
0.80000000000000004
0.80000000000000004
0.80000000000000004
0.80000000000000004
0.80000000000000004
0.80000000000000004
0.80000000000000004
0.80000000000000004
0.80000000000000004
0.80000000000000004
0.80000000000000004
0.80000000000000004
0.80000000000000004
0.80000000000000004
0.80000000000000004
0.80000000000000004
0.80000000000000004
0.80000000000000004
0.80000000000000004
0.80000000000000004
0.80000000000000004
0.80000000000000004
0.80000000000000004
0.80000000000000004
0.80000000000000004
0.80000000000000004
0.80000000000000004
0.80000000000000004
0.80000000000000004
0.80000000000000004
0.80000000000000004
0.80000000000000004
0.80000000000000004
0.80000000000000004
0.80000000000000004
0.80000000000000004
0.80000000000000004
0.80000000000000004
0.80000000000000004
0.80000000000000004
0.80000000000000004
0.80000000000000004
0.80000000000000004
0.80000000000000004
0.80000000000000004
0.80000000000000004
0.80000000000000004
0.80000000000000004
0.80000000000000004
0.80000000000000004
0.80000000000000004
0.80000000000000004
0.80000000000000004
0.80000000000000004
0.80000000000000004
0.80000000000000004
0.80000000000000004
0.80000000000000004
0.80000000000000004
0.80000000000000004
0.80000000000000004
0.80000000000000004
0.80000000000000004
0.80000000000000004
0.80000000000000004
0.80000000000000004
0.80000000000000004
0.80000000000000004
0.80000000000000004
0.80000000000000004
0.80000000000000004
0.80000000000000004
0.80000000000000004
0.80000000000000004
0.80000000000000004
0.80000000000000004
0.80000000000000004
0.80000000000000004
0.80000000000000004
0.80000000000000004
0.80000000000000004
0.80000000000000004
0.80000000000000004
0.80000000000000004
0.80000000000000004
0.80000000000000004
0.80000000000000004
0.80000000000000004
0.80000000000000004
0.80000000000000004
0.80000000000000004
0.80000000000000004
0.80000000000000004
0.80000000000000004
0.80000000000000004
0.80000000000000004
0.80000000000000004
0.80000000000000004
0.80000000000000004
0.80000000000000004
0.80000000000000004
0.80000000000000004
0.80000000000000004
0.80000000000000004
0.80000000000000004
0.80000000000000004
0.80000000000000004
0.80000000000000004
0.80000000000000004
0.80000000000000004
0.80000000000000004
0.80000000000000004
0.80000000000000004
0.80000000000000004
0.80000000000000004
0.80000000000000004
0.80000000000000004
0.80000000000000004
0.80000000000000004
0.80000000000000004
0.80000000000000004
0.80000000000000004
0.80000000000000004
0.80000000000000004
0.80000000000000004
0.80000000000000004
0.80000000000000004
0.80000000000000004
0.80000000000000004
0.80000000000000004
0.80000000000000004
0.80000000000000004
0.80000000000000004
0.80000000000000004
0.80000000000000004
0.80000000000000004
0.80000000000000004
0.80000000000000004
0.80000000000000004
0.80000000000000004
0.80000000000000004
0.80000000000000004
0.80000000000000004
0.80000000000000004
0.80000000000000004
0.80000000000000004
0.80000000000000004
0.80000000000000004
0.80000000000000004
0.80000000000000004
0.80000000000000004
0.80000000000000004
0.80000000000000004
0.80000000000000004
0.80000000000000004
0.80000000000000004
0.80000000000000004
0.80000000000000004
0.80000000000000004
0.80000000000000004
0.80000000000000004
0.80000000000000004
0.80000000000000004
0.80000000000000004
0.80000000000000004
0.80000000000000004
0.80000000000000004
0.80000000000000004
0.80000000000000004
0.80000000000000004
0.80000000000000004
0.80000000000000004
0.80000000000000004
0.80000000000000004
0.80000000000000004
0.80000000000000004
0.80000000000000004
0.80000000000000004
0.80000000000000004
0.80000000000000004
0.80000000000000004
0.80000000000000004
0.80000000000000004
0.80000000000000004
0.80000000000000004
0.80000000000000004
0.80000000000000004
0.80000000000000004
0.80000000000000004
0.80000000000000004
0.80000000000000004
0.80000000000000004
0.80000000000000004
0.80000000000000004
0.80000000000000004
0.80000000000000004
0.80000000000000004
0.80000000000000004
0.80000000000000004
0.80000000000000004
0.80000000000000004
0.80000000000000004
0.80000000000000004
0.80000000000000004
0.80000000000000004
0.80000000000000004
0.80000000000000004
0.80000000000000004
0.80000000000000004
0.80000000000000004
0.80000000000000004
0.80000000000000004
0.80000000000000004
0.80000000000000004
0.80000000000000004
0.80000000000000004
0.80000000000000004
0.80000000000000004
0.80000000000000004
0.80000000000000004
0.80000000000000004
0.80000000000000004
0.80000000000000004
0.80000000000000004
0.80000000000000004
0.80000000000000004
0.80000000000000004
0.80000000000000004
0.80000000000000004
0.80000000000000004
0.80000000000000004
0.80000000000000004
0.80000000000000004
0.80000000000000004
0.80000000000000004
0.80000000000000004
0.80000000000000004
0.80000000000000004
0.80000000000000004
0.80000000000000004
0.80000000000000004
0.80000000000000004
0.80000000000000004
0.80000000000000004
0.80000000000000004
0.80000000000000004
0.80000000000000004
0.80000000000000004
0.80000000000000004
0.80000000000000004
0.80000000000000004
0.80000000000000004
0.80000000000000004
0.80000000000000004
0.80000000000000004
0.80000000000000004
0.80000000000000004
0.80000000000000004
0.80000000000000004
0.80000000000000004
0.80000000000000004
0.80000000000000004
0.80000000000000004
0.80000000000000004
0.80000000000000004
0.80000000000000004
0.80000000000000004
0.80000000000000004
0.80000000000000004
0.80000000000000004
0.80000000000000004
0.80000000000000004
0.80000000000000004
0.80000000000000004
0.80000000000000004
0.80000000000000004
0.80000000000000004
0.80000000000000004
0.80000000000000004
0.80000000000000004
0.80000000000000004
0.80000000000000004
0.80000000000000004
0.80000000000000004
0.80000000000000004
0.80000000000000004
0.80000000000000004
0.80000000000000004
0.80000000000000004
0.80000000000000004
0.80000000000000004
0.80000000000000004
0.80000000000000004
0.80000000000000004
0.80000000000000004
0.80000000000000004
0.80000000000000004
0.80000000000000004
0.80000000000000004
0.80000000000000004
0.80000000000000004
0.80000000000000004
0.80000000000000004
0.80000000000000004
0.80000000000000004
0.80000000000000004
0.80000000000000004
0.80000000000000004
0.80000000000000004
0.80000000000000004
0.80000000000000004
0.80000000000000004
0.80000000000000004
0.80000000000000004
0.80000000000000004
0.80000000000000004
0.80000000000000004
0.80000000000000004
0.80000000000000004
0.80000000000000004
0.80000000000000004
0.80000000000000004
0.80000000000000004
0.80000000000000004
0.80000000000000004
0.80000000000000004
0.80000000000000004
0.80000000000000004
0.80000000000000004
0.80000000000000004
0.80000000000000004
0.80000000000000004
0.80000000000000004
0.80000000000000004
0.80000000000000004
0.80000000000000004
0.80000000000000004
0.80000000000000004
0.80000000000000004
0.80000000000000004
0.80000000000000004
0.80000000000000004
0.80000000000000004
0.80000000000000004
0.80000000000000004
0.80000000000000004
0.80000000000000004
0.80000000000000004
0.80000000000000004
0.80000000000000004
0.80000000000000004
0.80000000000000004
0.80000000000000004
0.80000000000000004
0.80000000000000004
0.80000000000000004
0.80000000000000004
0.80000000000000004
0.80000000000000004
0.80000000000000004
0.80000000000000004
0.80000000000000004
0.80000000000000004
0.80000000000000004
0.80000000000000004
0.80000000000000004
0.80000000000000004
0.80000000000000004
0.80000000000000004
0.80000000000000004
0.80000000000000004
0.80000000000000004
0.80000000000000004
0.80000000000000004
0.80000000000000004
0.80000000000000004
0.80000000000000004
0.80000000000000004
0.80000000000000004
0.80000000000000004
0.80000000000000004
0.80000000000000004
0.80000000000000004
0.80000000000000004
0.80000000000000004
0.80000000000000004
0.80000000000000004
0.80000000000000004
0.80000000000000004
0.80000000000000004
0.80000000000000004
0.80000000000000004
0.80000000000000004
0.80000000000000004
0.80000000000000004
0.80000000000000004
0.80000000000000004
0.80000000000000004
0.80000000000000004
0.80000000000000004
0.80000000000000004
0.80000000000000004
0.80000000000000004
0.80000000000000004
0.80000000000000004
0.80000000000000004
0.80000000000000004
0.80000000000000004
0.80000000000000004
0.80000000000000004
0.80000000000000004
0.80000000000000004
0.80000000000000004
0.80000000000000004
0.80000000000000004
0.80000000000000004
0.80000000000000004
0.80000000000000004
0.80000000000000004
0.80000000000000004
0.80000000000000004
0.80000000000000004
0.80000000000000004
0.80000000000000004
0.80000000000000004
0.80000000000000004
0.80000000000000004
0.80000000000000004
0.80000000000000004
0.80000000000000004
0.80000000000000004
0.80000000000000004
0.80000000000000004
0.80000000000000004
0.80000000000000004
0.80000000000000004
0.80000000000000004
0.80000000000000004
0.80000000000000004
0.80000000000000004
0.80000000000000004
0.80000000000000004
0.80000000000000004
0.80000000000000004
0.80000000000000004
0.80000000000000004
0.80000000000000004
0.80000000000000004
0.80000000000000004
0.80000000000000004
0.80000000000000004
0.80000000000000004
0.80000000000000004
0.80000000000000004
0.80000000000000004
0.80000000000000004
0.80000000000000004
0.80000000000000004
0.80000000000000004
0.80000000000000004
0.80000000000000004
0.80000000000000004
0.80000000000000004
0.80000000000000004
0.80000000000000004
0.80000000000000004
0.80000000000000004
0.80000000000000004
0.80000000000000004
0.80000000000000004
0.80000000000000004
0.80000000000000004
0.80000000000000004
0.80000000000000004
0.80000000000000004
0.80000000000000004
0.80000000000000004
0.80000000000000004
0.80000000000000004
0.80000000000000004
0.80000000000000004
0.80000000000000004
0.80000000000000004
0.80000000000000004
0.80000000000000004
0.80000000000000004
0.80000000000000004
0.80000000000000004
0.80000000000000004
0.80000000000000004
0.80000000000000004
0.80000000000000004
0.80000000000000004
0.80000000000000004
0.80000000000000004
0.80000000000000004
0.80000000000000004
0.80000000000000004
0.80000000000000004
0.80000000000000004
0.80000000000000004
0.80000000000000004
0.80000000000000004
0.80000000000000004
0.80000000000000004
0.80000000000000004
0.80000000000000004
0.80000000000000004
0.80000000000000004
0.80000000000000004
0.80000000000000004
0.80000000000000004
0.80000000000000004
0.80000000000000004
0.80000000000000004
0.80000000000000004
0.80000000000000004
0.80000000000000004
0.80000000000000004
0.80000000000000004
0.80000000000000004
0.80000000000000004
0.80000000000000004
0.80000000000000004
0.80000000000000004
0.80000000000000004
0.80000000000000004
0.80000000000000004
0.80000000000000004
0.80000000000000004
0.80000000000000004
0.80000000000000004
0.80000000000000004
0.80000000000000004
0.80000000000000004
0.80000000000000004
0.80000000000000004
0.80000000000000004
0.80000000000000004
0.80000000000000004
0.80000000000000004
0.80000000000000004
0.80000000000000004
0.80000000000000004
0.80000000000000004
0.80000000000000004
0.80000000000000004
0.80000000000000004
0.80000000000000004
0.80000000000000004
0.80000000000000004
0.80000000000000004
0.80000000000000004
0.80000000000000004
0.80000000000000004
0.80000000000000004
0.80000000000000004
0.80000000000000004
0.80000000000000004
0.80000000000000004
0.80000000000000004
0.80000000000000004
0.80000000000000004
0.80000000000000004
0.80000000000000004
0.80000000000000004
0.80000000000000004
0.80000000000000004
0.80000000000000004
0.80000000000000004
0.80000000000000004
0.80000000000000004
0.80000000000000004
0.80000000000000004
0.80000000000000004
0.80000000000000004
0.80000000000000004
0.80000000000000004
0.80000000000000004
0.80000000000000004
0.80000000000000004
0.80000000000000004
0.80000000000000004
0.80000000000000004
0.80000000000000004
0.80000000000000004
0.80000000000000004
0.80000000000000004
0.80000000000000004
0.80000000000000004
0.80000000000000004
0.80000000000000004
0.80000000000000004
0.80000000000000004
0.80000000000000004
0.80000000000000004
0.80000000000000004
0.80000000000000004
0.80000000000000004
0.80000000000000004
0.80000000000000004
0.80000000000000004
0.80000000000000004
0.80000000000000004
0.80000000000000004
0.80000000000000004
0.80000000000000004
0.80000000000000004
0.80000000000000004
0.80000000000000004
0.80000000000000004
0.80000000000000004
0.80000000000000004
0.80000000000000004
0.80000000000000004
0.80000000000000004
0.80000000000000004
0.80000000000000004
0.80000000000000004
0.80000000000000004
0.80000000000000004
0.80000000000000004
0.80000000000000004
0.80000000000000004
0.80000000000000004
0.80000000000000004
0.80000000000000004
0.80000000000000004
0.80000000000000004
0.80000000000000004
0.80000000000000004
0.80000000000000004
0.80000000000000004
0.80000000000000004
0.80000000000000004
0.80000000000000004
0.80000000000000004
0.80000000000000004
0.80000000000000004
0.80000000000000004
0.80000000000000004
0.80000000000000004
0.80000000000000004
0.80000000000000004
0.80000000000000004
0.80000000000000004
0.80000000000000004
0.80000000000000004
0.80000000000000004
0.80000000000000004
0.80000000000000004
0.80000000000000004
0.80000000000000004
0.80000000000000004
0.80000000000000004
0.80000000000000004
0.80000000000000004
0.80000000000000004
0.80000000000000004
0.80000000000000004
0.80000000000000004
0.80000000000000004
0.80000000000000004
0.80000000000000004
0.80000000000000004
0.80000000000000004
0.80000000000000004
0.80000000000000004
0.80000000000000004
0.80000000000000004
0.80000000000000004
0.80000000000000004
0.80000000000000004
0.80000000000000004
0.80000000000000004
0.80000000000000004
0.80000000000000004
0.80000000000000004
0.80000000000000004
0.80000000000000004
0.80000000000000004
0.80000000000000004
0.80000000000000004
0.80000000000000004
0.80000000000000004
0.80000000000000004
0.80000000000000004
0.80000000000000004
0.80000000000000004
0.80000000000000004
0.80000000000000004
0.80000000000000004
0.80000000000000004
0.80000000000000004
0.80000000000000004
0.80000000000000004
0.80000000000000004
0.80000000000000004
0.80000000000000004
0.80000000000000004
0.80000000000000004
0.80000000000000004
0.80000000000000004
0.80000000000000004
0.80000000000000004
0.80000000000000004
0.80000000000000004
0.80000000000000004
0.80000000000000004
0.80000000000000004
0.80000000000000004
0.80000000000000004
0.80000000000000004
0.80000000000000004
0.80000000000000004
0.80000000000000004
0.80000000000000004
0.80000000000000004
0.80000000000000004
0.80000000000000004
0.80000000000000004
0.80000000000000004
0.80000000000000004
0.80000000000000004
0.80000000000000004
0.80000000000000004
0.80000000000000004
0.80000000000000004
0.80000000000000004
0.80000000000000004
0.80000000000000004
0.80000000000000004
0.80000000000000004
0.80000000000000004
0.80000000000000004
0.80000000000000004
0.80000000000000004
0.80000000000000004
0.80000000000000004
0.80000000000000004
0.80000000000000004
0.80000000000000004
0.80000000000000004
0.80000000000000004
0.80000000000000004
0.80000000000000004
0.80000000000000004
0.80000000000000004
0.80000000000000004
0.80000000000000004
0.80000000000000004
0.80000000000000004
0.80000000000000004
0.80000000000000004
0.80000000000000004
0.80000000000000004
0.80000000000000004
0.80000000000000004
0.80000000000000004
0.80000000000000004
0.80000000000000004
0.80000000000000004
0.80000000000000004
0.80000000000000004
0.80000000000000004
0.80000000000000004
0.80000000000000004
0.80000000000000004
0.80000000000000004
0.80000000000000004
0.80000000000000004
0.80000000000000004
0.80000000000000004
0.80000000000000004
0.80000000000000004
0.80000000000000004
0.80000000000000004
0.80000000000000004
0.80000000000000004
0.80000000000000004
0.80000000000000004
0.80000000000000004
0.80000000000000004
0.80000000000000004
0.80000000000000004
0.80000000000000004
0.80000000000000004
0.80000000000000004
0.80000000000000004
0.80000000000000004
0.80000000000000004
0.80000000000000004
0.80000000000000004
0.80000000000000004
0.80000000000000004
0.80000000000000004
0.80000000000000004
0.80000000000000004
0.80000000000000004
0.80000000000000004
0.80000000000000004
0.80000000000000004
0.80000000000000004
0.80000000000000004
0.80000000000000004
0.80000000000000004
0.80000000000000004
0.80000000000000004
0.80000000000000004
0.80000000000000004
0.80000000000000004
0.80000000000000004
0.80000000000000004
0.80000000000000004
0.80000000000000004
0.80000000000000004
0.80000000000000004
0.80000000000000004
0.80000000000000004
0.80000000000000004
0.80000000000000004
0.80000000000000004
0.80000000000000004
0.80000000000000004
0.80000000000000004
0.80000000000000004
0.80000000000000004
0.80000000000000004
0.80000000000000004
0.80000000000000004
0.80000000000000004
0.80000000000000004
0.80000000000000004
0.80000000000000004
0.80000000000000004
0.80000000000000004
0.80000000000000004
0.80000000000000004
0.80000000000000004
0.80000000000000004
0.80000000000000004
0.80000000000000004
0.80000000000000004
0.80000000000000004
0.80000000000000004
0.80000000000000004
0.80000000000000004
0.80000000000000004
0.80000000000000004
0.80000000000000004
0.80000000000000004
0.80000000000000004
0.80000000000000004
0.80000000000000004
0.80000000000000004
0.80000000000000004
0.80000000000000004
0.80000000000000004
0.80000000000000004
0.80000000000000004
0.80000000000000004
0.80000000000000004
0.80000000000000004
0.80000000000000004
0.80000000000000004
0.80000000000000004
0.80000000000000004
0.80000000000000004
0.80000000000000004
0.80000000000000004
0.80000000000000004
0.80000000000000004
0.80000000000000004
0.80000000000000004
0.80000000000000004
0.80000000000000004
0.80000000000000004
0.80000000000000004
0.80000000000000004
0.80000000000000004
0.80000000000000004
0.80000000000000004
0.80000000000000004
0.80000000000000004
0.80000000000000004
0.80000000000000004
0.80000000000000004
0.80000000000000004
0.80000000000000004
0.80000000000000004
0.80000000000000004
0.80000000000000004
0.80000000000000004
0.80000000000000004
0.80000000000000004
0.80000000000000004
0.80000000000000004
0.80000000000000004
0.80000000000000004
0.80000000000000004
0.80000000000000004
0.80000000000000004
0.80000000000000004
0.80000000000000004
0.80000000000000004
0.80000000000000004
0.80000000000000004
0.80000000000000004
0.80000000000000004
0.80000000000000004
0.80000000000000004
0.80000000000000004
0.80000000000000004
0.80000000000000004
0.80000000000000004
0.80000000000000004
0.80000000000000004
0.80000000000000004
0.80000000000000004
0.80000000000000004
0.80000000000000004
0.80000000000000004
0.80000000000000004
0.80000000000000004
0.80000000000000004
0.80000000000000004
0.80000000000000004
0.80000000000000004
0.80000000000000004
0.80000000000000004
0.80000000000000004
0.80000000000000004
0.80000000000000004
0.80000000000000004
0.80000000000000004
0.80000000000000004
0.80000000000000004
0.80000000000000004
0.80000000000000004
0.80000000000000004
0.80000000000000004
0.80000000000000004
0.80000000000000004
0.80000000000000004
0.80000000000000004
0.80000000000000004
0.80000000000000004
0.80000000000000004
0.80000000000000004
0.80000000000000004
0.80000000000000004
0.80000000000000004
0.80000000000000004
0.80000000000000004
0.80000000000000004
0.80000000000000004
0.80000000000000004
0.80000000000000004
0.80000000000000004
0.80000000000000004
0.80000000000000004
0.80000000000000004
0.80000000000000004
0.80000000000000004
0.80000000000000004
0.80000000000000004
0.80000000000000004
0.80000000000000004
0.80000000000000004
0.80000000000000004
0.80000000000000004
0.80000000000000004
0.80000000000000004
0.80000000000000004
0.80000000000000004
0.80000000000000004
0.80000000000000004
0.80000000000000004
0.80000000000000004
0.80000000000000004
0.80000000000000004
0.80000000000000004
0.80000000000000004
0.80000000000000004
0.80000000000000004
0.80000000000000004
0.80000000000000004
0.80000000000000004
0.80000000000000004
0.80000000000000004
0.80000000000000004
0.80000000000000004
0.80000000000000004
0.80000000000000004
0.80000000000000004
0.80000000000000004
0.80000000000000004
0.80000000000000004
0.80000000000000004
0.80000000000000004
0.80000000000000004
0.80000000000000004
0.80000000000000004
0.80000000000000004
0.80000000000000004
0.80000000000000004
0.80000000000000004
0.80000000000000004
0.80000000000000004
0.80000000000000004
0.80000000000000004
0.80000000000000004
0.80000000000000004
0.80000000000000004
0.80000000000000004
0.80000000000000004
0.80000000000000004
0.80000000000000004
0.80000000000000004
0.80000000000000004
0.80000000000000004
0.80000000000000004
0.80000000000000004
0.80000000000000004
0.80000000000000004
0.80000000000000004
0.80000000000000004
0.80000000000000004
0.80000000000000004
0.80000000000000004
0.80000000000000004
0.80000000000000004
0.80000000000000004
0.80000000000000004
0.80000000000000004
0.80000000000000004
0.80000000000000004
0.80000000000000004
0.80000000000000004
0.80000000000000004
0.80000000000000004
0.80000000000000004
0.80000000000000004
0.80000000000000004
0.80000000000000004
0.80000000000000004
0.80000000000000004
0.80000000000000004
0.80000000000000004
0.80000000000000004
0.80000000000000004
0.80000000000000004
0.80000000000000004
0.80000000000000004
0.80000000000000004
0.80000000000000004
0.80000000000000004
0.80000000000000004
0.80000000000000004
0.80000000000000004
0.80000000000000004
0.80000000000000004
0.80000000000000004
0.80000000000000004
0.80000000000000004
0.80000000000000004
0.80000000000000004
0.80000000000000004
0.80000000000000004
0.80000000000000004
0.80000000000000004
0.80000000000000004
0.80000000000000004
0.80000000000000004
0.80000000000000004
0.80000000000000004
0.80000000000000004
0.80000000000000004
0.80000000000000004
0.80000000000000004
0.80000000000000004
0.80000000000000004
0.80000000000000004
0.80000000000000004
0.80000000000000004
0.80000000000000004
0.80000000000000004
0.80000000000000004
0.80000000000000004
0.80000000000000004
0.80000000000000004
0.80000000000000004
0.80000000000000004
0.80000000000000004
0.80000000000000004
0.80000000000000004
0.80000000000000004
0.80000000000000004
0.80000000000000004
0.80000000000000004
0.80000000000000004
0.80000000000000004
0.80000000000000004
0.80000000000000004
0.80000000000000004
0.80000000000000004
0.80000000000000004
0.80000000000000004
0.80000000000000004
0.80000000000000004
0.80000000000000004
0.80000000000000004
0.80000000000000004
0.80000000000000004
0.80000000000000004
0.80000000000000004
0.80000000000000004
0.80000000000000004
0.80000000000000004
0.80000000000000004
0.80000000000000004
0.80000000000000004
0.80000000000000004
0.80000000000000004
0.80000000000000004
0.80000000000000004
0.80000000000000004
0.80000000000000004
0.80000000000000004
0.80000000000000004
0.80000000000000004
0.80000000000000004
0.80000000000000004
0.80000000000000004
0.80000000000000004
0.80000000000000004
0.80000000000000004
0.80000000000000004
0.80000000000000004
0.80000000000000004
0.80000000000000004
0.80000000000000004
0.80000000000000004
0.80000000000000004
0.80000000000000004
0.80000000000000004
0.80000000000000004
0.80000000000000004
0.80000000000000004
0.80000000000000004
0.80000000000000004
0.80000000000000004
0.80000000000000004
0.80000000000000004
0.80000000000000004
0.80000000000000004
0.80000000000000004
0.80000000000000004
0.80000000000000004
0.80000000000000004
0.80000000000000004
0.80000000000000004
0.80000000000000004
0.80000000000000004
0.80000000000000004
0.80000000000000004
0.80000000000000004
0.80000000000000004
0.80000000000000004
0.80000000000000004
0.80000000000000004
0.80000000000000004
0.80000000000000004
0.80000000000000004
0.80000000000000004
0.80000000000000004
0.80000000000000004
0.80000000000000004
0.80000000000000004
0.80000000000000004
0.80000000000000004
0.80000000000000004
0.80000000000000004
0.80000000000000004
0.80000000000000004
0.80000000000000004
0.80000000000000004
0.80000000000000004
0.80000000000000004
0.80000000000000004
0.80000000000000004
0.80000000000000004
0.80000000000000004
0.80000000000000004
0.80000000000000004
0.80000000000000004
0.80000000000000004
0.80000000000000004
0.80000000000000004
0.80000000000000004
0.80000000000000004
0.80000000000000004
0.80000000000000004
0.80000000000000004
0.80000000000000004
0.80000000000000004
0.80000000000000004
0.80000000000000004
0.80000000000000004
0.80000000000000004
0.80000000000000004
0.80000000000000004
0.80000000000000004
0.80000000000000004
0.80000000000000004
0.80000000000000004
0.80000000000000004
0.80000000000000004
0.80000000000000004
0.80000000000000004
0.80000000000000004
0.80000000000000004
0.80000000000000004
0.80000000000000004
0.80000000000000004
0.80000000000000004
0.80000000000000004
0.80000000000000004
0.80000000000000004
0.80000000000000004
0.80000000000000004
0.80000000000000004
0.80000000000000004
0.80000000000000004
0.80000000000000004
0.80000000000000004
0.80000000000000004
0.80000000000000004
0.80000000000000004
0.80000000000000004
0.80000000000000004
0.80000000000000004
0.80000000000000004
0.80000000000000004
0.80000000000000004
0.80000000000000004
0.80000000000000004
0.80000000000000004
0.80000000000000004
0.80000000000000004
0.80000000000000004
0.80000000000000004
0.80000000000000004
0.80000000000000004
0.80000000000000004
0.80000000000000004
0.80000000000000004
0.80000000000000004
0.80000000000000004
0.80000000000000004
0.80000000000000004
0.80000000000000004
0.80000000000000004
0.80000000000000004
0.80000000000000004
0.80000000000000004
0.80000000000000004
0.80000000000000004
0.80000000000000004
0.80000000000000004
0.80000000000000004
0.80000000000000004
0.80000000000000004
0.80000000000000004
0.80000000000000004
0.80000000000000004
0.80000000000000004
0.80000000000000004
0.80000000000000004
0.80000000000000004
0.80000000000000004
0.80000000000000004
0.80000000000000004
0.80000000000000004
0.80000000000000004
0.80000000000000004
0.80000000000000004
0.80000000000000004
0.80000000000000004
0.80000000000000004
0.80000000000000004
0.80000000000000004
0.80000000000000004
0.80000000000000004
0.80000000000000004
0.80000000000000004
0.80000000000000004
0.80000000000000004
0.80000000000000004
0.80000000000000004
0.80000000000000004
0.80000000000000004
0.80000000000000004
0.80000000000000004
0.80000000000000004
0.80000000000000004
0.80000000000000004
0.80000000000000004
0.80000000000000004
0.80000000000000004
0.80000000000000004
0.80000000000000004
0.80000000000000004
0.80000000000000004
0.80000000000000004
0.80000000000000004
0.80000000000000004
0.80000000000000004
0.80000000000000004
0.80000000000000004
0.80000000000000004
0.80000000000000004
0.80000000000000004
0.80000000000000004
0.80000000000000004
0.80000000000000004
0.80000000000000004
0.80000000000000004
0.80000000000000004
0.80000000000000004
0.80000000000000004
0.80000000000000004
0.80000000000000004
0.80000000000000004
0.80000000000000004
0.80000000000000004
0.80000000000000004
0.80000000000000004
0.80000000000000004
0.80000000000000004
0.80000000000000004
0.80000000000000004
0.80000000000000004
0.80000000000000004
0.80000000000000004
0.80000000000000004
0.80000000000000004
0.80000000000000004
0.80000000000000004
0.80000000000000004
0.80000000000000004
0.80000000000000004
0.80000000000000004
0.80000000000000004
0.80000000000000004
0.80000000000000004
0.80000000000000004
0.80000000000000004
0.80000000000000004
0.80000000000000004
0.80000000000000004
0.80000000000000004
0.80000000000000004
0.80000000000000004
0.80000000000000004
0.80000000000000004
0.80000000000000004
0.80000000000000004
0.80000000000000004
0.80000000000000004
0.80000000000000004
0.80000000000000004
0.80000000000000004
0.80000000000000004
0.80000000000000004
0.80000000000000004
0.80000000000000004
0.80000000000000004
0.80000000000000004
0.80000000000000004
0.80000000000000004
0.80000000000000004
0.80000000000000004
0.80000000000000004
0.80000000000000004
0.80000000000000004
0.80000000000000004
0.80000000000000004
0.80000000000000004
0.80000000000000004
0.80000000000000004
0.80000000000000004
0.80000000000000004
0.80000000000000004
0.80000000000000004
0.80000000000000004
0.80000000000000004
0.80000000000000004
0.80000000000000004
0.80000000000000004
0.80000000000000004
0.80000000000000004
0.80000000000000004
0.80000000000000004
0.80000000000000004
0.80000000000000004
0.80000000000000004
0.80000000000000004
0.80000000000000004
0.80000000000000004
0.80000000000000004
0.80000000000000004
0.80000000000000004
0.80000000000000004
0.80000000000000004
0.80000000000000004
0.80000000000000004
0.80000000000000004
0.80000000000000004
0.80000000000000004
0.80000000000000004
0.80000000000000004
0.80000000000000004
0.80000000000000004
0.80000000000000004
0.80000000000000004
0.80000000000000004
0.80000000000000004
0.80000000000000004
0.80000000000000004
0.80000000000000004
0.80000000000000004
0.80000000000000004
0.80000000000000004
0.80000000000000004
0.80000000000000004
0.80000000000000004
0.80000000000000004
0.80000000000000004
0.80000000000000004
0.80000000000000004
0.80000000000000004
0.80000000000000004
0.80000000000000004
0.80000000000000004
0.80000000000000004
0.80000000000000004
0.80000000000000004
0.80000000000000004
0.80000000000000004
0.80000000000000004
0.80000000000000004
0.80000000000000004
0.80000000000000004
0.80000000000000004
0.80000000000000004
0.80000000000000004
0.80000000000000004
0.80000000000000004
0.80000000000000004
0.80000000000000004
0.80000000000000004
0.80000000000000004
0.80000000000000004
0.80000000000000004
0.80000000000000004
0.80000000000000004
0.80000000000000004
0.80000000000000004
0.80000000000000004
0.80000000000000004
0.80000000000000004
0.80000000000000004
0.80000000000000004
0.80000000000000004
0.80000000000000004
0.80000000000000004
0.80000000000000004
0.80000000000000004
0.80000000000000004
0.80000000000000004
0.80000000000000004
0.80000000000000004
0.80000000000000004
0.80000000000000004
0.80000000000000004
0.80000000000000004
0.80000000000000004
0.80000000000000004
0.80000000000000004
0.80000000000000004
0.80000000000000004
0.80000000000000004
0.80000000000000004
0.80000000000000004
0.80000000000000004
0.80000000000000004
0.80000000000000004
0.80000000000000004
0.80000000000000004
0.80000000000000004
0.80000000000000004
0.80000000000000004
0.80000000000000004
0.80000000000000004
0.80000000000000004
0.80000000000000004
0.80000000000000004
0.80000000000000004
0.80000000000000004
0.80000000000000004
0.80000000000000004
0.80000000000000004
0.80000000000000004
0.80000000000000004
0.80000000000000004
0.80000000000000004
0.80000000000000004
0.80000000000000004
0.80000000000000004
0.80000000000000004
0.80000000000000004
0.80000000000000004
0.80000000000000004
0.80000000000000004
0.80000000000000004
0.80000000000000004
0.80000000000000004
0.80000000000000004
0.80000000000000004
0.80000000000000004
0.80000000000000004
0.80000000000000004
0.80000000000000004
0.80000000000000004
0.80000000000000004
0.80000000000000004
0.80000000000000004
0.80000000000000004
0.80000000000000004
0.80000000000000004
0.80000000000000004
0.80000000000000004
0.80000000000000004
0.80000000000000004
0.80000000000000004
0.80000000000000004
0.80000000000000004
0.80000000000000004
0.80000000000000004
0.80000000000000004
0.80000000000000004
0.80000000000000004
0.80000000000000004
0.80000000000000004
0.80000000000000004
0.80000000000000004
0.80000000000000004
0.80000000000000004
0.80000000000000004
0.80000000000000004
0.80000000000000004
0.80000000000000004
0.80000000000000004
0.80000000000000004
0.80000000000000004
0.80000000000000004
0.80000000000000004
0.80000000000000004
0.80000000000000004
0.80000000000000004
0.80000000000000004
0.80000000000000004
0.80000000000000004
0.80000000000000004
0.80000000000000004
0.80000000000000004
0.80000000000000004
0.80000000000000004
0.80000000000000004
0.80000000000000004
0.80000000000000004
0.80000000000000004
0.80000000000000004
0.80000000000000004
0.80000000000000004
0.80000000000000004
0.80000000000000004
0.80000000000000004
0.80000000000000004
0.80000000000000004
0.80000000000000004
0.80000000000000004
0.80000000000000004
0.80000000000000004
0.80000000000000004
0.80000000000000004
0.80000000000000004
0.80000000000000004
0.80000000000000004
0.80000000000000004
0.80000000000000004
0.80000000000000004
0.80000000000000004
0.80000000000000004
0.80000000000000004
0.80000000000000004
0.80000000000000004
0.80000000000000004
0.80000000000000004
0.80000000000000004
0.80000000000000004
0.80000000000000004
0.80000000000000004
0.80000000000000004
0.80000000000000004
0.80000000000000004
0.80000000000000004
0.80000000000000004
0.80000000000000004
0.80000000000000004
0.80000000000000004
0.80000000000000004
0.80000000000000004
0.80000000000000004
0.80000000000000004
0.80000000000000004
0.80000000000000004
0.80000000000000004
0.80000000000000004
0.80000000000000004
0.80000000000000004
0.80000000000000004
0.80000000000000004
0.80000000000000004
0.80000000000000004
0.80000000000000004
0.80000000000000004
0.80000000000000004
0.80000000000000004
0.80000000000000004
0.80000000000000004
0.80000000000000004
0.80000000000000004
0.80000000000000004
0.80000000000000004
0.80000000000000004
0.80000000000000004
0.80000000000000004
0.80000000000000004
0.80000000000000004
0.80000000000000004
0.80000000000000004
0.80000000000000004
0.80000000000000004
0.80000000000000004
0.80000000000000004
0.80000000000000004
0.80000000000000004
0.80000000000000004
0.80000000000000004
0.80000000000000004
0.80000000000000004
0.80000000000000004
0.80000000000000004
0.80000000000000004
0.80000000000000004
0.80000000000000004
0.80000000000000004
0.80000000000000004
0.80000000000000004
0.80000000000000004
0.80000000000000004
0.80000000000000004
0.80000000000000004
0.80000000000000004
0.80000000000000004
0.80000000000000004
0.80000000000000004
0.80000000000000004
0.80000000000000004
0.80000000000000004
0.80000000000000004
0.80000000000000004
0.80000000000000004
0.80000000000000004
0.80000000000000004
0.80000000000000004
0.80000000000000004
0.80000000000000004
0.80000000000000004
0.80000000000000004
0.80000000000000004
0.80000000000000004
0.80000000000000004
0.80000000000000004
0.80000000000000004
0.80000000000000004
0.80000000000000004
0.80000000000000004
0.80000000000000004
0.80000000000000004
0.80000000000000004
0.80000000000000004
0.80000000000000004
0.80000000000000004
0.80000000000000004
0.80000000000000004
0.80000000000000004
0.80000000000000004
0.80000000000000004
0.80000000000000004
0.80000000000000004
0.80000000000000004
0.80000000000000004
0.80000000000000004
0.80000000000000004
0.80000000000000004
0.80000000000000004
0.80000000000000004
0.80000000000000004
0.80000000000000004
0.80000000000000004
0.80000000000000004
0.80000000000000004
0.80000000000000004
0.80000000000000004
0.80000000000000004
0.80000000000000004
0.80000000000000004
0.80000000000000004
0.80000000000000004
0.80000000000000004
0.80000000000000004
0.80000000000000004
0.80000000000000004
0.80000000000000004
0.80000000000000004
0.80000000000000004
0.80000000000000004
0.80000000000000004
0.80000000000000004
0.80000000000000004
0.80000000000000004
0.80000000000000004
0.80000000000000004
0.80000000000000004
0.80000000000000004
0.80000000000000004
0.80000000000000004
0.80000000000000004
0.80000000000000004
0.80000000000000004
0.80000000000000004
0.80000000000000004
0.80000000000000004
0.80000000000000004
0.80000000000000004
0.80000000000000004
0.80000000000000004
0.80000000000000004
0.80000000000000004
0.80000000000000004
0.80000000000000004
0.80000000000000004
0.80000000000000004
0.80000000000000004
0.80000000000000004
0.80000000000000004
0.80000000000000004
0.80000000000000004
0.80000000000000004
0.80000000000000004
0.80000000000000004
0.80000000000000004
0.80000000000000004
0.80000000000000004
0.80000000000000004
0.80000000000000004
0.80000000000000004
0.80000000000000004
0.80000000000000004
0.80000000000000004
0.80000000000000004
0.80000000000000004
0.80000000000000004
0.80000000000000004
0.80000000000000004
0.80000000000000004
0.80000000000000004
0.80000000000000004
0.80000000000000004
0.80000000000000004
0.80000000000000004
0.80000000000000004
0.80000000000000004
0.80000000000000004
0.80000000000000004
0.80000000000000004
0.80000000000000004
0.80000000000000004
0.80000000000000004
0.80000000000000004
0.80000000000000004
0.80000000000000004
0.80000000000000004
0.80000000000000004
0.80000000000000004
0.80000000000000004
0.80000000000000004
0.80000000000000004
0.80000000000000004
0.80000000000000004
0.80000000000000004
0.80000000000000004
0.80000000000000004
0.80000000000000004
0.80000000000000004
0.80000000000000004
0.80000000000000004
0.80000000000000004
0.80000000000000004
0.80000000000000004
0.80000000000000004
0.80000000000000004
0.80000000000000004
0.80000000000000004
0.80000000000000004
0.80000000000000004
0.80000000000000004
0.80000000000000004
0.80000000000000004
0.80000000000000004
0.80000000000000004
0.80000000000000004
0.80000000000000004
0.80000000000000004
0.80000000000000004
0.80000000000000004
0.80000000000000004
0.80000000000000004
0.80000000000000004
0.80000000000000004
0.80000000000000004
0.80000000000000004
0.80000000000000004
0.80000000000000004
0.80000000000000004
0.80000000000000004
0.80000000000000004
0.80000000000000004
0.80000000000000004
0.80000000000000004
0.80000000000000004
0.80000000000000004
0.80000000000000004
0.80000000000000004
0.80000000000000004
0.80000000000000004
0.80000000000000004
0.80000000000000004
0.80000000000000004
0.80000000000000004
0.80000000000000004
0.80000000000000004
0.80000000000000004
0.80000000000000004
0.80000000000000004
0.80000000000000004
0.80000000000000004
0.80000000000000004
0.80000000000000004
0.80000000000000004
0.80000000000000004
0.80000000000000004
0.80000000000000004
0.80000000000000004
0.80000000000000004
0.80000000000000004
0.80000000000000004
0.80000000000000004
0.80000000000000004
0.80000000000000004
0.80000000000000004
0.80000000000000004
0.80000000000000004
0.80000000000000004
0.80000000000000004
0.80000000000000004
0.80000000000000004
0.80000000000000004
0.80000000000000004
0.80000000000000004
0.80000000000000004
0.80000000000000004
0.80000000000000004
0.80000000000000004
0.80000000000000004
0.80000000000000004
0.80000000000000004
0.80000000000000004
0.80000000000000004
0.80000000000000004
0.80000000000000004
0.80000000000000004
0.80000000000000004
0.80000000000000004
0.80000000000000004
0.80000000000000004
0.80000000000000004
0.80000000000000004
0.80000000000000004
0.80000000000000004
0.80000000000000004
0.80000000000000004
0.80000000000000004
0.80000000000000004
0.80000000000000004
0.80000000000000004
0.80000000000000004
0.80000000000000004
0.80000000000000004
0.80000000000000004
0.80000000000000004
0.80000000000000004
0.80000000000000004
0.80000000000000004
0.80000000000000004
0.80000000000000004
0.80000000000000004
0.80000000000000004
0.80000000000000004
0.80000000000000004
0.80000000000000004
0.80000000000000004
0.80000000000000004
0.80000000000000004
0.80000000000000004
0.80000000000000004
0.80000000000000004
0.80000000000000004
0.80000000000000004
0.80000000000000004
0.80000000000000004
0.80000000000000004
0.80000000000000004
0.80000000000000004
0.80000000000000004
0.80000000000000004
0.80000000000000004
0.80000000000000004
0.80000000000000004
0.80000000000000004
0.80000000000000004
0.80000000000000004
0.80000000000000004
0.80000000000000004
0.80000000000000004
0.80000000000000004
0.80000000000000004
0.80000000000000004
0.80000000000000004
0.80000000000000004
0.80000000000000004
0.80000000000000004
0.80000000000000004
0.80000000000000004
0.80000000000000004
0.80000000000000004
0.80000000000000004
0.80000000000000004
0.80000000000000004
0.80000000000000004
0.80000000000000004
0.80000000000000004
0.80000000000000004
0.80000000000000004
0.80000000000000004
0.80000000000000004
0.80000000000000004
0.80000000000000004
0.80000000000000004
0.80000000000000004
0.80000000000000004
0.80000000000000004
0.80000000000000004
0.80000000000000004
0.80000000000000004
0.80000000000000004
0.80000000000000004
0.80000000000000004
0.80000000000000004
0.80000000000000004
0.80000000000000004
0.80000000000000004
0.80000000000000004
0.80000000000000004
0.80000000000000004
0.80000000000000004
0.80000000000000004
0.80000000000000004
0.80000000000000004
0.80000000000000004
0.80000000000000004
0.80000000000000004
0.80000000000000004
0.80000000000000004
0.80000000000000004
0.80000000000000004
0.80000000000000004
0.80000000000000004
0.80000000000000004
0.80000000000000004
0.80000000000000004
0.80000000000000004
0.80000000000000004
0.80000000000000004
0.80000000000000004
0.80000000000000004
0.80000000000000004
0.80000000000000004
0.80000000000000004
0.80000000000000004
0.80000000000000004
0.80000000000000004
0.80000000000000004
0.80000000000000004
0.80000000000000004
0.80000000000000004
0.80000000000000004
0.80000000000000004
0.80000000000000004
0.80000000000000004
0.80000000000000004
0.80000000000000004
0.80000000000000004
0.80000000000000004
0.80000000000000004
0.80000000000000004
0.80000000000000004
0.80000000000000004
0.80000000000000004
0.80000000000000004
0.80000000000000004
0.80000000000000004
0.80000000000000004
0.80000000000000004
0.80000000000000004
0.80000000000000004
0.80000000000000004
0.80000000000000004
0.80000000000000004
0.80000000000000004
0.80000000000000004
0.80000000000000004
0.80000000000000004
0.80000000000000004
0.80000000000000004
0.80000000000000004
0.80000000000000004
0.80000000000000004
0.80000000000000004
0.80000000000000004
0.80000000000000004
0.80000000000000004
0.80000000000000004
0.80000000000000004
0.80000000000000004
0.80000000000000004
0.80000000000000004
0.80000000000000004
0.80000000000000004
0.80000000000000004
0.80000000000000004
0.80000000000000004
0.80000000000000004
0.80000000000000004
0.80000000000000004
0.80000000000000004
0.80000000000000004
0.80000000000000004
0.80000000000000004
0.80000000000000004
0.80000000000000004
0.80000000000000004
0.80000000000000004
0.80000000000000004
0.80000000000000004
0.80000000000000004
0.80000000000000004
0.80000000000000004
0.80000000000000004
0.80000000000000004
0.80000000000000004
0.80000000000000004
0.80000000000000004
0.80000000000000004
0.80000000000000004
0.80000000000000004
0.80000000000000004
0.80000000000000004
0.80000000000000004
0.80000000000000004
0.80000000000000004
0.80000000000000004
0.80000000000000004
0.80000000000000004
0.80000000000000004
0.80000000000000004
0.80000000000000004
0.80000000000000004
0.80000000000000004
0.80000000000000004
0.80000000000000004
0.80000000000000004
0.80000000000000004
0.80000000000000004
0.80000000000000004
0.80000000000000004
0.80000000000000004
0.80000000000000004
0.80000000000000004
0.80000000000000004
0.80000000000000004
0.80000000000000004
0.80000000000000004
0.80000000000000004
0.80000000000000004
0.80000000000000004
0.80000000000000004
0.80000000000000004
0.80000000000000004
0.80000000000000004
0.80000000000000004
0.80000000000000004
0.80000000000000004
0.80000000000000004
0.80000000000000004
0.80000000000000004
0.80000000000000004
0.80000000000000004
0.80000000000000004
0.80000000000000004
0.80000000000000004
0.80000000000000004
0.80000000000000004
0.80000000000000004
0.80000000000000004
0.80000000000000004
0.80000000000000004
0.80000000000000004
0.80000000000000004
0.80000000000000004
0.80000000000000004
0.80000000000000004
0.80000000000000004
0.80000000000000004
0.80000000000000004
0.80000000000000004
0.80000000000000004
0.80000000000000004
0.80000000000000004
0.80000000000000004
0.80000000000000004
0.80000000000000004
0.80000000000000004
0.80000000000000004
0.80000000000000004
0.80000000000000004
0.80000000000000004
0.80000000000000004
0.80000000000000004
0.80000000000000004
0.80000000000000004
0.80000000000000004
0.80000000000000004
0.80000000000000004
0.80000000000000004
0.80000000000000004
0.80000000000000004
0.80000000000000004
0.80000000000000004
0.80000000000000004
0.80000000000000004
0.80000000000000004
0.80000000000000004
0.80000000000000004
0.80000000000000004
0.80000000000000004
0.80000000000000004
0.80000000000000004
0.80000000000000004
0.80000000000000004
0.80000000000000004
0.80000000000000004
0.80000000000000004
0.80000000000000004
0.80000000000000004
0.80000000000000004
0.80000000000000004
0.80000000000000004
0.80000000000000004
0.80000000000000004
0.80000000000000004
0.80000000000000004
0.80000000000000004
0.80000000000000004
0.80000000000000004
0.80000000000000004
0.80000000000000004
0.80000000000000004
0.80000000000000004
0.80000000000000004
0.80000000000000004
0.80000000000000004
0.80000000000000004
0.80000000000000004
0.80000000000000004
0.80000000000000004
0.80000000000000004
0.80000000000000004
0.80000000000000004
0.80000000000000004
0.80000000000000004
0.80000000000000004
0.80000000000000004
0.80000000000000004
0.80000000000000004
0.80000000000000004
0.80000000000000004
0.80000000000000004
0.80000000000000004
0.80000000000000004
0.80000000000000004
0.80000000000000004
0.80000000000000004
0.80000000000000004
0.80000000000000004
0.80000000000000004
0.80000000000000004
0.80000000000000004
0.80000000000000004
0.80000000000000004
0.80000000000000004
0.80000000000000004
0.80000000000000004
0.80000000000000004
0.80000000000000004
0.80000000000000004
0.80000000000000004
0.80000000000000004
0.80000000000000004
0.80000000000000004
0.80000000000000004
0.80000000000000004
0.80000000000000004
0.80000000000000004
0.80000000000000004
0.80000000000000004
0.80000000000000004
0.80000000000000004
0.80000000000000004
0.80000000000000004
0.80000000000000004
0.80000000000000004
0.80000000000000004
0.80000000000000004
0.80000000000000004
0.80000000000000004
0.80000000000000004
0.80000000000000004
0.80000000000000004
0.80000000000000004
0.80000000000000004
0.80000000000000004
0.80000000000000004
0.80000000000000004
0.80000000000000004
0.80000000000000004
0.80000000000000004
0.80000000000000004
0.80000000000000004
0.80000000000000004
0.80000000000000004
0.80000000000000004
0.80000000000000004
0.80000000000000004
0.80000000000000004
0.80000000000000004
0.80000000000000004
0.80000000000000004
0.80000000000000004
0.80000000000000004
0.80000000000000004
0.80000000000000004
0.80000000000000004
0.80000000000000004
0.80000000000000004
0.80000000000000004
0.80000000000000004
0.80000000000000004
0.80000000000000004
0.80000000000000004
0.80000000000000004
0.80000000000000004
0.80000000000000004
0.80000000000000004
0.80000000000000004
0.80000000000000004
0.80000000000000004
0.80000000000000004
0.80000000000000004
0.80000000000000004
0.80000000000000004
0.80000000000000004
0.80000000000000004
0.80000000000000004
0.80000000000000004
0.80000000000000004
0.80000000000000004
0.80000000000000004
0.80000000000000004
0.80000000000000004
0.80000000000000004
0.80000000000000004
0.80000000000000004
0.80000000000000004
0.80000000000000004
0.80000000000000004
0.80000000000000004
0.80000000000000004
0.80000000000000004
0.80000000000000004
0.80000000000000004
0.80000000000000004
0.80000000000000004
0.80000000000000004
0.80000000000000004
0.80000000000000004
0.80000000000000004
0.80000000000000004
0.80000000000000004
0.80000000000000004
0.80000000000000004
0.80000000000000004
0.80000000000000004
0.80000000000000004
0.80000000000000004
0.80000000000000004
0.80000000000000004
0.80000000000000004
0.80000000000000004
0.80000000000000004
0.80000000000000004
0.80000000000000004
0.80000000000000004
0.80000000000000004
0.80000000000000004
0.80000000000000004
0.80000000000000004
0.80000000000000004
0.80000000000000004
0.80000000000000004
0.80000000000000004
0.80000000000000004
0.80000000000000004
0.80000000000000004
0.80000000000000004
0.80000000000000004
0.80000000000000004
0.80000000000000004
0.80000000000000004
0.80000000000000004
0.80000000000000004
0.80000000000000004
0.80000000000000004
0.80000000000000004
0.80000000000000004
0.80000000000000004
0.80000000000000004
0.80000000000000004
0.80000000000000004
0.80000000000000004
0.80000000000000004
0.80000000000000004
0.80000000000000004
0.80000000000000004
0.80000000000000004
0.80000000000000004
0.80000000000000004
0.80000000000000004
0.80000000000000004
0.80000000000000004
0.80000000000000004
0.80000000000000004
0.80000000000000004
0.80000000000000004
0.80000000000000004
0.80000000000000004
0.80000000000000004
0.80000000000000004
0.80000000000000004
0.80000000000000004
0.80000000000000004
0.80000000000000004
0.80000000000000004
0.80000000000000004
0.80000000000000004
0.80000000000000004
0.80000000000000004
0.80000000000000004
0.80000000000000004
0.80000000000000004
0.80000000000000004
0.80000000000000004
0.80000000000000004
0.80000000000000004
0.80000000000000004
0.80000000000000004
0.80000000000000004
0.80000000000000004
0.80000000000000004
0.80000000000000004
0.80000000000000004
0.80000000000000004
0.80000000000000004
0.80000000000000004
0.80000000000000004
0.80000000000000004
0.80000000000000004
0.80000000000000004
0.80000000000000004
0.80000000000000004
0.80000000000000004
0.80000000000000004
0.80000000000000004
0.80000000000000004
0.80000000000000004
0.80000000000000004
0.80000000000000004
0.80000000000000004
0.80000000000000004
0.80000000000000004
0.80000000000000004
0.80000000000000004
0.80000000000000004
0.80000000000000004
0.80000000000000004
0.80000000000000004
0.80000000000000004
0.80000000000000004
0.80000000000000004
0.80000000000000004
0.80000000000000004
0.80000000000000004
0.80000000000000004
0.80000000000000004
0.80000000000000004
0.80000000000000004
0.80000000000000004
0.80000000000000004
0.80000000000000004
0.80000000000000004
0.80000000000000004
0.80000000000000004
0.80000000000000004
0.80000000000000004
0.80000000000000004
0.80000000000000004
0.80000000000000004
0.80000000000000004
0.80000000000000004
0.80000000000000004
0.80000000000000004
0.80000000000000004
0.80000000000000004
0.80000000000000004
0.80000000000000004
0.80000000000000004
0.80000000000000004
0.80000000000000004
0.80000000000000004
0.80000000000000004
0.80000000000000004
0.80000000000000004
0.80000000000000004
0.80000000000000004
0.80000000000000004
0.80000000000000004
0.80000000000000004
0.80000000000000004
0.80000000000000004
0.80000000000000004
0.80000000000000004
0.80000000000000004
0.80000000000000004
0.80000000000000004
0.80000000000000004
0.80000000000000004
0.80000000000000004
0.80000000000000004
0.80000000000000004
0.80000000000000004
0.80000000000000004
0.80000000000000004
0.80000000000000004
0.80000000000000004
0.80000000000000004
0.80000000000000004
0.80000000000000004
0.80000000000000004
0.80000000000000004
0.80000000000000004
0.80000000000000004
0.80000000000000004
0.80000000000000004
0.80000000000000004
0.80000000000000004
0.80000000000000004
0.80000000000000004
0.80000000000000004
0.80000000000000004
0.80000000000000004
0.80000000000000004
0.80000000000000004
0.80000000000000004
0.80000000000000004
0.80000000000000004
0.80000000000000004
0.80000000000000004
0.80000000000000004
0.80000000000000004
0.80000000000000004
0.80000000000000004
0.80000000000000004
0.80000000000000004
0.80000000000000004
0.80000000000000004
0.80000000000000004
0.80000000000000004
0.80000000000000004
0.80000000000000004
0.80000000000000004
0.80000000000000004
0.80000000000000004
0.80000000000000004
0.80000000000000004
0.80000000000000004
0.80000000000000004
0.80000000000000004
0.80000000000000004
0.80000000000000004
0.80000000000000004
0.80000000000000004
0.80000000000000004
0.80000000000000004
0.80000000000000004
0.80000000000000004
0.80000000000000004
0.80000000000000004
0.80000000000000004
0.80000000000000004
0.80000000000000004
0.80000000000000004
0.80000000000000004
0.80000000000000004
0.80000000000000004
0.80000000000000004
0.80000000000000004
0.80000000000000004
0.80000000000000004
0.80000000000000004
0.80000000000000004
0.80000000000000004
0.80000000000000004
0.80000000000000004
0.80000000000000004
0.80000000000000004
0.80000000000000004
0.80000000000000004
0.80000000000000004
0.80000000000000004
0.80000000000000004
0.80000000000000004
0.80000000000000004
0.80000000000000004
0.80000000000000004
0.80000000000000004
0.80000000000000004
0.80000000000000004
0.80000000000000004
0.80000000000000004
0.80000000000000004
0.80000000000000004
0.80000000000000004
0.80000000000000004
0.80000000000000004
0.80000000000000004
0.80000000000000004
0.80000000000000004
0.80000000000000004
0.80000000000000004
0.80000000000000004
0.80000000000000004
0.80000000000000004
0.80000000000000004
0.80000000000000004
0.80000000000000004
0.80000000000000004
0.80000000000000004
0.80000000000000004
0.80000000000000004
0.80000000000000004
0.80000000000000004
0.80000000000000004
0.80000000000000004
0.80000000000000004
0.80000000000000004
0.80000000000000004
0.80000000000000004
0.80000000000000004
0.80000000000000004
0.80000000000000004
0.80000000000000004
0.80000000000000004
0.80000000000000004
0.80000000000000004
0.80000000000000004
0.80000000000000004
0.80000000000000004
0.80000000000000004
0.80000000000000004
0.80000000000000004
0.80000000000000004
0.80000000000000004
0.80000000000000004
0.80000000000000004
0.80000000000000004
0.80000000000000004
0.80000000000000004
0.80000000000000004
0.80000000000000004
0.80000000000000004
0.80000000000000004
0.80000000000000004
0.80000000000000004
0.80000000000000004
0.80000000000000004
0.80000000000000004
0.80000000000000004
0.80000000000000004
0.80000000000000004
0.80000000000000004
0.80000000000000004
0.80000000000000004
0.80000000000000004
0.80000000000000004
0.80000000000000004
0.80000000000000004
0.80000000000000004
0.80000000000000004
0.80000000000000004
0.80000000000000004
0.80000000000000004
0.80000000000000004
0.80000000000000004
0.80000000000000004
0.80000000000000004
0.80000000000000004
0.80000000000000004
0.80000000000000004
0.80000000000000004
0.80000000000000004
0.80000000000000004
0.80000000000000004
0.80000000000000004
0.80000000000000004
0.80000000000000004
0.80000000000000004
0.80000000000000004
0.80000000000000004
0.80000000000000004
0.80000000000000004
0.80000000000000004
0.80000000000000004
0.80000000000000004
0.80000000000000004
0.80000000000000004
0.80000000000000004
0.80000000000000004
0.80000000000000004
0.80000000000000004
0.80000000000000004
0.80000000000000004
0.80000000000000004
0.80000000000000004
0.80000000000000004
0.80000000000000004
0.80000000000000004
0.80000000000000004
0.80000000000000004
0.80000000000000004
0.80000000000000004
0.80000000000000004
0.80000000000000004
0.80000000000000004
0.80000000000000004
0.80000000000000004
0.80000000000000004
0.80000000000000004
0.80000000000000004
0.80000000000000004
0.80000000000000004
0.80000000000000004
0.80000000000000004
0.80000000000000004
0.80000000000000004
0.80000000000000004
0.80000000000000004
0.80000000000000004
0.80000000000000004
0.80000000000000004
0.80000000000000004
0.80000000000000004
0.80000000000000004
0.80000000000000004
0.80000000000000004
0.80000000000000004
0.80000000000000004
0.80000000000000004
0.80000000000000004
0.80000000000000004
0.80000000000000004
0.80000000000000004
0.80000000000000004
0.80000000000000004
0.80000000000000004
0.80000000000000004
0.80000000000000004
0.80000000000000004
0.80000000000000004
0.80000000000000004
0.80000000000000004
0.80000000000000004
0.80000000000000004
0.80000000000000004
0.80000000000000004
0.80000000000000004
0.80000000000000004
0.80000000000000004
0.80000000000000004
0.80000000000000004
0.80000000000000004
0.80000000000000004
0.80000000000000004
0.80000000000000004
0.80000000000000004
0.80000000000000004
0.80000000000000004
0.80000000000000004
0.80000000000000004
0.80000000000000004
0.80000000000000004
0.80000000000000004
0.80000000000000004
0.80000000000000004
0.80000000000000004
0.80000000000000004
0.80000000000000004
0.80000000000000004
0.80000000000000004
0.80000000000000004
0.80000000000000004
0.80000000000000004
0.80000000000000004
0.80000000000000004
0.80000000000000004
0.80000000000000004
0.80000000000000004
0.80000000000000004
0.80000000000000004
0.80000000000000004
0.80000000000000004
0.80000000000000004
0.80000000000000004
0.80000000000000004
0.80000000000000004
0.80000000000000004
0.80000000000000004
0.80000000000000004
0.80000000000000004
0.80000000000000004
0.80000000000000004
0.80000000000000004
0.80000000000000004
0.80000000000000004
0.80000000000000004
0.80000000000000004
0.80000000000000004
0.80000000000000004
0.80000000000000004
0.80000000000000004
0.80000000000000004
0.80000000000000004
0.80000000000000004
0.80000000000000004
0.80000000000000004
0.80000000000000004
0.80000000000000004
0.80000000000000004
0.80000000000000004
0.80000000000000004
0.80000000000000004
0.80000000000000004
0.80000000000000004
0.80000000000000004
0.80000000000000004
0.80000000000000004
0.80000000000000004
0.80000000000000004
0.80000000000000004
0.80000000000000004
0.80000000000000004
0.80000000000000004
0.80000000000000004
0.80000000000000004
0.80000000000000004
0.80000000000000004
0.80000000000000004
0.80000000000000004
0.80000000000000004
0.80000000000000004
0.80000000000000004
0.80000000000000004
0.80000000000000004
0.80000000000000004
0.80000000000000004
0.80000000000000004
0.80000000000000004
0.80000000000000004
0.80000000000000004
0.80000000000000004
0.80000000000000004
0.80000000000000004
0.80000000000000004
0.80000000000000004
0.80000000000000004
0.80000000000000004
0.80000000000000004
0.80000000000000004
0.80000000000000004
0.80000000000000004
0.80000000000000004
0.80000000000000004
0.80000000000000004
0.80000000000000004
0.80000000000000004
0.80000000000000004
0.80000000000000004
0.80000000000000004
0.80000000000000004
0.80000000000000004
0.80000000000000004
0.80000000000000004
0.80000000000000004
0.80000000000000004
0.80000000000000004
0.80000000000000004
0.80000000000000004
0.80000000000000004
0.80000000000000004
0.80000000000000004
0.80000000000000004
0.80000000000000004
0.80000000000000004
0.80000000000000004
0.80000000000000004
0.80000000000000004
0.80000000000000004
0.80000000000000004
0.80000000000000004
0.80000000000000004
0.80000000000000004
0.80000000000000004
0.80000000000000004
0.80000000000000004
0.80000000000000004
0.80000000000000004
0.80000000000000004
0.80000000000000004
0.80000000000000004
0.80000000000000004
0.80000000000000004
0.80000000000000004
0.80000000000000004
0.80000000000000004
0.80000000000000004
0.80000000000000004
0.80000000000000004
0.80000000000000004
0.80000000000000004
0.80000000000000004
0.80000000000000004
0.80000000000000004
0.80000000000000004
0.80000000000000004
0.80000000000000004
0.80000000000000004
0.80000000000000004
0.80000000000000004
0.80000000000000004
0.80000000000000004
0.80000000000000004
0.80000000000000004
0.80000000000000004
0.80000000000000004
0.80000000000000004
0.80000000000000004
0.80000000000000004
0.80000000000000004
0.80000000000000004
0.80000000000000004
0.80000000000000004
0.80000000000000004
0.80000000000000004
0.80000000000000004
0.80000000000000004
0.80000000000000004
0.80000000000000004
0.80000000000000004
0.80000000000000004
0.80000000000000004
0.80000000000000004
0.80000000000000004
0.80000000000000004
0.80000000000000004
0.80000000000000004
0.80000000000000004
0.80000000000000004
0.80000000000000004
0.80000000000000004
0.80000000000000004
0.80000000000000004
0.80000000000000004
0.80000000000000004
0.80000000000000004
0.80000000000000004
0.80000000000000004
0.80000000000000004
0.80000000000000004
0.80000000000000004
0.80000000000000004
0.80000000000000004
0.80000000000000004
0.80000000000000004
0.80000000000000004
0.80000000000000004
0.80000000000000004
0.80000000000000004
0.80000000000000004
0.80000000000000004
0.80000000000000004
0.80000000000000004
0.80000000000000004
0.80000000000000004
0.80000000000000004
0.80000000000000004
0.80000000000000004
0.80000000000000004
0.80000000000000004
0.80000000000000004
0.80000000000000004
0.80000000000000004
0.80000000000000004
0.80000000000000004
0.80000000000000004
0.80000000000000004
0.80000000000000004
0.80000000000000004
0.80000000000000004
0.80000000000000004
0.80000000000000004
0.80000000000000004
0.80000000000000004
0.80000000000000004
0.80000000000000004
0.80000000000000004
0.80000000000000004
0.80000000000000004
0.80000000000000004
0.80000000000000004
0.80000000000000004
0.80000000000000004
0.80000000000000004
0.80000000000000004
0.80000000000000004
0.80000000000000004
0.80000000000000004
0.80000000000000004
0.80000000000000004
0.80000000000000004
0.80000000000000004
0.80000000000000004
0.80000000000000004
0.80000000000000004
0.80000000000000004
0.80000000000000004
0.80000000000000004
0.80000000000000004
0.80000000000000004
0.80000000000000004
0.80000000000000004
0.80000000000000004
0.80000000000000004
0.80000000000000004
0.80000000000000004
0.80000000000000004
0.80000000000000004
0.80000000000000004
0.80000000000000004
0.80000000000000004
0.80000000000000004
0.80000000000000004
0.80000000000000004
0.80000000000000004
0.80000000000000004
0.80000000000000004
0.80000000000000004
0.80000000000000004
0.80000000000000004
0.80000000000000004
0.80000000000000004
0.80000000000000004
0.80000000000000004
0.80000000000000004
0.80000000000000004
0.80000000000000004
0.80000000000000004
0.80000000000000004
0.80000000000000004
0.80000000000000004
0.80000000000000004
0.80000000000000004
0.80000000000000004
0.80000000000000004
0.80000000000000004
0.80000000000000004
0.80000000000000004
0.80000000000000004
0.80000000000000004
0.80000000000000004
0.80000000000000004
0.80000000000000004
0.80000000000000004
0.80000000000000004
0.80000000000000004
0.80000000000000004
0.80000000000000004
0.80000000000000004
0.80000000000000004
0.80000000000000004
0.80000000000000004
0.80000000000000004
0.80000000000000004
0.80000000000000004
0.80000000000000004
0.80000000000000004
0.80000000000000004
0.80000000000000004
0.80000000000000004
0.80000000000000004
0.80000000000000004
0.80000000000000004
0.80000000000000004
0.80000000000000004
0.80000000000000004
0.80000000000000004
0.80000000000000004
0.80000000000000004
0.80000000000000004
0.80000000000000004
0.80000000000000004
0.80000000000000004
0.80000000000000004
0.80000000000000004
0.80000000000000004
0.80000000000000004
0.80000000000000004
0.80000000000000004
0.80000000000000004
0.80000000000000004
0.80000000000000004
0.80000000000000004
0.80000000000000004
0.80000000000000004
0.80000000000000004
0.80000000000000004
0.80000000000000004
0.80000000000000004
0.80000000000000004
0.80000000000000004
0.80000000000000004
0.80000000000000004
0.80000000000000004
0.80000000000000004
0.80000000000000004
0.80000000000000004
0.80000000000000004
0.80000000000000004
0.80000000000000004
0.80000000000000004
0.80000000000000004
0.80000000000000004
0.80000000000000004
0.80000000000000004
0.80000000000000004
0.80000000000000004
0.80000000000000004
0.80000000000000004
0.80000000000000004
0.80000000000000004
0.80000000000000004
0.80000000000000004
0.80000000000000004
0.80000000000000004
0.80000000000000004
0.80000000000000004
0.80000000000000004
0.80000000000000004
0.80000000000000004
0.80000000000000004
0.80000000000000004
0.80000000000000004
0.80000000000000004
0.80000000000000004
0.80000000000000004
0.80000000000000004
0.80000000000000004
0.80000000000000004
0.80000000000000004
0.80000000000000004
0.80000000000000004
0.80000000000000004
0.80000000000000004
0.80000000000000004
0.80000000000000004
0.80000000000000004
0.80000000000000004
0.80000000000000004
0.80000000000000004
0.80000000000000004
0.80000000000000004
0.80000000000000004
0.80000000000000004
0.80000000000000004
0.80000000000000004
0.80000000000000004
0.80000000000000004
0.80000000000000004
0.80000000000000004
0.80000000000000004
0.80000000000000004
0.80000000000000004
0.80000000000000004
0.80000000000000004
0.80000000000000004
0.80000000000000004
0.80000000000000004
0.80000000000000004
0.80000000000000004
0.80000000000000004
0.80000000000000004
0.80000000000000004
0.80000000000000004
0.80000000000000004
0.80000000000000004
0.80000000000000004
0.80000000000000004
0.80000000000000004
0.80000000000000004
0.80000000000000004
0.80000000000000004
0.80000000000000004
0.80000000000000004
0.80000000000000004
0.80000000000000004
0.80000000000000004
0.80000000000000004
0.80000000000000004
0.80000000000000004
0.80000000000000004
0.80000000000000004
0.80000000000000004
0.80000000000000004
0.80000000000000004
0.80000000000000004
0.80000000000000004
0.80000000000000004
0.80000000000000004
0.80000000000000004
0.80000000000000004
0.80000000000000004
0.80000000000000004
0.80000000000000004
0.80000000000000004
0.80000000000000004
0.80000000000000004
0.80000000000000004
0.80000000000000004
0.80000000000000004
0.80000000000000004
0.80000000000000004
0.80000000000000004
0.80000000000000004
0.80000000000000004
0.80000000000000004
0.80000000000000004
0.80000000000000004
0.80000000000000004
0.80000000000000004
0.80000000000000004
0.80000000000000004
0.80000000000000004
0.80000000000000004
0.80000000000000004
0.80000000000000004
0.80000000000000004
0.80000000000000004
0.80000000000000004
0.80000000000000004
0.80000000000000004
0.80000000000000004
0.80000000000000004
0.80000000000000004
0.80000000000000004
0.80000000000000004
0.80000000000000004
0.80000000000000004
0.80000000000000004
0.80000000000000004
0.80000000000000004
0.80000000000000004
0.80000000000000004
0.80000000000000004
0.80000000000000004
0.80000000000000004
0.80000000000000004
0.80000000000000004
0.80000000000000004
0.80000000000000004
0.80000000000000004
0.80000000000000004
0.80000000000000004
0.80000000000000004
0.80000000000000004
0.80000000000000004
0.80000000000000004
0.80000000000000004
0.80000000000000004
0.80000000000000004
0.80000000000000004
0.80000000000000004
0.80000000000000004
0.80000000000000004
0.80000000000000004
0.80000000000000004
0.80000000000000004
0.80000000000000004
0.80000000000000004
0.80000000000000004
0.80000000000000004
0.80000000000000004
0.80000000000000004
0.80000000000000004
0.80000000000000004
0.80000000000000004
0.80000000000000004
0.80000000000000004
0.80000000000000004
0.80000000000000004
0.80000000000000004
0.80000000000000004
0.80000000000000004
0.80000000000000004
0.80000000000000004
0.80000000000000004
0.80000000000000004
0.80000000000000004
0.80000000000000004
0.80000000000000004
0.80000000000000004
0.80000000000000004
0.80000000000000004
0.80000000000000004
0.80000000000000004
0.80000000000000004
0.80000000000000004
0.80000000000000004
0.80000000000000004
0.80000000000000004
0.80000000000000004
0.80000000000000004
0.80000000000000004
0.80000000000000004
0.80000000000000004
0.80000000000000004
0.80000000000000004
0.80000000000000004
0.80000000000000004
0.80000000000000004
0.80000000000000004
0.80000000000000004
0.80000000000000004
0.80000000000000004
0.80000000000000004
0.80000000000000004
0.80000000000000004
0.80000000000000004
0.80000000000000004
0.80000000000000004
0.80000000000000004
0.80000000000000004
0.80000000000000004
0.80000000000000004
0.80000000000000004
0.80000000000000004
0.80000000000000004
0.80000000000000004
0.80000000000000004
0.80000000000000004
0.80000000000000004
0.80000000000000004
0.80000000000000004
0.80000000000000004
0.80000000000000004
0.80000000000000004
0.80000000000000004
0.80000000000000004
0.80000000000000004
0.80000000000000004
0.80000000000000004
0.80000000000000004
0.80000000000000004
0.80000000000000004
0.80000000000000004
0.80000000000000004
0.80000000000000004
0.80000000000000004
0.80000000000000004
0.80000000000000004
0.80000000000000004
0.80000000000000004
0.80000000000000004
0.80000000000000004
0.80000000000000004
0.80000000000000004
0.80000000000000004
0.80000000000000004
0.80000000000000004
0.80000000000000004
0.80000000000000004
0.80000000000000004
0.80000000000000004
0.80000000000000004
0.80000000000000004
0.80000000000000004
0.80000000000000004
0.80000000000000004
0.80000000000000004
0.80000000000000004
0.80000000000000004
0.80000000000000004
0.80000000000000004
0.80000000000000004
0.80000000000000004
0.80000000000000004
0.80000000000000004
0.80000000000000004
0.80000000000000004
0.80000000000000004
0.80000000000000004
0.80000000000000004
0.80000000000000004
0.80000000000000004
0.80000000000000004
0.80000000000000004
0.80000000000000004
0.80000000000000004
0.80000000000000004
0.80000000000000004
0.80000000000000004
0.80000000000000004
0.80000000000000004
0.80000000000000004
0.80000000000000004
0.80000000000000004
0.80000000000000004
0.80000000000000004
0.80000000000000004
0.80000000000000004
0.80000000000000004
0.80000000000000004
0.80000000000000004
0.80000000000000004
0.80000000000000004
0.80000000000000004
0.80000000000000004
0.80000000000000004
0.80000000000000004
0.80000000000000004
0.80000000000000004
0.80000000000000004
0.80000000000000004
0.80000000000000004
0.80000000000000004
0.80000000000000004
0.80000000000000004
0.80000000000000004
0.80000000000000004
0.80000000000000004
0.80000000000000004
0.80000000000000004
0.80000000000000004
0.80000000000000004
0.80000000000000004
0.80000000000000004
0.80000000000000004
0.80000000000000004
0.80000000000000004
0.80000000000000004
0.80000000000000004
0.80000000000000004
0.80000000000000004
0.80000000000000004
0.80000000000000004
0.80000000000000004
0.80000000000000004
0.80000000000000004
0.80000000000000004
0.80000000000000004
0.80000000000000004
0.80000000000000004
0.80000000000000004
0.80000000000000004
0.80000000000000004
0.80000000000000004
0.80000000000000004
0.80000000000000004
0.80000000000000004
0.80000000000000004
0.80000000000000004
0.80000000000000004
0.80000000000000004
0.80000000000000004
0.80000000000000004
0.80000000000000004
0.80000000000000004
0.80000000000000004
0.80000000000000004
0.80000000000000004
0.80000000000000004
0.80000000000000004
0.80000000000000004
0.80000000000000004
0.80000000000000004
0.80000000000000004
0.80000000000000004
0.80000000000000004
0.80000000000000004
0.80000000000000004
0.80000000000000004
0.80000000000000004
0.80000000000000004
0.80000000000000004
0.80000000000000004
0.80000000000000004
0.80000000000000004
0.80000000000000004
0.80000000000000004
0.80000000000000004
0.80000000000000004
0.80000000000000004
0.80000000000000004
0.80000000000000004
0.80000000000000004
0.80000000000000004
0.80000000000000004
0.80000000000000004
0.80000000000000004
0.80000000000000004
0.80000000000000004
0.80000000000000004
0.80000000000000004
0.80000000000000004
0.80000000000000004
0.80000000000000004
0.80000000000000004
0.80000000000000004
0.80000000000000004
0.80000000000000004
0.80000000000000004
0.80000000000000004
0.80000000000000004
0.80000000000000004
0.80000000000000004
0.80000000000000004
0.80000000000000004
0.80000000000000004
0.80000000000000004
0.80000000000000004
0.80000000000000004
0.80000000000000004
0.80000000000000004
0.80000000000000004
0.80000000000000004
0.80000000000000004
0.80000000000000004
0.80000000000000004
0.80000000000000004
0.80000000000000004
0.80000000000000004
0.80000000000000004
0.80000000000000004
0.80000000000000004
0.80000000000000004
0.80000000000000004
0.80000000000000004
0.80000000000000004
0.80000000000000004
0.80000000000000004
0.80000000000000004
0.80000000000000004
0.80000000000000004
0.80000000000000004
0.80000000000000004
0.80000000000000004
0.80000000000000004
0.80000000000000004
0.80000000000000004
0.80000000000000004
0.80000000000000004
0.80000000000000004
0.80000000000000004
0.80000000000000004
0.80000000000000004
0.80000000000000004
0.80000000000000004
0.80000000000000004
0.80000000000000004
0.80000000000000004
0.80000000000000004
0.80000000000000004
0.80000000000000004
0.80000000000000004
0.80000000000000004
0.80000000000000004
0.80000000000000004
0.80000000000000004
0.80000000000000004
0.80000000000000004
0.80000000000000004
0.80000000000000004
0.80000000000000004
0.80000000000000004
0.80000000000000004
0.80000000000000004
0.80000000000000004
0.80000000000000004
0.80000000000000004
0.80000000000000004
0.80000000000000004
0.80000000000000004
0.80000000000000004
0.80000000000000004
0.80000000000000004
0.80000000000000004
0.80000000000000004
0.80000000000000004
0.80000000000000004
0.80000000000000004
0.80000000000000004
0.80000000000000004
0.80000000000000004
0.80000000000000004
0.80000000000000004
0.80000000000000004
0.80000000000000004
0.80000000000000004
0.80000000000000004
0.80000000000000004
0.80000000000000004
0.80000000000000004
0.80000000000000004
0.80000000000000004
0.80000000000000004
0.80000000000000004
0.80000000000000004
0.80000000000000004
0.80000000000000004
0.80000000000000004
0.80000000000000004
0.80000000000000004
0.80000000000000004
0.80000000000000004
0.80000000000000004
0.80000000000000004
0.80000000000000004
0.80000000000000004
0.80000000000000004
0.80000000000000004
0.80000000000000004
0.80000000000000004
0.80000000000000004
0.80000000000000004
0.80000000000000004
0.80000000000000004
0.80000000000000004
0.80000000000000004
0.80000000000000004
0.80000000000000004
0.80000000000000004
0.80000000000000004
0.80000000000000004
0.80000000000000004
0.80000000000000004
0.80000000000000004
0.80000000000000004
0.80000000000000004
0.80000000000000004
0.80000000000000004
0.80000000000000004
0.80000000000000004
0.80000000000000004
0.80000000000000004
0.80000000000000004
0.80000000000000004
0.80000000000000004
0.80000000000000004
0.80000000000000004
0.80000000000000004
0.80000000000000004
0.80000000000000004
0.80000000000000004
0.80000000000000004
0.80000000000000004
0.80000000000000004
0.80000000000000004
0.80000000000000004
0.80000000000000004
0.80000000000000004
0.80000000000000004
0.80000000000000004
0.80000000000000004
0.80000000000000004
0.80000000000000004
0.80000000000000004
0.80000000000000004
0.80000000000000004
0.80000000000000004
0.80000000000000004
0.80000000000000004
0.80000000000000004
0.80000000000000004
0.80000000000000004
0.80000000000000004
0.80000000000000004
0.80000000000000004
0.80000000000000004
0.80000000000000004
0.80000000000000004
0.80000000000000004
0.80000000000000004
0.80000000000000004
0.80000000000000004
0.80000000000000004
0.80000000000000004
0.80000000000000004
0.80000000000000004
0.80000000000000004
0.80000000000000004
0.80000000000000004
0.80000000000000004
0.80000000000000004
0.80000000000000004
0.80000000000000004
0.80000000000000004
0.80000000000000004
0.80000000000000004
0.80000000000000004
0.80000000000000004
0.80000000000000004
0.80000000000000004
0.80000000000000004
0.80000000000000004
0.80000000000000004
0.80000000000000004
0.80000000000000004
0.80000000000000004
0.80000000000000004
0.80000000000000004
0.80000000000000004
0.80000000000000004
0.80000000000000004
0.80000000000000004
0.80000000000000004
0.80000000000000004
0.80000000000000004
0.80000000000000004
0.80000000000000004
0.80000000000000004
0.80000000000000004
0.80000000000000004
0.80000000000000004
0.80000000000000004
0.80000000000000004
0.80000000000000004
0.80000000000000004
0.80000000000000004
0.80000000000000004
0.80000000000000004
0.80000000000000004
0.80000000000000004
0.80000000000000004
0.80000000000000004
0.80000000000000004
0.80000000000000004
0.80000000000000004
0.80000000000000004
0.80000000000000004
0.80000000000000004
0.80000000000000004
0.80000000000000004
0.80000000000000004
0.80000000000000004
0.80000000000000004
0.80000000000000004
0.80000000000000004
0.80000000000000004
0.80000000000000004
0.80000000000000004
0.80000000000000004
0.80000000000000004
0.80000000000000004
0.80000000000000004
0.80000000000000004
0.80000000000000004
0.80000000000000004
0.80000000000000004
0.80000000000000004
0.80000000000000004
0.80000000000000004
0.80000000000000004
0.80000000000000004
0.80000000000000004
0.80000000000000004
0.80000000000000004
0.80000000000000004
0.80000000000000004
0.80000000000000004
0.80000000000000004
0.80000000000000004
0.80000000000000004
0.80000000000000004
0.80000000000000004
0.80000000000000004
0.80000000000000004
0.80000000000000004
0.80000000000000004
0.80000000000000004
0.80000000000000004
0.80000000000000004
0.80000000000000004
0.80000000000000004
0.80000000000000004
0.80000000000000004
0.80000000000000004
0.80000000000000004
0.80000000000000004
0.80000000000000004
0.80000000000000004
0.80000000000000004
0.80000000000000004
0.80000000000000004
0.80000000000000004
0.80000000000000004
0.80000000000000004
0.80000000000000004
0.80000000000000004
0.80000000000000004
0.80000000000000004
0.80000000000000004
0.80000000000000004
0.80000000000000004
0.80000000000000004
0.80000000000000004
0.80000000000000004
0.80000000000000004
0.80000000000000004
0.80000000000000004
0.80000000000000004
0.80000000000000004
0.80000000000000004
0.80000000000000004
0.80000000000000004
0.80000000000000004
0.80000000000000004
0.80000000000000004
0.80000000000000004
0.80000000000000004
0.80000000000000004
0.80000000000000004
0.80000000000000004
0.80000000000000004
0.80000000000000004
0.80000000000000004
0.80000000000000004
0.80000000000000004
0.80000000000000004
0.80000000000000004
0.80000000000000004
0.80000000000000004
0.80000000000000004
0.80000000000000004
0.80000000000000004
0.80000000000000004
0.80000000000000004
0.80000000000000004
0.80000000000000004
0.80000000000000004
0.80000000000000004
0.80000000000000004
0.80000000000000004
0.80000000000000004
0.80000000000000004
0.80000000000000004
0.80000000000000004
0.80000000000000004
0.80000000000000004
0.80000000000000004
0.80000000000000004
0.80000000000000004
0.80000000000000004
0.80000000000000004
0.80000000000000004
0.80000000000000004
0.80000000000000004
0.80000000000000004
0.80000000000000004
0.80000000000000004
0.80000000000000004
0.80000000000000004
0.80000000000000004
0.80000000000000004
0.80000000000000004
0.80000000000000004
0.80000000000000004
0.80000000000000004
0.80000000000000004
0.80000000000000004
0.80000000000000004
0.80000000000000004
0.80000000000000004
0.80000000000000004
0.80000000000000004
0.80000000000000004
0.80000000000000004
0.80000000000000004
0.80000000000000004
0.80000000000000004
0.80000000000000004
0.80000000000000004
0.80000000000000004
0.80000000000000004
0.80000000000000004
0.80000000000000004
0.80000000000000004
0.80000000000000004
0.80000000000000004
0.80000000000000004
0.80000000000000004
0.80000000000000004
0.80000000000000004
0.80000000000000004
0.80000000000000004
0.80000000000000004
0.80000000000000004
0.80000000000000004
0.80000000000000004
0.80000000000000004
0.80000000000000004
0.80000000000000004
0.80000000000000004
0.80000000000000004
0.80000000000000004
0.80000000000000004
0.80000000000000004
0.80000000000000004
0.80000000000000004
0.80000000000000004
0.80000000000000004
0.80000000000000004
0.80000000000000004
0.80000000000000004
0.80000000000000004
0.80000000000000004
0.80000000000000004
0.80000000000000004
0.80000000000000004
0.80000000000000004
0.80000000000000004
0.80000000000000004
0.80000000000000004
0.80000000000000004
0.80000000000000004
0.80000000000000004
0.80000000000000004
0.80000000000000004
0.80000000000000004
0.80000000000000004
0.80000000000000004
0.80000000000000004
0.80000000000000004
0.80000000000000004
0.80000000000000004
0.80000000000000004
0.80000000000000004
0.80000000000000004
0.80000000000000004
0.80000000000000004
0.80000000000000004
0.80000000000000004
0.80000000000000004
0.80000000000000004
0.80000000000000004
0.80000000000000004
0.80000000000000004
0.80000000000000004
0.80000000000000004
0.80000000000000004
0.80000000000000004
0.80000000000000004
0.80000000000000004
0.80000000000000004
0.80000000000000004
0.80000000000000004
0.80000000000000004
0.80000000000000004
0.80000000000000004
0.80000000000000004
0.80000000000000004
0.80000000000000004
0.80000000000000004
0.80000000000000004
0.80000000000000004
0.80000000000000004
0.80000000000000004
0.80000000000000004
0.80000000000000004
0.80000000000000004
0.80000000000000004
0.80000000000000004
0.80000000000000004
0.80000000000000004
0.80000000000000004
0.80000000000000004
0.80000000000000004
0.80000000000000004
0.80000000000000004
0.80000000000000004
0.80000000000000004
0.80000000000000004
0.80000000000000004
0.80000000000000004
0.80000000000000004
0.80000000000000004
0.80000000000000004
0.80000000000000004
0.80000000000000004
0.80000000000000004
0.80000000000000004
0.80000000000000004
0.80000000000000004
0.80000000000000004
0.80000000000000004
0.80000000000000004
0.80000000000000004
0.80000000000000004
0.80000000000000004
0.80000000000000004
0.80000000000000004
0.80000000000000004
0.80000000000000004
0.80000000000000004
0.80000000000000004
0.80000000000000004
0.80000000000000004
0.80000000000000004
0.80000000000000004
0.80000000000000004
0.80000000000000004
0.80000000000000004
0.80000000000000004
0.80000000000000004
0.80000000000000004
0.80000000000000004
0.80000000000000004
0.80000000000000004
0.80000000000000004
0.80000000000000004
0.80000000000000004
0.80000000000000004
0.80000000000000004
0.80000000000000004
0.80000000000000004
0.80000000000000004
0.80000000000000004
0.80000000000000004
0.80000000000000004
0.80000000000000004
0.80000000000000004
0.80000000000000004
0.80000000000000004
0.80000000000000004
0.80000000000000004
0.80000000000000004
0.80000000000000004
0.80000000000000004
0.80000000000000004
0.80000000000000004
0.80000000000000004
0.80000000000000004
0.80000000000000004
0.80000000000000004
0.80000000000000004
0.80000000000000004
0.80000000000000004
0.80000000000000004
0.80000000000000004
0.80000000000000004
0.80000000000000004
0.80000000000000004
0.80000000000000004
0.80000000000000004
0.80000000000000004
0.80000000000000004
0.80000000000000004
0.80000000000000004
0.80000000000000004
0.80000000000000004
0.80000000000000004
0.80000000000000004
0.80000000000000004
0.80000000000000004
0.80000000000000004
0.80000000000000004
0.80000000000000004
0.80000000000000004
0.80000000000000004
0.80000000000000004
0.80000000000000004
0.80000000000000004
0.80000000000000004
0.80000000000000004
0.80000000000000004
0.80000000000000004
0.80000000000000004
0.80000000000000004
0.80000000000000004
0.80000000000000004
0.80000000000000004
0.80000000000000004
0.80000000000000004
0.80000000000000004
0.80000000000000004
0.80000000000000004
0.80000000000000004
0.80000000000000004
0.80000000000000004
0.80000000000000004
0.80000000000000004
0.80000000000000004
0.80000000000000004
0.80000000000000004
0.80000000000000004
0.80000000000000004
0.80000000000000004
0.80000000000000004
0.80000000000000004
0.80000000000000004
0.80000000000000004
0.80000000000000004
0.80000000000000004
0.80000000000000004
0.80000000000000004
0.80000000000000004
0.80000000000000004
0.80000000000000004
0.80000000000000004
0.80000000000000004
0.80000000000000004
0.80000000000000004
0.80000000000000004
0.80000000000000004
0.80000000000000004
0.80000000000000004
0.80000000000000004
0.80000000000000004
0.80000000000000004
0.80000000000000004
0.80000000000000004
0.80000000000000004
0.80000000000000004
0.80000000000000004
0.80000000000000004
0.80000000000000004
0.80000000000000004
0.80000000000000004
0.80000000000000004
0.80000000000000004
0.80000000000000004
0.80000000000000004
0.80000000000000004
0.80000000000000004
0.80000000000000004
0.80000000000000004
0.80000000000000004
0.80000000000000004
0.80000000000000004
0.80000000000000004
0.80000000000000004
0.80000000000000004
0.80000000000000004
0.80000000000000004
0.80000000000000004
0.80000000000000004
0.80000000000000004
0.80000000000000004
0.80000000000000004
0.80000000000000004
0.80000000000000004
0.80000000000000004
0.80000000000000004
0.80000000000000004
0.80000000000000004
0.80000000000000004
0.80000000000000004
0.80000000000000004
0.80000000000000004
0.80000000000000004
0.80000000000000004
0.80000000000000004
0.80000000000000004
0.80000000000000004
0.80000000000000004
0.80000000000000004
0.80000000000000004
0.80000000000000004
0.80000000000000004
0.80000000000000004
0.80000000000000004
0.80000000000000004
0.80000000000000004
0.80000000000000004
0.80000000000000004
0.80000000000000004
0.80000000000000004
0.80000000000000004
0.80000000000000004
0.80000000000000004
0.80000000000000004
0.80000000000000004
0.80000000000000004
0.80000000000000004
0.80000000000000004
0.80000000000000004
0.80000000000000004
0.80000000000000004
0.80000000000000004
0.80000000000000004
0.80000000000000004
0.80000000000000004
0.80000000000000004
0.80000000000000004
0.80000000000000004
0.80000000000000004
0.80000000000000004
0.80000000000000004
0.80000000000000004
0.80000000000000004
0.80000000000000004
0.80000000000000004
0.80000000000000004
0.80000000000000004
0.80000000000000004
0.80000000000000004
0.80000000000000004
0.80000000000000004
0.80000000000000004
0.80000000000000004
0.80000000000000004
0.80000000000000004
0.80000000000000004
0.80000000000000004
0.80000000000000004
0.80000000000000004
0.80000000000000004
0.80000000000000004
0.80000000000000004
0.80000000000000004
0.80000000000000004
0.80000000000000004
0.80000000000000004
0.80000000000000004
0.80000000000000004
0.80000000000000004
0.80000000000000004
0.80000000000000004
0.80000000000000004
0.80000000000000004
0.80000000000000004
0.80000000000000004
0.80000000000000004
0.80000000000000004
0.80000000000000004
0.80000000000000004
0.80000000000000004
0.80000000000000004
0.80000000000000004
0.80000000000000004
0.80000000000000004
0.80000000000000004
0.80000000000000004
0.80000000000000004
0.80000000000000004
0.80000000000000004
0.80000000000000004
0.80000000000000004
0.80000000000000004
0.80000000000000004
0.80000000000000004
0.80000000000000004
0.80000000000000004
0.80000000000000004
0.80000000000000004
0.80000000000000004
0.80000000000000004
0.80000000000000004
0.80000000000000004
0.80000000000000004
0.80000000000000004
0.80000000000000004
0.80000000000000004
0.80000000000000004
0.80000000000000004
0.80000000000000004
0.80000000000000004
0.80000000000000004
0.80000000000000004
0.80000000000000004
0.80000000000000004
0.80000000000000004
0.80000000000000004
0.80000000000000004
0.80000000000000004
0.80000000000000004
0.80000000000000004
0.80000000000000004
0.80000000000000004
0.80000000000000004
0.80000000000000004
0.80000000000000004
0.80000000000000004
0.80000000000000004
0.80000000000000004
0.80000000000000004
0.80000000000000004
0.80000000000000004
0.80000000000000004
0.80000000000000004
0.80000000000000004
0.80000000000000004
0.80000000000000004
0.80000000000000004
0.80000000000000004
0.80000000000000004
0.80000000000000004
0.80000000000000004
0.80000000000000004
0.80000000000000004
0.80000000000000004
0.80000000000000004
0.80000000000000004
0.80000000000000004
0.80000000000000004
0.80000000000000004
0.80000000000000004
0.80000000000000004
0.80000000000000004
0.80000000000000004
0.80000000000000004
0.80000000000000004
0.80000000000000004
0.80000000000000004
0.80000000000000004
0.80000000000000004
0.80000000000000004
0.80000000000000004
0.80000000000000004
0.80000000000000004
0.80000000000000004
0.80000000000000004
0.80000000000000004
0.80000000000000004
0.80000000000000004
0.80000000000000004
0.80000000000000004
0.80000000000000004
0.80000000000000004
0.80000000000000004
0.80000000000000004
0.80000000000000004
0.80000000000000004
0.80000000000000004
0.80000000000000004
0.80000000000000004
0.80000000000000004
0.80000000000000004
0.80000000000000004
0.80000000000000004
0.80000000000000004
0.80000000000000004
0.80000000000000004
0.80000000000000004
0.80000000000000004
0.80000000000000004
0.80000000000000004
0.80000000000000004
0.80000000000000004
0.80000000000000004
0.80000000000000004
0.80000000000000004
0.80000000000000004
0.80000000000000004
0.80000000000000004
0.80000000000000004
0.80000000000000004
0.80000000000000004
0.80000000000000004
0.80000000000000004
0.80000000000000004
0.80000000000000004
0.80000000000000004
0.80000000000000004
0.80000000000000004
0.80000000000000004
0.80000000000000004
0.80000000000000004
0.80000000000000004
0.80000000000000004
0.80000000000000004
0.80000000000000004
0.80000000000000004
0.80000000000000004
0.80000000000000004
0.80000000000000004
0.80000000000000004
0.80000000000000004
0.80000000000000004
0.80000000000000004
0.80000000000000004
0.80000000000000004
0.80000000000000004
0.80000000000000004
0.80000000000000004
0.80000000000000004
0.80000000000000004
0.80000000000000004
0.80000000000000004
0.80000000000000004
0.80000000000000004
0.80000000000000004
0.80000000000000004
0.80000000000000004
0.80000000000000004
0.80000000000000004
0.80000000000000004
0.80000000000000004
0.80000000000000004
0.80000000000000004
0.80000000000000004
0.80000000000000004
0.80000000000000004
0.80000000000000004
0.80000000000000004
0.80000000000000004
0.80000000000000004
0.80000000000000004
0.80000000000000004
0.80000000000000004
0.80000000000000004
0.80000000000000004
0.80000000000000004
0.80000000000000004
0.80000000000000004
0.80000000000000004
0.80000000000000004
0.80000000000000004
0.80000000000000004
0.80000000000000004
0.80000000000000004
0.80000000000000004
0.80000000000000004
0.80000000000000004
0.80000000000000004
0.80000000000000004
0.80000000000000004
0.80000000000000004
0.80000000000000004
0.80000000000000004
0.80000000000000004
0.80000000000000004
0.80000000000000004
0.80000000000000004
0.80000000000000004
0.80000000000000004
0.80000000000000004
0.80000000000000004
0.80000000000000004
0.80000000000000004
0.80000000000000004
0.80000000000000004
0.80000000000000004
0.80000000000000004
0.80000000000000004
0.80000000000000004
0.80000000000000004
0.80000000000000004
0.80000000000000004
0.80000000000000004
0.80000000000000004
0.80000000000000004
0.80000000000000004
0.80000000000000004
0.80000000000000004
0.80000000000000004
0.80000000000000004
0.80000000000000004
0.80000000000000004
0.80000000000000004
0.80000000000000004
0.80000000000000004
0.80000000000000004
0.80000000000000004
0.80000000000000004
0.80000000000000004
0.80000000000000004
0.80000000000000004
0.80000000000000004
0.80000000000000004
0.80000000000000004
0.80000000000000004
0.80000000000000004
0.80000000000000004
0.80000000000000004
0.80000000000000004
0.80000000000000004
0.80000000000000004
0.80000000000000004
0.80000000000000004
0.80000000000000004
0.80000000000000004
0.80000000000000004
0.80000000000000004
0.80000000000000004
0.80000000000000004
0.80000000000000004
0.80000000000000004
0.80000000000000004
0.80000000000000004
0.80000000000000004
0.80000000000000004
0.80000000000000004
0.80000000000000004
0.80000000000000004
0.80000000000000004
0.80000000000000004
0.80000000000000004
0.80000000000000004
0.80000000000000004
0.80000000000000004
0.80000000000000004
0.80000000000000004
0.80000000000000004
0.80000000000000004
0.80000000000000004
0.80000000000000004
0.80000000000000004
0.80000000000000004
0.80000000000000004
0.80000000000000004
0.80000000000000004
0.80000000000000004
0.80000000000000004
0.80000000000000004
0.80000000000000004
0.80000000000000004
0.80000000000000004
0.80000000000000004
0.80000000000000004
0.80000000000000004
0.80000000000000004
0.80000000000000004
0.80000000000000004
0.80000000000000004
0.80000000000000004
0.80000000000000004
0.80000000000000004
0.80000000000000004
0.80000000000000004
0.80000000000000004
0.80000000000000004
0.80000000000000004
0.80000000000000004
0.80000000000000004
0.80000000000000004
0.80000000000000004
0.80000000000000004
0.80000000000000004
0.80000000000000004
0.80000000000000004
0.80000000000000004
0.80000000000000004
0.80000000000000004
0.80000000000000004
0.80000000000000004
0.80000000000000004
0.80000000000000004
0.80000000000000004
0.80000000000000004
0.80000000000000004
0.80000000000000004
0.80000000000000004
0.80000000000000004
0.80000000000000004
0.80000000000000004
0.80000000000000004
0.80000000000000004
0.80000000000000004
0.80000000000000004
0.80000000000000004
0.80000000000000004
0.80000000000000004
0.80000000000000004
0.80000000000000004
0.80000000000000004
0.80000000000000004
0.80000000000000004
0.80000000000000004
0.80000000000000004
0.80000000000000004
0.80000000000000004
0.80000000000000004
0.80000000000000004
0.80000000000000004
0.80000000000000004
0.80000000000000004
0.80000000000000004
0.80000000000000004
0.80000000000000004
0.80000000000000004
0.80000000000000004
0.80000000000000004
0.80000000000000004
0.80000000000000004
0.80000000000000004
0.80000000000000004
0.80000000000000004
0.80000000000000004
0.80000000000000004
0.80000000000000004
0.80000000000000004
0.80000000000000004
0.80000000000000004
0.80000000000000004
0.80000000000000004
0.80000000000000004
0.80000000000000004
0.80000000000000004
0.80000000000000004
0.80000000000000004
0.80000000000000004
0.80000000000000004
0.80000000000000004
0.80000000000000004
0.80000000000000004
0.80000000000000004
0.80000000000000004
0.80000000000000004
0.80000000000000004
0.80000000000000004
0.80000000000000004
0.80000000000000004
0.80000000000000004
0.80000000000000004
0.80000000000000004
0.80000000000000004
0.80000000000000004
0.80000000000000004
0.80000000000000004
0.80000000000000004
0.80000000000000004
0.80000000000000004
0.80000000000000004
0.80000000000000004
0.80000000000000004
0.80000000000000004
0.80000000000000004
0.80000000000000004
0.80000000000000004
0.80000000000000004
0.80000000000000004
0.80000000000000004
0.80000000000000004
0.80000000000000004
0.80000000000000004
0.80000000000000004
0.80000000000000004
0.80000000000000004
0.80000000000000004
0.80000000000000004
0.80000000000000004
0.80000000000000004
0.80000000000000004
0.80000000000000004
0.80000000000000004
0.80000000000000004
0.80000000000000004
0.80000000000000004
0.80000000000000004
0.80000000000000004
0.80000000000000004
0.80000000000000004
0.80000000000000004
0.80000000000000004
0.80000000000000004
0.80000000000000004
0.80000000000000004
0.80000000000000004
0.80000000000000004
0.80000000000000004
0.80000000000000004
0.80000000000000004
0.80000000000000004
0.80000000000000004
0.80000000000000004
0.80000000000000004
0.80000000000000004
0.80000000000000004
0.80000000000000004
0.80000000000000004
0.80000000000000004
0.80000000000000004
0.80000000000000004
0.80000000000000004
0.80000000000000004
0.80000000000000004
0.80000000000000004
0.80000000000000004
0.80000000000000004
0.80000000000000004
0.80000000000000004
0.80000000000000004
0.80000000000000004
0.80000000000000004
0.80000000000000004
0.80000000000000004
0.80000000000000004
0.80000000000000004
0.80000000000000004
0.80000000000000004
0.80000000000000004
0.80000000000000004
0.80000000000000004
0.80000000000000004
0.80000000000000004
0.80000000000000004
0.80000000000000004
0.80000000000000004
0.80000000000000004
0.80000000000000004
0.80000000000000004
0.80000000000000004
0.80000000000000004
0.80000000000000004
0.80000000000000004
0.80000000000000004
0.80000000000000004
0.80000000000000004
0.80000000000000004
0.80000000000000004
0.80000000000000004
0.80000000000000004
0.80000000000000004
0.80000000000000004
0.80000000000000004
0.80000000000000004
0.80000000000000004
0.80000000000000004
0.80000000000000004
0.80000000000000004
0.80000000000000004
0.80000000000000004
0.80000000000000004
0.80000000000000004
0.80000000000000004
0.80000000000000004
0.80000000000000004
0.80000000000000004
0.80000000000000004
0.80000000000000004
0.80000000000000004
0.80000000000000004
0.80000000000000004
0.80000000000000004
0.80000000000000004
0.80000000000000004
0.80000000000000004
0.80000000000000004
0.80000000000000004
0.80000000000000004
0.80000000000000004
0.80000000000000004
0.80000000000000004
0.80000000000000004
0.80000000000000004
0.80000000000000004
0.80000000000000004
0.80000000000000004
0.80000000000000004
0.80000000000000004
0.80000000000000004
0.80000000000000004
0.80000000000000004
0.80000000000000004
0.80000000000000004
0.80000000000000004
0.80000000000000004
0.80000000000000004
0.80000000000000004
0.80000000000000004
0.80000000000000004
0.80000000000000004
0.80000000000000004
0.80000000000000004
0.80000000000000004
0.80000000000000004
0.80000000000000004
0.80000000000000004
0.80000000000000004
0.80000000000000004
0.80000000000000004
0.80000000000000004
0.80000000000000004
0.80000000000000004
0.80000000000000004
0.80000000000000004
0.80000000000000004
0.80000000000000004
0.80000000000000004
0.80000000000000004
0.80000000000000004
0.80000000000000004
0.80000000000000004
0.80000000000000004
0.80000000000000004
0.80000000000000004
0.80000000000000004
0.80000000000000004
0.80000000000000004
0.80000000000000004
0.80000000000000004
0.80000000000000004
0.80000000000000004
0.80000000000000004
0.80000000000000004
0.80000000000000004
0.80000000000000004
0.80000000000000004
0.80000000000000004
0.80000000000000004
0.80000000000000004
0.80000000000000004
0.80000000000000004
0.80000000000000004
0.80000000000000004
0.80000000000000004
0.80000000000000004
0.80000000000000004
0.80000000000000004
0.80000000000000004
0.80000000000000004
0.80000000000000004
0.80000000000000004
0.80000000000000004
0.80000000000000004
0.80000000000000004
0.80000000000000004
0.80000000000000004
0.80000000000000004
0.80000000000000004
0.80000000000000004
0.80000000000000004
0.80000000000000004
0.80000000000000004
0.80000000000000004
0.80000000000000004
0.80000000000000004
0.80000000000000004
0.80000000000000004
0.80000000000000004
0.80000000000000004
0.80000000000000004
0.80000000000000004
0.80000000000000004
0.80000000000000004
0.80000000000000004
0.80000000000000004
0.80000000000000004
0.80000000000000004
0.80000000000000004
0.80000000000000004
0.80000000000000004
0.80000000000000004
0.80000000000000004
0.80000000000000004
0.80000000000000004
0.80000000000000004
0.80000000000000004
0.80000000000000004
0.80000000000000004
0.80000000000000004
0.80000000000000004
0.80000000000000004
0.80000000000000004
0.80000000000000004
0.80000000000000004
0.80000000000000004
0.80000000000000004
0.80000000000000004
0.80000000000000004
0.80000000000000004
0.80000000000000004
0.80000000000000004
0.80000000000000004
0.80000000000000004
0.80000000000000004
0.80000000000000004
0.80000000000000004
0.80000000000000004
0.80000000000000004
0.80000000000000004
0.80000000000000004
0.80000000000000004
0.80000000000000004
0.80000000000000004
0.80000000000000004
0.80000000000000004
0.80000000000000004
0.80000000000000004
0.80000000000000004
0.80000000000000004
0.80000000000000004
0.80000000000000004
0.80000000000000004
0.80000000000000004
0.80000000000000004
0.80000000000000004
0.80000000000000004
0.80000000000000004
0.80000000000000004
0.80000000000000004
0.80000000000000004
0.80000000000000004
0.80000000000000004
0.80000000000000004
0.80000000000000004
0.80000000000000004
0.80000000000000004
0.80000000000000004
0.80000000000000004
0.80000000000000004
0.80000000000000004
0.80000000000000004
0.80000000000000004
0.80000000000000004
0.80000000000000004
0.80000000000000004
0.80000000000000004
0.80000000000000004
0.80000000000000004
0.80000000000000004
0.80000000000000004
0.80000000000000004
0.80000000000000004
0.80000000000000004
0.80000000000000004
0.80000000000000004
0.80000000000000004
0.80000000000000004
0.80000000000000004
0.80000000000000004
0.80000000000000004
0.80000000000000004
0.80000000000000004
0.80000000000000004
0.80000000000000004
0.80000000000000004
0.80000000000000004
0.80000000000000004
0.80000000000000004
0.80000000000000004
0.80000000000000004
0.80000000000000004
0.80000000000000004
0.80000000000000004
0.80000000000000004
0.80000000000000004
0.80000000000000004
0.80000000000000004
0.80000000000000004
0.80000000000000004
0.80000000000000004
0.80000000000000004
0.80000000000000004
0.80000000000000004
0.80000000000000004
0.80000000000000004
0.80000000000000004
0.80000000000000004
0.80000000000000004
0.80000000000000004
0.80000000000000004
0.80000000000000004
0.80000000000000004
0.80000000000000004
0.80000000000000004
0.80000000000000004
0.80000000000000004
0.80000000000000004
0.80000000000000004
0.80000000000000004
0.80000000000000004
0.80000000000000004
0.80000000000000004
0.80000000000000004
0.80000000000000004
0.80000000000000004
0.80000000000000004
0.80000000000000004
0.80000000000000004
0.80000000000000004
0.80000000000000004
0.80000000000000004
0.80000000000000004
0.80000000000000004
0.80000000000000004
0.80000000000000004
0.80000000000000004
0.80000000000000004
0.80000000000000004
0.80000000000000004
0.80000000000000004
0.80000000000000004
0.80000000000000004
0.80000000000000004
0.80000000000000004
0.80000000000000004
0.80000000000000004
0.80000000000000004
0.80000000000000004
0.80000000000000004
0.80000000000000004
0.80000000000000004
0.80000000000000004
0.80000000000000004
0.80000000000000004
0.80000000000000004
0.80000000000000004
0.80000000000000004
0.80000000000000004
0.80000000000000004
0.80000000000000004
0.80000000000000004
0.80000000000000004
0.80000000000000004
0.80000000000000004
0.80000000000000004
0.80000000000000004
0.80000000000000004
0.80000000000000004
0.80000000000000004
0.80000000000000004
0.80000000000000004
0.80000000000000004
0.80000000000000004
0.80000000000000004
0.80000000000000004
0.80000000000000004
0.80000000000000004
0.80000000000000004
0.80000000000000004
0.80000000000000004
0.80000000000000004
0.80000000000000004
0.80000000000000004
0.80000000000000004
0.80000000000000004
0.80000000000000004
0.80000000000000004
0.80000000000000004
0.80000000000000004
0.80000000000000004
0.80000000000000004
0.80000000000000004
0.80000000000000004
0.80000000000000004
0.80000000000000004
0.80000000000000004
0.80000000000000004
0.80000000000000004
0.80000000000000004
0.80000000000000004
0.80000000000000004
0.80000000000000004
0.80000000000000004
0.80000000000000004
0.80000000000000004
0.80000000000000004
0.80000000000000004
0.80000000000000004
0.80000000000000004
0.80000000000000004
0.80000000000000004
0.80000000000000004
0.80000000000000004
0.80000000000000004
0.80000000000000004
0.80000000000000004
0.80000000000000004
0.80000000000000004
0.80000000000000004
0.80000000000000004
0.80000000000000004
0.80000000000000004
0.80000000000000004
0.80000000000000004
0.80000000000000004
0.80000000000000004
0.80000000000000004
0.80000000000000004
0.80000000000000004
0.80000000000000004
0.80000000000000004
0.80000000000000004
0.80000000000000004
0.80000000000000004
0.80000000000000004
0.80000000000000004
0.80000000000000004
0.80000000000000004
0.80000000000000004
0.80000000000000004
0.80000000000000004
0.80000000000000004
0.80000000000000004
0.80000000000000004
0.80000000000000004
0.80000000000000004
0.80000000000000004
0.80000000000000004
0.80000000000000004
0.80000000000000004
0.80000000000000004
0.80000000000000004
0.80000000000000004
0.80000000000000004
0.80000000000000004
0.80000000000000004
0.80000000000000004
0.80000000000000004
0.80000000000000004
0.80000000000000004
0.80000000000000004
0.80000000000000004
0.80000000000000004
0.80000000000000004
0.80000000000000004
0.80000000000000004
0.80000000000000004
0.80000000000000004
0.80000000000000004
0.80000000000000004
0.80000000000000004
0.80000000000000004
0.80000000000000004
0.80000000000000004
0.80000000000000004
0.80000000000000004
0.80000000000000004
0.80000000000000004
0.80000000000000004
0.80000000000000004
0.80000000000000004
0.80000000000000004
0.80000000000000004
0.80000000000000004
0.80000000000000004
0.80000000000000004
0.80000000000000004
